study_id,findings_token_count,has_findings,has_impression
1,19,1,1
1_aug_1,24,1,1
1_aug_2,25,1,1
1_aug_3,30,1,1
1_aug_4,25,1,1
1_aug_5,31,1,1
1_aug_6,24,1,1
3,0,0,1
3_aug_1,0,0,1
3_aug_2,0,0,1
3_aug_3,0,0,1
3_aug_4,0,0,1
3_aug_5,0,0,1
3_aug_6,0,0,1
7,12,1,1
7_aug_1,15,1,1
7_aug_2,15,1,1
7_aug_3,20,1,1
7_aug_4,12,1,1
7_aug_5,15,1,1
7_aug_6,12,1,1
8,23,1,1
8_aug_1,25,1,1
8_aug_2,24,1,1
8_aug_3,26,1,1
8_aug_4,25,1,1
8_aug_5,31,1,1
8_aug_6,29,1,1
9,29,1,1
9_aug_1,32,1,1
9_aug_2,32,1,1
9_aug_3,30,1,1
9_aug_4,32,1,1
9_aug_5,31,1,1
9_aug_6,31,1,1
11,17,1,1
11_aug_1,24,1,1
11_aug_2,23,1,1
11_aug_3,22,1,1
11_aug_4,22,1,1
11_aug_5,25,1,1
11_aug_6,24,1,1
13,19,1,1
13_aug_1,21,1,1
13_aug_2,19,1,1
13_aug_3,28,1,1
13_aug_4,29,1,1
13_aug_5,21,1,1
13_aug_6,29,1,1
14,34,1,1
14_aug_1,37,1,1
14_aug_2,39,1,1
14_aug_3,38,1,1
14_aug_4,37,1,1
14_aug_5,39,1,1
14_aug_6,38,1,1
15,21,1,1
15_aug_1,23,1,1
15_aug_2,24,1,1
15_aug_3,27,1,1
15_aug_4,22,1,1
15_aug_5,24,1,1
15_aug_6,22,1,1
18,21,1,1
18_aug_1,23,1,1
18_aug_2,27,1,1
18_aug_3,24,1,1
18_aug_4,23,1,1
18_aug_5,28,1,1
18_aug_6,26,1,1
19,22,1,1
19_aug_1,29,1,1
19_aug_2,30,1,1
19_aug_3,24,1,1
19_aug_4,31,1,1
19_aug_5,24,1,1
19_aug_6,24,1,1
21,0,0,1
21_aug_1,0,0,1
21_aug_2,0,0,1
21_aug_3,0,0,1
21_aug_4,0,0,1
21_aug_5,0,0,1
21_aug_6,0,0,1
23,18,1,1
23_aug_1,20,1,1
23_aug_2,21,1,1
23_aug_3,25,1,1
23_aug_4,19,1,1
23_aug_5,24,1,1
23_aug_6,23,1,1
24,30,1,1
24_aug_1,32,1,1
24_aug_2,32,1,1
24_aug_3,30,1,1
24_aug_4,35,1,1
24_aug_5,32,1,1
24_aug_6,34,1,1
25,34,1,1
25_aug_1,35,1,1
25_aug_2,38,1,1
25_aug_3,37,1,1
25_aug_4,38,1,1
25_aug_5,38,1,1
25_aug_6,38,1,1
26,7,1,1
26_aug_1,8,1,1
26_aug_2,7,1,1
26_aug_3,7,1,1
26_aug_4,10,1,1
26_aug_5,7,1,1
26_aug_6,8,1,1
27,21,1,1
27_aug_1,25,1,1
27_aug_2,25,1,1
27_aug_3,23,1,1
27_aug_4,22,1,1
27_aug_5,23,1,1
27_aug_6,21,1,1
29,0,0,1
29_aug_1,0,0,1
29_aug_2,0,0,1
29_aug_3,0,0,1
29_aug_4,0,0,1
29_aug_5,0,0,1
29_aug_6,0,0,1
30,18,1,1
30_aug_1,21,1,1
30_aug_2,21,1,1
30_aug_3,19,1,1
30_aug_4,19,1,1
30_aug_5,18,1,1
30_aug_6,22,1,1
31,0,0,1
31_aug_1,0,0,1
31_aug_2,0,0,1
31_aug_3,0,0,1
31_aug_4,0,0,1
31_aug_5,0,0,1
31_aug_6,0,0,1
32,13,1,1
32_aug_1,18,1,1
32_aug_2,16,1,1
32_aug_3,13,1,1
32_aug_4,15,1,1
32_aug_5,13,1,1
32_aug_6,13,1,1
33,15,1,1
33_aug_1,15,1,1
33_aug_2,16,1,1
33_aug_3,16,1,1
33_aug_4,17,1,1
33_aug_5,15,1,1
33_aug_6,20,1,1
34,12,1,1
34_aug_1,14,1,1
34_aug_2,14,1,1
34_aug_3,13,1,1
34_aug_4,16,1,1
34_aug_5,12,1,1
34_aug_6,15,1,1
38,14,1,1
38_aug_1,16,1,1
38_aug_2,17,1,1
38_aug_3,18,1,1
38_aug_4,16,1,1
38_aug_5,17,1,1
38_aug_6,18,1,1
40,24,1,1
40_aug_1,30,1,1
40_aug_2,28,1,1
40_aug_3,25,1,1
40_aug_4,26,1,1
40_aug_5,27,1,1
40_aug_6,29,1,1
42,21,1,1
42_aug_1,22,1,1
42_aug_2,27,1,1
42_aug_3,22,1,1
42_aug_4,26,1,1
42_aug_5,25,1,1
42_aug_6,24,1,1
44,17,1,1
44_aug_1,23,1,1
44_aug_2,20,1,1
44_aug_3,19,1,1
44_aug_4,20,1,1
44_aug_5,20,1,1
44_aug_6,20,1,1
45,17,1,1
45_aug_1,21,1,1
45_aug_2,21,1,1
45_aug_3,19,1,1
45_aug_4,19,1,1
45_aug_5,21,1,1
45_aug_6,19,1,1
46,0,0,1
46_aug_1,0,0,1
46_aug_2,0,0,1
46_aug_3,0,0,1
46_aug_4,0,0,1
46_aug_5,0,0,1
46_aug_6,0,0,1
49,40,1,1
49_aug_1,48,1,1
49_aug_2,49,1,1
49_aug_3,48,1,1
49_aug_4,47,1,1
49_aug_5,47,1,1
49_aug_6,43,1,1
50,16,1,1
50_aug_1,19,1,1
50_aug_2,17,1,1
50_aug_3,16,1,1
50_aug_4,16,1,1
50_aug_5,17,1,1
50_aug_6,17,1,1
52,13,1,1
52_aug_1,17,1,1
52_aug_2,16,1,1
52_aug_3,18,1,1
52_aug_4,14,1,1
52_aug_5,14,1,1
52_aug_6,17,1,1
53,20,1,1
53_aug_1,24,1,1
53_aug_2,23,1,1
53_aug_3,24,1,1
53_aug_4,22,1,1
53_aug_5,22,1,1
53_aug_6,27,1,1
54,42,1,1
54_aug_1,43,1,1
54_aug_2,43,1,1
54_aug_3,42,1,1
54_aug_4,46,1,1
54_aug_5,44,1,1
54_aug_6,44,1,1
55,12,1,1
55_aug_1,17,1,1
55_aug_2,14,1,1
55_aug_3,12,1,1
55_aug_4,13,1,1
55_aug_5,12,1,1
55_aug_6,15,1,1
57,31,1,1
57_aug_1,34,1,1
57_aug_2,42,1,1
57_aug_3,36,1,1
57_aug_4,39,1,1
57_aug_5,36,1,1
57_aug_6,34,1,1
58,14,1,1
58_aug_1,14,1,1
58_aug_2,14,1,1
58_aug_3,19,1,1
58_aug_4,16,1,1
58_aug_5,16,1,1
58_aug_6,15,1,1
59,23,1,1
59_aug_1,24,1,1
59_aug_2,25,1,1
59_aug_3,24,1,1
59_aug_4,24,1,1
59_aug_5,25,1,1
59_aug_6,25,1,1
60,39,1,1
60_aug_1,44,1,1
60_aug_2,44,1,1
60_aug_3,44,1,1
60_aug_4,40,1,1
60_aug_5,43,1,1
60_aug_6,40,1,1
62,34,1,1
62_aug_1,37,1,1
62_aug_2,39,1,1
62_aug_3,36,1,1
62_aug_4,35,1,1
62_aug_5,36,1,1
62_aug_6,36,1,1
64,39,1,1
64_aug_1,43,1,1
64_aug_2,42,1,1
64_aug_3,41,1,1
64_aug_4,43,1,1
64_aug_5,44,1,1
64_aug_6,44,1,1
66,24,1,1
66_aug_1,30,1,1
66_aug_2,36,1,1
66_aug_3,29,1,1
66_aug_4,27,1,1
66_aug_5,24,1,1
66_aug_6,32,1,1
68,0,0,1
68_aug_1,0,0,1
68_aug_2,0,0,1
68_aug_3,0,0,1
68_aug_4,0,0,1
68_aug_5,0,0,1
68_aug_6,0,0,1
70,19,1,1
70_aug_1,20,1,1
70_aug_2,19,1,1
70_aug_3,20,1,1
70_aug_4,23,1,1
70_aug_5,22,1,1
70_aug_6,21,1,1
71,13,1,1
71_aug_1,15,1,1
71_aug_2,14,1,1
71_aug_3,15,1,1
71_aug_4,18,1,1
71_aug_5,15,1,1
71_aug_6,17,1,1
72,16,1,1
72_aug_1,19,1,1
72_aug_2,21,1,1
72_aug_3,16,1,1
72_aug_4,18,1,1
72_aug_5,16,1,1
72_aug_6,16,1,1
73,0,0,1
73_aug_1,0,0,1
73_aug_2,0,0,1
73_aug_3,0,0,1
73_aug_4,0,0,1
73_aug_5,0,0,1
73_aug_6,0,0,1
75,29,1,1
75_aug_1,29,1,1
75_aug_2,29,1,1
75_aug_3,29,1,1
75_aug_4,31,1,1
75_aug_5,30,1,1
75_aug_6,29,1,1
78,0,0,1
78_aug_1,0,0,1
78_aug_2,0,0,1
78_aug_3,0,0,1
78_aug_4,0,0,1
78_aug_5,0,0,1
78_aug_6,0,0,1
80,19,1,1
80_aug_1,25,1,1
80_aug_2,23,1,1
80_aug_3,24,1,1
80_aug_4,24,1,1
80_aug_5,25,1,1
80_aug_6,23,1,1
83,0,0,1
83_aug_1,0,0,1
83_aug_2,0,0,1
83_aug_3,0,0,1
83_aug_4,0,0,1
83_aug_5,0,0,1
83_aug_6,0,0,1
84,22,1,1
84_aug_1,23,1,1
84_aug_2,27,1,1
84_aug_3,24,1,1
84_aug_4,26,1,1
84_aug_5,24,1,1
84_aug_6,24,1,1
86,13,1,1
86_aug_1,22,1,1
86_aug_2,20,1,1
86_aug_3,14,1,1
86_aug_4,15,1,1
86_aug_5,18,1,1
86_aug_6,19,1,1
87,16,1,1
87_aug_1,23,1,1
87_aug_2,21,1,1
87_aug_3,20,1,1
87_aug_4,22,1,1
87_aug_5,16,1,1
87_aug_6,20,1,1
89,15,1,1
89_aug_1,17,1,1
89_aug_2,15,1,1
89_aug_3,16,1,1
89_aug_4,16,1,1
89_aug_5,16,1,1
89_aug_6,15,1,1
90,20,1,1
90_aug_1,22,1,1
90_aug_2,22,1,1
90_aug_3,25,1,1
90_aug_4,24,1,1
90_aug_5,26,1,1
90_aug_6,22,1,1
91,25,1,1
91_aug_1,27,1,1
91_aug_2,27,1,1
91_aug_3,28,1,1
91_aug_4,28,1,1
91_aug_5,37,1,1
91_aug_6,25,1,1
92,0,0,1
92_aug_1,0,0,1
92_aug_2,0,0,1
92_aug_3,0,0,1
92_aug_4,0,0,1
92_aug_5,0,0,1
92_aug_6,0,0,1
95,29,1,1
95_aug_1,32,1,1
95_aug_2,32,1,1
95_aug_3,36,1,1
95_aug_4,33,1,1
95_aug_5,34,1,1
95_aug_6,31,1,1
97,7,1,1
97_aug_1,7,1,1
97_aug_2,9,1,1
97_aug_3,8,1,1
97_aug_4,7,1,1
97_aug_5,9,1,1
97_aug_6,12,1,1
98,19,1,1
98_aug_1,19,1,1
98_aug_2,21,1,1
98_aug_3,21,1,1
98_aug_4,21,1,1
98_aug_5,20,1,1
98_aug_6,20,1,1
100,6,1,1
100_aug_1,6,1,1
100_aug_2,9,1,1
100_aug_3,6,1,1
100_aug_4,6,1,1
100_aug_5,11,1,1
100_aug_6,8,1,1
101,38,1,1
101_aug_1,44,1,1
101_aug_2,42,1,1
101_aug_3,45,1,1
101_aug_4,44,1,1
101_aug_5,41,1,1
101_aug_6,42,1,1
103,44,1,1
103_aug_1,46,1,1
103_aug_2,47,1,1
103_aug_3,48,1,1
103_aug_4,50,1,1
103_aug_5,46,1,1
103_aug_6,48,1,1
105,22,1,1
105_aug_1,28,1,1
105_aug_2,24,1,1
105_aug_3,25,1,1
105_aug_4,27,1,1
105_aug_5,23,1,1
105_aug_6,26,1,1
106,14,1,1
106_aug_1,15,1,1
106_aug_2,15,1,1
106_aug_3,15,1,1
106_aug_4,17,1,1
106_aug_5,16,1,1
106_aug_6,21,1,1
107,22,1,1
107_aug_1,23,1,1
107_aug_2,23,1,1
107_aug_3,25,1,1
107_aug_4,23,1,1
107_aug_5,24,1,1
107_aug_6,23,1,1
110,11,1,1
110_aug_1,11,1,1
110_aug_2,14,1,1
110_aug_3,11,1,1
110_aug_4,11,1,1
110_aug_5,14,1,1
110_aug_6,14,1,1
111,0,0,1
111_aug_1,0,0,1
111_aug_2,0,0,1
111_aug_3,0,0,1
111_aug_4,0,0,1
111_aug_5,0,0,1
111_aug_6,0,0,1
113,25,1,1
113_aug_1,25,1,1
113_aug_2,28,1,1
113_aug_3,28,1,1
113_aug_4,25,1,1
113_aug_5,27,1,1
113_aug_6,27,1,1
114,19,1,1
114_aug_1,22,1,1
114_aug_2,22,1,1
114_aug_3,22,1,1
114_aug_4,28,1,1
114_aug_5,24,1,1
114_aug_6,19,1,1
115,14,1,1
115_aug_1,20,1,1
115_aug_2,19,1,1
115_aug_3,22,1,1
115_aug_4,25,1,1
115_aug_5,17,1,1
115_aug_6,29,1,1
117,0,0,1
117_aug_1,0,0,1
117_aug_2,0,0,1
117_aug_3,0,0,1
117_aug_4,0,0,1
117_aug_5,0,0,1
117_aug_6,0,0,1
119,22,1,1
119_aug_1,24,1,1
119_aug_2,27,1,1
119_aug_3,29,1,1
119_aug_4,28,1,1
119_aug_5,27,1,1
119_aug_6,27,1,1
121,14,1,1
121_aug_1,18,1,1
121_aug_2,16,1,1
121_aug_3,16,1,1
121_aug_4,16,1,1
121_aug_5,16,1,1
121_aug_6,18,1,1
124,0,0,1
124_aug_1,0,0,1
124_aug_2,0,0,1
124_aug_3,0,0,1
124_aug_4,0,0,1
124_aug_5,0,0,1
124_aug_6,0,0,1
126,33,1,1
126_aug_1,39,1,1
126_aug_2,36,1,1
126_aug_3,33,1,1
126_aug_4,36,1,1
126_aug_5,34,1,1
126_aug_6,33,1,1
127,24,1,1
127_aug_1,24,1,1
127_aug_2,29,1,1
127_aug_3,26,1,1
127_aug_4,28,1,1
127_aug_5,26,1,1
127_aug_6,27,1,1
129,25,1,1
129_aug_1,26,1,1
129_aug_2,28,1,1
129_aug_3,27,1,1
129_aug_4,32,1,1
129_aug_5,28,1,1
129_aug_6,29,1,1
131,24,1,1
131_aug_1,30,1,1
131_aug_2,27,1,1
131_aug_3,31,1,1
131_aug_4,29,1,1
131_aug_5,29,1,1
131_aug_6,27,1,1
133,7,1,1
133_aug_1,9,1,1
133_aug_2,7,1,1
133_aug_3,7,1,1
133_aug_4,7,1,1
133_aug_5,10,1,1
133_aug_6,7,1,1
135,15,1,1
135_aug_1,18,1,1
135_aug_2,19,1,1
135_aug_3,18,1,1
135_aug_4,17,1,1
135_aug_5,17,1,1
135_aug_6,19,1,1
136,14,1,1
136_aug_1,17,1,1
136_aug_2,20,1,1
136_aug_3,15,1,1
136_aug_4,17,1,1
136_aug_5,15,1,1
136_aug_6,20,1,1
141,23,1,1
141_aug_1,23,1,1
141_aug_2,28,1,1
141_aug_3,24,1,1
141_aug_4,24,1,1
141_aug_5,25,1,1
141_aug_6,24,1,1
143,17,1,1
143_aug_1,24,1,1
143_aug_2,19,1,1
143_aug_3,21,1,1
143_aug_4,19,1,1
143_aug_5,23,1,1
143_aug_6,25,1,1
144,24,1,1
144_aug_1,28,1,1
144_aug_2,26,1,1
144_aug_3,26,1,1
144_aug_4,27,1,1
144_aug_5,25,1,1
144_aug_6,26,1,1
145,11,1,1
145_aug_1,14,1,1
145_aug_2,11,1,1
145_aug_3,16,1,1
145_aug_4,11,1,1
145_aug_5,11,1,1
145_aug_6,14,1,1
149,0,0,1
149_aug_1,0,0,1
149_aug_2,0,0,1
149_aug_3,0,0,1
149_aug_4,0,0,1
149_aug_5,0,0,1
149_aug_6,0,0,1
150,25,1,1
150_aug_1,25,1,1
150_aug_2,28,1,1
150_aug_3,32,1,1
150_aug_4,27,1,1
150_aug_5,28,1,1
150_aug_6,29,1,1
151,9,1,1
151_aug_1,9,1,1
151_aug_2,9,1,1
151_aug_3,10,1,1
151_aug_4,15,1,1
151_aug_5,9,1,1
151_aug_6,11,1,1
152,26,1,1
152_aug_1,29,1,1
152_aug_2,30,1,1
152_aug_3,28,1,1
152_aug_4,33,1,1
152_aug_5,28,1,1
152_aug_6,30,1,1
154,17,1,1
154_aug_1,22,1,1
154_aug_2,22,1,1
154_aug_3,21,1,1
154_aug_4,25,1,1
154_aug_5,20,1,1
154_aug_6,30,1,1
155,0,0,1
155_aug_1,0,0,1
155_aug_2,0,0,1
155_aug_3,0,0,1
155_aug_4,0,0,1
155_aug_5,0,0,1
155_aug_6,0,0,1
158,16,1,1
158_aug_1,18,1,1
158_aug_2,17,1,1
158_aug_3,22,1,1
158_aug_4,19,1,1
158_aug_5,21,1,1
158_aug_6,18,1,1
159,30,1,1
159_aug_1,34,1,1
159_aug_2,32,1,1
159_aug_3,33,1,1
159_aug_4,33,1,1
159_aug_5,31,1,1
159_aug_6,32,1,1
160,20,1,1
160_aug_1,27,1,1
160_aug_2,21,1,1
160_aug_3,24,1,1
160_aug_4,21,1,1
160_aug_5,21,1,1
160_aug_6,23,1,1
161,28,1,1
161_aug_1,29,1,1
161_aug_2,31,1,1
161_aug_3,29,1,1
161_aug_4,31,1,1
161_aug_5,31,1,1
161_aug_6,31,1,1
162,14,1,1
162_aug_1,19,1,1
162_aug_2,16,1,1
162_aug_3,22,1,1
162_aug_4,20,1,1
162_aug_5,19,1,1
162_aug_6,18,1,1
163,38,1,1
163_aug_1,42,1,1
163_aug_2,38,1,1
163_aug_3,40,1,1
163_aug_4,39,1,1
163_aug_5,39,1,1
163_aug_6,39,1,1
166,27,1,1
166_aug_1,31,1,1
166_aug_2,31,1,1
166_aug_3,30,1,1
166_aug_4,30,1,1
166_aug_5,28,1,1
166_aug_6,31,1,1
167,13,1,1
167_aug_1,19,1,1
167_aug_2,13,1,1
167_aug_3,15,1,1
167_aug_4,13,1,1
167_aug_5,13,1,1
167_aug_6,16,1,1
168,36,1,1
168_aug_1,38,1,1
168_aug_2,37,1,1
168_aug_3,36,1,1
168_aug_4,38,1,1
168_aug_5,36,1,1
168_aug_6,37,1,1
169,14,1,1
169_aug_1,15,1,1
169_aug_2,18,1,1
169_aug_3,19,1,1
169_aug_4,15,1,1
169_aug_5,14,1,1
169_aug_6,17,1,1
170,0,0,1
170_aug_1,0,0,1
170_aug_2,0,0,1
170_aug_3,0,0,1
170_aug_4,0,0,1
170_aug_5,0,0,1
170_aug_6,0,0,1
173,26,1,1
173_aug_1,29,1,1
173_aug_2,27,1,1
173_aug_3,33,1,1
173_aug_4,31,1,1
173_aug_5,30,1,1
173_aug_6,34,1,1
174,46,1,1
174_aug_1,48,1,1
174_aug_2,52,1,1
174_aug_3,50,1,1
174_aug_4,49,1,1
174_aug_5,47,1,1
174_aug_6,50,1,1
175,40,1,1
175_aug_1,44,1,1
175_aug_2,45,1,1
175_aug_3,49,1,1
175_aug_4,43,1,1
175_aug_5,46,1,1
175_aug_6,43,1,1
177,40,1,1
177_aug_1,48,1,1
177_aug_2,46,1,1
177_aug_3,42,1,1
177_aug_4,45,1,1
177_aug_5,48,1,1
177_aug_6,43,1,1
178,30,1,1
178_aug_1,33,1,1
178_aug_2,33,1,1
178_aug_3,33,1,1
178_aug_4,31,1,1
178_aug_5,33,1,1
178_aug_6,34,1,1
179,15,1,1
179_aug_1,21,1,1
179_aug_2,17,1,1
179_aug_3,18,1,1
179_aug_4,22,1,1
179_aug_5,15,1,1
179_aug_6,19,1,1
181,16,1,1
181_aug_1,17,1,1
181_aug_2,21,1,1
181_aug_3,18,1,1
181_aug_4,19,1,1
181_aug_5,23,1,1
181_aug_6,22,1,1
182,26,1,1
182_aug_1,29,1,1
182_aug_2,27,1,1
182_aug_3,29,1,1
182_aug_4,31,1,1
182_aug_5,29,1,1
182_aug_6,31,1,1
183,32,1,1
183_aug_1,36,1,1
183_aug_2,39,1,1
183_aug_3,37,1,1
183_aug_4,33,1,1
183_aug_5,37,1,1
183_aug_6,37,1,1
185,20,1,1
185_aug_1,24,1,1
185_aug_2,25,1,1
185_aug_3,24,1,1
185_aug_4,24,1,1
185_aug_5,27,1,1
185_aug_6,25,1,1
186,29,1,1
186_aug_1,31,1,1
186_aug_2,36,1,1
186_aug_3,30,1,1
186_aug_4,34,1,1
186_aug_5,33,1,1
186_aug_6,31,1,1
187,17,1,1
187_aug_1,20,1,1
187_aug_2,20,1,1
187_aug_3,23,1,1
187_aug_4,22,1,1
187_aug_5,21,1,1
187_aug_6,17,1,1
188,0,0,1
188_aug_1,0,0,1
188_aug_2,0,0,1
188_aug_3,0,0,1
188_aug_4,0,0,1
188_aug_5,0,0,1
188_aug_6,0,0,1
189,36,1,1
189_aug_1,41,1,1
189_aug_2,45,1,1
189_aug_3,44,1,1
189_aug_4,46,1,1
189_aug_5,44,1,1
189_aug_6,41,1,1
190,17,1,1
190_aug_1,20,1,1
190_aug_2,20,1,1
190_aug_3,19,1,1
190_aug_4,18,1,1
190_aug_5,18,1,1
190_aug_6,18,1,1
191,22,1,1
191_aug_1,26,1,1
191_aug_2,26,1,1
191_aug_3,29,1,1
191_aug_4,26,1,1
191_aug_5,27,1,1
191_aug_6,27,1,1
193,22,1,1
193_aug_1,31,1,1
193_aug_2,25,1,1
193_aug_3,29,1,1
193_aug_4,23,1,1
193_aug_5,22,1,1
193_aug_6,23,1,1
194,23,1,1
194_aug_1,27,1,1
194_aug_2,27,1,1
194_aug_3,33,1,1
194_aug_4,27,1,1
194_aug_5,25,1,1
194_aug_6,26,1,1
195,10,1,1
195_aug_1,16,1,1
195_aug_2,12,1,1
195_aug_3,14,1,1
195_aug_4,13,1,1
195_aug_5,11,1,1
195_aug_6,13,1,1
196,16,1,1
196_aug_1,16,1,1
196_aug_2,16,1,1
196_aug_3,16,1,1
196_aug_4,18,1,1
196_aug_5,18,1,1
196_aug_6,16,1,1
197,26,1,1
197_aug_1,27,1,1
197_aug_2,27,1,1
197_aug_3,32,1,1
197_aug_4,31,1,1
197_aug_5,29,1,1
197_aug_6,28,1,1
201,42,1,1
201_aug_1,51,1,1
201_aug_2,51,1,1
201_aug_3,46,1,1
201_aug_4,43,1,1
201_aug_5,52,1,1
201_aug_6,47,1,1
202,4,1,1
202_aug_1,4,1,1
202_aug_2,4,1,1
202_aug_3,4,1,1
202_aug_4,4,1,1
202_aug_5,4,1,1
202_aug_6,4,1,1
205,0,0,1
205_aug_1,0,0,1
205_aug_2,0,0,1
205_aug_3,0,0,1
205_aug_4,0,0,1
205_aug_5,0,0,1
205_aug_6,0,0,1
206,104,1,1
206_aug_1,107,1,1
206_aug_2,108,1,1
206_aug_3,106,1,1
206_aug_4,110,1,1
206_aug_5,110,1,1
206_aug_6,111,1,1
208,30,1,1
208_aug_1,33,1,1
208_aug_2,34,1,1
208_aug_3,33,1,1
208_aug_4,36,1,1
208_aug_5,36,1,1
208_aug_6,40,1,1
209,0,0,1
209_aug_1,0,0,1
209_aug_2,0,0,1
209_aug_3,0,0,1
209_aug_4,0,0,1
209_aug_5,0,0,1
209_aug_6,0,0,1
210,24,1,1
210_aug_1,26,1,1
210_aug_2,32,1,1
210_aug_3,26,1,1
210_aug_4,26,1,1
210_aug_5,31,1,1
210_aug_6,29,1,1
212,31,1,1
212_aug_1,33,1,1
212_aug_2,32,1,1
212_aug_3,34,1,1
212_aug_4,35,1,1
212_aug_5,33,1,1
212_aug_6,31,1,1
215,28,1,1
215_aug_1,30,1,1
215_aug_2,31,1,1
215_aug_3,32,1,1
215_aug_4,34,1,1
215_aug_5,31,1,1
215_aug_6,28,1,1
219,11,1,1
219_aug_1,11,1,1
219_aug_2,13,1,1
219_aug_3,13,1,1
219_aug_4,11,1,1
219_aug_5,11,1,1
219_aug_6,11,1,1
221,27,1,1
221_aug_1,32,1,1
221_aug_2,31,1,1
221_aug_3,34,1,1
221_aug_4,28,1,1
221_aug_5,31,1,1
221_aug_6,32,1,1
223,25,1,1
223_aug_1,29,1,1
223_aug_2,27,1,1
223_aug_3,26,1,1
223_aug_4,26,1,1
223_aug_5,28,1,1
223_aug_6,29,1,1
224,13,1,1
224_aug_1,17,1,1
224_aug_2,16,1,1
224_aug_3,16,1,1
224_aug_4,15,1,1
224_aug_5,15,1,1
224_aug_6,14,1,1
225,16,1,1
225_aug_1,20,1,1
225_aug_2,20,1,1
225_aug_3,19,1,1
225_aug_4,22,1,1
225_aug_5,20,1,1
225_aug_6,19,1,1
226,7,1,1
226_aug_1,7,1,1
226_aug_2,9,1,1
226_aug_3,8,1,1
226_aug_4,7,1,1
226_aug_5,10,1,1
226_aug_6,9,1,1
227,22,1,1
227_aug_1,24,1,1
227_aug_2,24,1,1
227_aug_3,23,1,1
227_aug_4,22,1,1
227_aug_5,25,1,1
227_aug_6,25,1,1
228,42,1,1
228_aug_1,44,1,1
228_aug_2,43,1,1
228_aug_3,43,1,1
228_aug_4,48,1,1
228_aug_5,50,1,1
228_aug_6,44,1,1
229,30,1,1
229_aug_1,32,1,1
229_aug_2,33,1,1
229_aug_3,33,1,1
229_aug_4,31,1,1
229_aug_5,35,1,1
229_aug_6,32,1,1
230,0,0,1
230_aug_1,0,0,1
230_aug_2,0,0,1
230_aug_3,0,0,1
230_aug_4,0,0,1
230_aug_5,0,0,1
230_aug_6,0,0,1
233,49,1,1
233_aug_1,50,1,1
233_aug_2,55,1,1
233_aug_3,52,1,1
233_aug_4,51,1,1
233_aug_5,52,1,1
233_aug_6,50,1,1
236,13,1,1
236_aug_1,16,1,1
236_aug_2,14,1,1
236_aug_3,17,1,1
236_aug_4,15,1,1
236_aug_5,16,1,1
236_aug_6,16,1,1
237,25,1,1
237_aug_1,26,1,1
237_aug_2,26,1,1
237_aug_3,29,1,1
237_aug_4,27,1,1
237_aug_5,27,1,1
237_aug_6,25,1,1
238,14,1,1
238_aug_1,16,1,1
238_aug_2,15,1,1
238_aug_3,16,1,1
238_aug_4,17,1,1
238_aug_5,18,1,1
238_aug_6,17,1,1
239,0,0,1
239_aug_1,0,0,1
239_aug_2,0,0,1
239_aug_3,0,0,1
239_aug_4,0,0,1
239_aug_5,0,0,1
239_aug_6,0,0,1
240,40,1,1
240_aug_1,40,1,1
240_aug_2,40,1,1
240_aug_3,47,1,1
240_aug_4,43,1,1
240_aug_5,40,1,1
240_aug_6,44,1,1
241,23,1,1
241_aug_1,25,1,1
241_aug_2,27,1,1
241_aug_3,24,1,1
241_aug_4,26,1,1
241_aug_5,24,1,1
241_aug_6,30,1,1
245,23,1,1
245_aug_1,30,1,1
245_aug_2,26,1,1
245_aug_3,26,1,1
245_aug_4,25,1,1
245_aug_5,30,1,1
245_aug_6,26,1,1
246,12,1,1
246_aug_1,16,1,1
246_aug_2,14,1,1
246_aug_3,17,1,1
246_aug_4,13,1,1
246_aug_5,15,1,1
246_aug_6,15,1,1
248,20,1,1
248_aug_1,29,1,1
248_aug_2,22,1,1
248_aug_3,23,1,1
248_aug_4,22,1,1
248_aug_5,27,1,1
248_aug_6,22,1,1
249,31,1,1
249_aug_1,36,1,1
249_aug_2,33,1,1
249_aug_3,36,1,1
249_aug_4,32,1,1
249_aug_5,34,1,1
249_aug_6,32,1,1
250,19,1,1
250_aug_1,22,1,1
250_aug_2,22,1,1
250_aug_3,23,1,1
250_aug_4,26,1,1
250_aug_5,19,1,1
250_aug_6,24,1,1
252,12,1,1
252_aug_1,17,1,1
252_aug_2,17,1,1
252_aug_3,16,1,1
252_aug_4,13,1,1
252_aug_5,14,1,1
252_aug_6,17,1,1
255,14,1,1
255_aug_1,16,1,1
255_aug_2,20,1,1
255_aug_3,18,1,1
255_aug_4,15,1,1
255_aug_5,18,1,1
255_aug_6,16,1,1
256,22,1,1
256_aug_1,22,1,1
256_aug_2,25,1,1
256_aug_3,25,1,1
256_aug_4,24,1,1
256_aug_5,24,1,1
256_aug_6,25,1,1
257,19,1,1
257_aug_1,22,1,1
257_aug_2,19,1,1
257_aug_3,19,1,1
257_aug_4,19,1,1
257_aug_5,20,1,1
257_aug_6,19,1,1
258,26,1,1
258_aug_1,27,1,1
258_aug_2,26,1,1
258_aug_3,28,1,1
258_aug_4,28,1,1
258_aug_5,26,1,1
258_aug_6,29,1,1
259,17,1,1
259_aug_1,22,1,1
259_aug_2,24,1,1
259_aug_3,22,1,1
259_aug_4,21,1,1
259_aug_5,18,1,1
259_aug_6,18,1,1
262,27,1,1
262_aug_1,33,1,1
262_aug_2,28,1,1
262_aug_3,28,1,1
262_aug_4,31,1,1
262_aug_5,29,1,1
262_aug_6,30,1,1
264,16,1,1
264_aug_1,18,1,1
264_aug_2,17,1,1
264_aug_3,18,1,1
264_aug_4,17,1,1
264_aug_5,17,1,1
264_aug_6,16,1,1
267,25,1,1
267_aug_1,29,1,1
267_aug_2,28,1,1
267_aug_3,27,1,1
267_aug_4,27,1,1
267_aug_5,29,1,1
267_aug_6,29,1,1
268,15,1,1
268_aug_1,18,1,1
268_aug_2,22,1,1
268_aug_3,17,1,1
268_aug_4,15,1,1
268_aug_5,17,1,1
268_aug_6,18,1,1
271,17,1,1
271_aug_1,22,1,1
271_aug_2,19,1,1
271_aug_3,23,1,1
271_aug_4,22,1,1
271_aug_5,22,1,1
271_aug_6,19,1,1
272,17,1,1
272_aug_1,19,1,1
272_aug_2,23,1,1
272_aug_3,18,1,1
272_aug_4,23,1,1
272_aug_5,24,1,1
272_aug_6,23,1,1
273,27,1,1
273_aug_1,30,1,1
273_aug_2,29,1,1
273_aug_3,29,1,1
273_aug_4,28,1,1
273_aug_5,29,1,1
273_aug_6,29,1,1
275,15,1,1
275_aug_1,19,1,1
275_aug_2,18,1,1
275_aug_3,19,1,1
275_aug_4,18,1,1
275_aug_5,19,1,1
275_aug_6,19,1,1
277,31,1,1
277_aug_1,33,1,1
277_aug_2,34,1,1
277_aug_3,33,1,1
277_aug_4,34,1,1
277_aug_5,34,1,1
277_aug_6,33,1,1
278,22,1,1
278_aug_1,23,1,1
278_aug_2,27,1,1
278_aug_3,23,1,1
278_aug_4,24,1,1
278_aug_5,25,1,1
278_aug_6,25,1,1
279,18,1,1
279_aug_1,23,1,1
279_aug_2,18,1,1
279_aug_3,22,1,1
279_aug_4,19,1,1
279_aug_5,22,1,1
279_aug_6,22,1,1
280,9,1,1
280_aug_1,9,1,1
280_aug_2,9,1,1
280_aug_3,9,1,1
280_aug_4,14,1,1
280_aug_5,9,1,1
280_aug_6,13,1,1
283,11,1,1
283_aug_1,14,1,1
283_aug_2,12,1,1
283_aug_3,17,1,1
283_aug_4,12,1,1
283_aug_5,11,1,1
283_aug_6,12,1,1
285,0,0,1
285_aug_1,0,0,1
285_aug_2,0,0,1
285_aug_3,0,0,1
285_aug_4,0,0,1
285_aug_5,0,0,1
285_aug_6,0,0,1
287,20,1,1
287_aug_1,26,1,1
287_aug_2,21,1,1
287_aug_3,25,1,1
287_aug_4,21,1,1
287_aug_5,21,1,1
287_aug_6,24,1,1
288,30,1,1
288_aug_1,35,1,1
288_aug_2,35,1,1
288_aug_3,39,1,1
288_aug_4,31,1,1
288_aug_5,35,1,1
288_aug_6,39,1,1
291,22,1,1
291_aug_1,26,1,1
291_aug_2,25,1,1
291_aug_3,23,1,1
291_aug_4,22,1,1
291_aug_5,23,1,1
291_aug_6,23,1,1
292,21,1,1
292_aug_1,24,1,1
292_aug_2,25,1,1
292_aug_3,23,1,1
292_aug_4,25,1,1
292_aug_5,25,1,1
292_aug_6,24,1,1
293,27,1,1
293_aug_1,29,1,1
293_aug_2,28,1,1
293_aug_3,28,1,1
293_aug_4,29,1,1
293_aug_5,29,1,1
293_aug_6,28,1,1
294,12,1,1
294_aug_1,14,1,1
294_aug_2,12,1,1
294_aug_3,12,1,1
294_aug_4,15,1,1
294_aug_5,14,1,1
294_aug_6,12,1,1
295,30,1,1
295_aug_1,35,1,1
295_aug_2,31,1,1
295_aug_3,32,1,1
295_aug_4,31,1,1
295_aug_5,33,1,1
295_aug_6,32,1,1
296,0,0,1
296_aug_1,0,0,1
296_aug_2,0,0,1
296_aug_3,0,0,1
296_aug_4,0,0,1
296_aug_5,0,0,1
296_aug_6,0,0,1
297,46,1,1
297_aug_1,57,1,1
297_aug_2,54,1,1
297_aug_3,55,1,1
297_aug_4,55,1,1
297_aug_5,51,1,1
297_aug_6,48,1,1
298,12,1,1
298_aug_1,17,1,1
298_aug_2,19,1,1
298_aug_3,17,1,1
298_aug_4,14,1,1
298_aug_5,20,1,1
298_aug_6,18,1,1
299,14,1,1
299_aug_1,15,1,1
299_aug_2,16,1,1
299_aug_3,16,1,1
299_aug_4,17,1,1
299_aug_5,17,1,1
299_aug_6,14,1,1
300,25,1,1
300_aug_1,29,1,1
300_aug_2,27,1,1
300_aug_3,26,1,1
300_aug_4,30,1,1
300_aug_5,26,1,1
300_aug_6,27,1,1
301,10,1,1
301_aug_1,12,1,1
301_aug_2,11,1,1
301_aug_3,17,1,1
301_aug_4,17,1,1
301_aug_5,12,1,1
301_aug_6,15,1,1
303,30,1,1
303_aug_1,31,1,1
303_aug_2,35,1,1
303_aug_3,31,1,1
303_aug_4,33,1,1
303_aug_5,38,1,1
303_aug_6,33,1,1
304,37,1,1
304_aug_1,45,1,1
304_aug_2,42,1,1
304_aug_3,40,1,1
304_aug_4,41,1,1
304_aug_5,47,1,1
304_aug_6,40,1,1
306,7,1,1
306_aug_1,10,1,1
306_aug_2,10,1,1
306_aug_3,8,1,1
306_aug_4,8,1,1
306_aug_5,10,1,1
306_aug_6,7,1,1
308,17,1,1
308_aug_1,19,1,1
308_aug_2,18,1,1
308_aug_3,20,1,1
308_aug_4,23,1,1
308_aug_5,21,1,1
308_aug_6,22,1,1
309,12,1,1
309_aug_1,14,1,1
309_aug_2,17,1,1
309_aug_3,13,1,1
309_aug_4,14,1,1
309_aug_5,16,1,1
309_aug_6,16,1,1
310,57,1,1
310_aug_1,60,1,1
310_aug_2,58,1,1
310_aug_3,63,1,1
310_aug_4,60,1,1
310_aug_5,62,1,1
310_aug_6,58,1,1
312,22,1,1
312_aug_1,30,1,1
312_aug_2,26,1,1
312_aug_3,24,1,1
312_aug_4,25,1,1
312_aug_5,23,1,1
312_aug_6,22,1,1
313,48,1,1
313_aug_1,51,1,1
313_aug_2,52,1,1
313_aug_3,53,1,1
313_aug_4,50,1,1
313_aug_5,49,1,1
313_aug_6,52,1,1
314,15,1,1
314_aug_1,18,1,1
314_aug_2,17,1,1
314_aug_3,17,1,1
314_aug_4,19,1,1
314_aug_5,22,1,1
314_aug_6,19,1,1
315,0,0,1
315_aug_1,0,0,1
315_aug_2,0,0,1
315_aug_3,0,0,1
315_aug_4,0,0,1
315_aug_5,0,0,1
315_aug_6,0,0,1
316,0,0,1
316_aug_1,0,0,1
316_aug_2,0,0,1
316_aug_3,0,0,1
316_aug_4,0,0,1
316_aug_5,0,0,1
316_aug_6,0,0,1
318,18,1,1
318_aug_1,24,1,1
318_aug_2,22,1,1
318_aug_3,24,1,1
318_aug_4,24,1,1
318_aug_5,25,1,1
318_aug_6,18,1,1
319,10,1,1
319_aug_1,12,1,1
319_aug_2,14,1,1
319_aug_3,11,1,1
319_aug_4,17,1,1
319_aug_5,13,1,1
319_aug_6,11,1,1
320,0,0,1
320_aug_1,0,0,1
320_aug_2,0,0,1
320_aug_3,0,0,1
320_aug_4,0,0,1
320_aug_5,0,0,1
320_aug_6,0,0,1
321,34,1,1
321_aug_1,39,1,1
321_aug_2,36,1,1
321_aug_3,37,1,1
321_aug_4,39,1,1
321_aug_5,36,1,1
321_aug_6,38,1,1
322,19,1,1
322_aug_1,24,1,1
322_aug_2,22,1,1
322_aug_3,22,1,1
322_aug_4,21,1,1
322_aug_5,19,1,1
322_aug_6,19,1,1
323,40,1,1
323_aug_1,43,1,1
323_aug_2,48,1,1
323_aug_3,43,1,1
323_aug_4,41,1,1
323_aug_5,44,1,1
323_aug_6,47,1,1
324,18,1,1
324_aug_1,24,1,1
324_aug_2,24,1,1
324_aug_3,21,1,1
324_aug_4,29,1,1
324_aug_5,22,1,1
324_aug_6,23,1,1
327,24,1,1
327_aug_1,29,1,1
327_aug_2,26,1,1
327_aug_3,26,1,1
327_aug_4,29,1,1
327_aug_5,26,1,1
327_aug_6,25,1,1
328,18,1,1
328_aug_1,20,1,1
328_aug_2,21,1,1
328_aug_3,25,1,1
328_aug_4,23,1,1
328_aug_5,20,1,1
328_aug_6,19,1,1
329,19,1,1
329_aug_1,19,1,1
329_aug_2,19,1,1
329_aug_3,19,1,1
329_aug_4,20,1,1
329_aug_5,20,1,1
329_aug_6,19,1,1
330,25,1,1
330_aug_1,28,1,1
330_aug_2,33,1,1
330_aug_3,29,1,1
330_aug_4,27,1,1
330_aug_5,25,1,1
330_aug_6,26,1,1
331,15,1,1
331_aug_1,18,1,1
331_aug_2,18,1,1
331_aug_3,19,1,1
331_aug_4,19,1,1
331_aug_5,19,1,1
331_aug_6,15,1,1
332,21,1,1
332_aug_1,28,1,1
332_aug_2,23,1,1
332_aug_3,26,1,1
332_aug_4,22,1,1
332_aug_5,24,1,1
332_aug_6,27,1,1
333,17,1,1
333_aug_1,17,1,1
333_aug_2,22,1,1
333_aug_3,21,1,1
333_aug_4,19,1,1
333_aug_5,20,1,1
333_aug_6,19,1,1
334,0,0,1
334_aug_1,0,0,1
334_aug_2,0,0,1
334_aug_3,0,0,1
334_aug_4,0,0,1
334_aug_5,0,0,1
334_aug_6,0,0,1
335,23,1,1
335_aug_1,31,1,1
335_aug_2,26,1,1
335_aug_3,27,1,1
335_aug_4,25,1,1
335_aug_5,28,1,1
335_aug_6,26,1,1
336,20,1,1
336_aug_1,25,1,1
336_aug_2,24,1,1
336_aug_3,27,1,1
336_aug_4,22,1,1
336_aug_5,27,1,1
336_aug_6,24,1,1
337,26,1,1
337_aug_1,27,1,1
337_aug_2,27,1,1
337_aug_3,31,1,1
337_aug_4,30,1,1
337_aug_5,30,1,1
337_aug_6,27,1,1
338,19,1,1
338_aug_1,21,1,1
338_aug_2,22,1,1
338_aug_3,27,1,1
338_aug_4,23,1,1
338_aug_5,23,1,1
338_aug_6,20,1,1
339,0,0,1
339_aug_1,0,0,1
339_aug_2,0,0,1
339_aug_3,0,0,1
339_aug_4,0,0,1
339_aug_5,0,0,1
339_aug_6,0,0,1
340,32,1,1
340_aug_1,33,1,1
340_aug_2,35,1,1
340_aug_3,35,1,1
340_aug_4,35,1,1
340_aug_5,33,1,1
340_aug_6,35,1,1
342,27,1,1
342_aug_1,30,1,1
342_aug_2,28,1,1
342_aug_3,27,1,1
342_aug_4,30,1,1
342_aug_5,32,1,1
342_aug_6,31,1,1
345,21,1,1
345_aug_1,23,1,1
345_aug_2,25,1,1
345_aug_3,23,1,1
345_aug_4,25,1,1
345_aug_5,25,1,1
345_aug_6,26,1,1
346,21,1,1
346_aug_1,22,1,1
346_aug_2,22,1,1
346_aug_3,22,1,1
346_aug_4,21,1,1
346_aug_5,24,1,1
346_aug_6,23,1,1
347,28,1,1
347_aug_1,30,1,1
347_aug_2,32,1,1
347_aug_3,30,1,1
347_aug_4,38,1,1
347_aug_5,31,1,1
347_aug_6,30,1,1
348,19,1,1
348_aug_1,22,1,1
348_aug_2,25,1,1
348_aug_3,22,1,1
348_aug_4,24,1,1
348_aug_5,22,1,1
348_aug_6,22,1,1
349,20,1,1
349_aug_1,22,1,1
349_aug_2,22,1,1
349_aug_3,26,1,1
349_aug_4,23,1,1
349_aug_5,23,1,1
349_aug_6,22,1,1
350,15,1,1
350_aug_1,16,1,1
350_aug_2,15,1,1
350_aug_3,17,1,1
350_aug_4,16,1,1
350_aug_5,16,1,1
350_aug_6,18,1,1
351,26,1,1
351_aug_1,29,1,1
351_aug_2,26,1,1
351_aug_3,26,1,1
351_aug_4,26,1,1
351_aug_5,26,1,1
351_aug_6,27,1,1
352,22,1,1
352_aug_1,23,1,1
352_aug_2,25,1,1
352_aug_3,25,1,1
352_aug_4,26,1,1
352_aug_5,27,1,1
352_aug_6,28,1,1
353,23,1,1
353_aug_1,28,1,1
353_aug_2,30,1,1
353_aug_3,25,1,1
353_aug_4,26,1,1
353_aug_5,26,1,1
353_aug_6,27,1,1
355,24,1,1
355_aug_1,28,1,1
355_aug_2,26,1,1
355_aug_3,27,1,1
355_aug_4,26,1,1
355_aug_5,25,1,1
355_aug_6,27,1,1
356,25,1,1
356_aug_1,34,1,1
356_aug_2,33,1,1
356_aug_3,28,1,1
356_aug_4,29,1,1
356_aug_5,29,1,1
356_aug_6,25,1,1
358,23,1,1
358_aug_1,33,1,1
358_aug_2,31,1,1
358_aug_3,27,1,1
358_aug_4,29,1,1
358_aug_5,26,1,1
358_aug_6,30,1,1
362,0,0,1
362_aug_1,0,0,1
362_aug_2,0,0,1
362_aug_3,0,0,1
362_aug_4,0,0,1
362_aug_5,0,0,1
362_aug_6,0,0,1
363,10,1,1
363_aug_1,11,1,1
363_aug_2,14,1,1
363_aug_3,13,1,1
363_aug_4,15,1,1
363_aug_5,11,1,1
363_aug_6,10,1,1
364,20,1,1
364_aug_1,23,1,1
364_aug_2,22,1,1
364_aug_3,23,1,1
364_aug_4,23,1,1
364_aug_5,25,1,1
364_aug_6,22,1,1
365,11,1,1
365_aug_1,13,1,1
365_aug_2,11,1,1
365_aug_3,13,1,1
365_aug_4,14,1,1
365_aug_5,13,1,1
365_aug_6,12,1,1
366,7,1,1
366_aug_1,9,1,1
366_aug_2,10,1,1
366_aug_3,8,1,1
366_aug_4,8,1,1
366_aug_5,7,1,1
366_aug_6,7,1,1
367,15,1,1
367_aug_1,19,1,1
367_aug_2,21,1,1
367_aug_3,23,1,1
367_aug_4,19,1,1
367_aug_5,20,1,1
367_aug_6,18,1,1
368,17,1,1
368_aug_1,21,1,1
368_aug_2,21,1,1
368_aug_3,21,1,1
368_aug_4,19,1,1
368_aug_5,22,1,1
368_aug_6,22,1,1
370,18,1,1
370_aug_1,19,1,1
370_aug_2,23,1,1
370_aug_3,21,1,1
370_aug_4,18,1,1
370_aug_5,20,1,1
370_aug_6,19,1,1
371,20,1,1
371_aug_1,20,1,1
371_aug_2,23,1,1
371_aug_3,20,1,1
371_aug_4,22,1,1
371_aug_5,23,1,1
371_aug_6,24,1,1
372,23,1,1
372_aug_1,24,1,1
372_aug_2,25,1,1
372_aug_3,26,1,1
372_aug_4,25,1,1
372_aug_5,25,1,1
372_aug_6,23,1,1
373,6,1,1
373_aug_1,7,1,1
373_aug_2,6,1,1
373_aug_3,8,1,1
373_aug_4,9,1,1
373_aug_5,6,1,1
373_aug_6,9,1,1
374,0,0,1
374_aug_1,0,0,1
374_aug_2,0,0,1
374_aug_3,0,0,1
374_aug_4,0,0,1
374_aug_5,0,0,1
374_aug_6,0,0,1
375,17,1,1
375_aug_1,21,1,1
375_aug_2,21,1,1
375_aug_3,18,1,1
375_aug_4,17,1,1
375_aug_5,20,1,1
375_aug_6,23,1,1
376,22,1,1
376_aug_1,25,1,1
376_aug_2,25,1,1
376_aug_3,28,1,1
376_aug_4,25,1,1
376_aug_5,30,1,1
376_aug_6,28,1,1
377,22,1,1
377_aug_1,27,1,1
377_aug_2,25,1,1
377_aug_3,28,1,1
377_aug_4,25,1,1
377_aug_5,27,1,1
377_aug_6,26,1,1
378,0,0,1
378_aug_1,0,0,1
378_aug_2,0,0,1
378_aug_3,0,0,1
378_aug_4,0,0,1
378_aug_5,0,0,1
378_aug_6,0,0,1
379,22,1,1
379_aug_1,23,1,1
379_aug_2,24,1,1
379_aug_3,24,1,1
379_aug_4,24,1,1
379_aug_5,25,1,1
379_aug_6,23,1,1
380,34,1,1
380_aug_1,44,1,1
380_aug_2,35,1,1
380_aug_3,38,1,1
380_aug_4,41,1,1
380_aug_5,42,1,1
380_aug_6,39,1,1
385,0,0,1
385_aug_1,0,0,1
385_aug_2,0,0,1
385_aug_3,0,0,1
385_aug_4,0,0,1
385_aug_5,0,0,1
385_aug_6,0,0,1
387,28,1,1
387_aug_1,29,1,1
387_aug_2,31,1,1
387_aug_3,30,1,1
387_aug_4,28,1,1
387_aug_5,31,1,1
387_aug_6,32,1,1
388,28,1,1
388_aug_1,34,1,1
388_aug_2,34,1,1
388_aug_3,32,1,1
388_aug_4,33,1,1
388_aug_5,30,1,1
388_aug_6,32,1,1
389,31,1,1
389_aug_1,34,1,1
389_aug_2,36,1,1
389_aug_3,36,1,1
389_aug_4,33,1,1
389_aug_5,32,1,1
389_aug_6,34,1,1
390,17,1,1
390_aug_1,20,1,1
390_aug_2,22,1,1
390_aug_3,20,1,1
390_aug_4,20,1,1
390_aug_5,21,1,1
390_aug_6,21,1,1
392,24,1,1
392_aug_1,27,1,1
392_aug_2,26,1,1
392_aug_3,27,1,1
392_aug_4,29,1,1
392_aug_5,24,1,1
392_aug_6,28,1,1
393,21,1,1
393_aug_1,24,1,1
393_aug_2,25,1,1
393_aug_3,23,1,1
393_aug_4,25,1,1
393_aug_5,21,1,1
393_aug_6,22,1,1
394,17,1,1
394_aug_1,24,1,1
394_aug_2,20,1,1
394_aug_3,23,1,1
394_aug_4,20,1,1
394_aug_5,17,1,1
394_aug_6,18,1,1
395,32,1,1
395_aug_1,35,1,1
395_aug_2,36,1,1
395_aug_3,35,1,1
395_aug_4,34,1,1
395_aug_5,35,1,1
395_aug_6,38,1,1
397,29,1,1
397_aug_1,28,1,1
397_aug_2,31,1,1
397_aug_3,32,1,1
397_aug_4,30,1,1
397_aug_5,34,1,1
397_aug_6,30,1,1
398,33,1,1
398_aug_1,37,1,1
398_aug_2,40,1,1
398_aug_3,35,1,1
398_aug_4,37,1,1
398_aug_5,38,1,1
398_aug_6,35,1,1
401,14,1,1
401_aug_1,21,1,1
401_aug_2,18,1,1
401_aug_3,21,1,1
401_aug_4,15,1,1
401_aug_5,17,1,1
401_aug_6,17,1,1
403,19,1,1
403_aug_1,22,1,1
403_aug_2,25,1,1
403_aug_3,20,1,1
403_aug_4,20,1,1
403_aug_5,27,1,1
403_aug_6,23,1,1
404,23,1,1
404_aug_1,30,1,1
404_aug_2,23,1,1
404_aug_3,25,1,1
404_aug_4,27,1,1
404_aug_5,27,1,1
404_aug_6,25,1,1
407,11,1,1
407_aug_1,12,1,1
407_aug_2,14,1,1
407_aug_3,14,1,1
407_aug_4,11,1,1
407_aug_5,11,1,1
407_aug_6,12,1,1
408,12,1,1
408_aug_1,14,1,1
408_aug_2,19,1,1
408_aug_3,13,1,1
408_aug_4,13,1,1
408_aug_5,12,1,1
408_aug_6,12,1,1
409,33,1,1
409_aug_1,34,1,1
409_aug_2,37,1,1
409_aug_3,34,1,1
409_aug_4,44,1,1
409_aug_5,37,1,1
409_aug_6,33,1,1
410,22,1,1
410_aug_1,28,1,1
410_aug_2,24,1,1
410_aug_3,24,1,1
410_aug_4,26,1,1
410_aug_5,25,1,1
410_aug_6,25,1,1
412,49,1,1
412_aug_1,52,1,1
412_aug_2,54,1,1
412_aug_3,54,1,1
412_aug_4,52,1,1
412_aug_5,54,1,1
412_aug_6,55,1,1
413,0,0,1
413_aug_1,0,0,1
413_aug_2,0,0,1
413_aug_3,0,0,1
413_aug_4,0,0,1
413_aug_5,0,0,1
413_aug_6,0,0,1
414,14,1,1
414_aug_1,17,1,1
414_aug_2,14,1,1
414_aug_3,14,1,1
414_aug_4,14,1,1
414_aug_5,14,1,1
414_aug_6,14,1,1
417,15,1,1
417_aug_1,18,1,1
417_aug_2,19,1,1
417_aug_3,20,1,1
417_aug_4,15,1,1
417_aug_5,18,1,1
417_aug_6,18,1,1
420,33,1,1
420_aug_1,37,1,1
420_aug_2,36,1,1
420_aug_3,38,1,1
420_aug_4,38,1,1
420_aug_5,39,1,1
420_aug_6,36,1,1
421,18,1,1
421_aug_1,18,1,1
421_aug_2,20,1,1
421_aug_3,18,1,1
421_aug_4,22,1,1
421_aug_5,18,1,1
421_aug_6,21,1,1
426,19,1,1
426_aug_1,20,1,1
426_aug_2,22,1,1
426_aug_3,21,1,1
426_aug_4,21,1,1
426_aug_5,20,1,1
426_aug_6,24,1,1
429,21,1,1
429_aug_1,21,1,1
429_aug_2,24,1,1
429_aug_3,23,1,1
429_aug_4,22,1,1
429_aug_5,24,1,1
429_aug_6,27,1,1
430,18,1,1
430_aug_1,21,1,1
430_aug_2,18,1,1
430_aug_3,20,1,1
430_aug_4,26,1,1
430_aug_5,22,1,1
430_aug_6,22,1,1
433,0,0,1
433_aug_1,0,0,1
433_aug_2,0,0,1
433_aug_3,0,0,1
433_aug_4,0,0,1
433_aug_5,0,0,1
433_aug_6,0,0,1
434,28,1,1
434_aug_1,30,1,1
434_aug_2,28,1,1
434_aug_3,29,1,1
434_aug_4,30,1,1
434_aug_5,29,1,1
434_aug_6,29,1,1
435,14,1,1
435_aug_1,19,1,1
435_aug_2,19,1,1
435_aug_3,20,1,1
435_aug_4,17,1,1
435_aug_5,18,1,1
435_aug_6,19,1,1
436,0,0,1
436_aug_1,0,0,1
436_aug_2,0,0,1
436_aug_3,0,0,1
436_aug_4,0,0,1
436_aug_5,0,0,1
436_aug_6,0,0,1
437,28,1,1
437_aug_1,29,1,1
437_aug_2,30,1,1
437_aug_3,31,1,1
437_aug_4,31,1,1
437_aug_5,32,1,1
437_aug_6,32,1,1
438,0,0,1
438_aug_1,0,0,1
438_aug_2,0,0,1
438_aug_3,0,0,1
438_aug_4,0,0,1
438_aug_5,0,0,1
438_aug_6,0,0,1
439,0,0,1
439_aug_1,0,0,1
439_aug_2,0,0,1
439_aug_3,0,0,1
439_aug_4,0,0,1
439_aug_5,0,0,1
439_aug_6,0,0,1
441,28,1,1
441_aug_1,32,1,1
441_aug_2,35,1,1
441_aug_3,29,1,1
441_aug_4,30,1,1
441_aug_5,36,1,1
441_aug_6,36,1,1
442,9,1,1
442_aug_1,10,1,1
442_aug_2,10,1,1
442_aug_3,9,1,1
442_aug_4,16,1,1
442_aug_5,12,1,1
442_aug_6,14,1,1
443,19,1,1
443_aug_1,21,1,1
443_aug_2,23,1,1
443_aug_3,19,1,1
443_aug_4,24,1,1
443_aug_5,27,1,1
443_aug_6,23,1,1
444,30,1,1
444_aug_1,36,1,1
444_aug_2,36,1,1
444_aug_3,35,1,1
444_aug_4,38,1,1
444_aug_5,37,1,1
444_aug_6,36,1,1
448,13,1,1
448_aug_1,16,1,1
448_aug_2,18,1,1
448_aug_3,18,1,1
448_aug_4,13,1,1
448_aug_5,17,1,1
448_aug_6,19,1,1
449,14,1,1
449_aug_1,19,1,1
449_aug_2,17,1,1
449_aug_3,16,1,1
449_aug_4,16,1,1
449_aug_5,18,1,1
449_aug_6,15,1,1
450,15,1,1
450_aug_1,23,1,1
450_aug_2,19,1,1
450_aug_3,16,1,1
450_aug_4,20,1,1
450_aug_5,18,1,1
450_aug_6,17,1,1
451,90,1,1
451_aug_1,98,1,1
451_aug_2,92,1,1
451_aug_3,96,1,1
451_aug_4,98,1,1
451_aug_5,97,1,1
451_aug_6,96,1,1
452,25,1,1
452_aug_1,26,1,1
452_aug_2,29,1,1
452_aug_3,27,1,1
452_aug_4,27,1,1
452_aug_5,26,1,1
452_aug_6,25,1,1
453,0,0,1
453_aug_1,0,0,1
453_aug_2,0,0,1
453_aug_3,0,0,1
453_aug_4,0,0,1
453_aug_5,0,0,1
453_aug_6,0,0,1
454,22,1,1
454_aug_1,27,1,1
454_aug_2,25,1,1
454_aug_3,25,1,1
454_aug_4,28,1,1
454_aug_5,26,1,1
454_aug_6,26,1,1
455,29,1,1
455_aug_1,33,1,1
455_aug_2,34,1,1
455_aug_3,33,1,1
455_aug_4,37,1,1
455_aug_5,32,1,1
455_aug_6,33,1,1
456,25,1,1
456_aug_1,28,1,1
456_aug_2,26,1,1
456_aug_3,26,1,1
456_aug_4,27,1,1
456_aug_5,25,1,1
456_aug_6,27,1,1
457,35,1,1
457_aug_1,39,1,1
457_aug_2,41,1,1
457_aug_3,37,1,1
457_aug_4,41,1,1
457_aug_5,42,1,1
457_aug_6,35,1,1
458,20,1,1
458_aug_1,23,1,1
458_aug_2,22,1,1
458_aug_3,20,1,1
458_aug_4,23,1,1
458_aug_5,23,1,1
458_aug_6,22,1,1
459,22,1,1
459_aug_1,24,1,1
459_aug_2,25,1,1
459_aug_3,27,1,1
459_aug_4,28,1,1
459_aug_5,25,1,1
459_aug_6,24,1,1
460,19,1,1
460_aug_1,21,1,1
460_aug_2,20,1,1
460_aug_3,19,1,1
460_aug_4,21,1,1
460_aug_5,19,1,1
460_aug_6,19,1,1
461,18,1,1
461_aug_1,22,1,1
461_aug_2,19,1,1
461_aug_3,21,1,1
461_aug_4,21,1,1
461_aug_5,20,1,1
461_aug_6,26,1,1
462,20,1,1
462_aug_1,21,1,1
462_aug_2,22,1,1
462_aug_3,20,1,1
462_aug_4,21,1,1
462_aug_5,26,1,1
462_aug_6,21,1,1
464,25,1,1
464_aug_1,26,1,1
464_aug_2,27,1,1
464_aug_3,27,1,1
464_aug_4,28,1,1
464_aug_5,28,1,1
464_aug_6,32,1,1
465,15,1,1
465_aug_1,16,1,1
465_aug_2,17,1,1
465_aug_3,15,1,1
465_aug_4,21,1,1
465_aug_5,19,1,1
465_aug_6,18,1,1
468,43,1,1
468_aug_1,43,1,1
468_aug_2,43,1,1
468_aug_3,44,1,1
468_aug_4,47,1,1
468_aug_5,45,1,1
468_aug_6,46,1,1
469,23,1,1
469_aug_1,30,1,1
469_aug_2,31,1,1
469_aug_3,26,1,1
469_aug_4,27,1,1
469_aug_5,24,1,1
469_aug_6,32,1,1
470,18,1,1
470_aug_1,25,1,1
470_aug_2,20,1,1
470_aug_3,22,1,1
470_aug_4,22,1,1
470_aug_5,24,1,1
470_aug_6,20,1,1
471,12,1,1
471_aug_1,13,1,1
471_aug_2,14,1,1
471_aug_3,14,1,1
471_aug_4,12,1,1
471_aug_5,12,1,1
471_aug_6,12,1,1
472,23,1,1
472_aug_1,27,1,1
472_aug_2,29,1,1
472_aug_3,26,1,1
472_aug_4,26,1,1
472_aug_5,23,1,1
472_aug_6,24,1,1
473,0,0,1
473_aug_1,0,0,1
473_aug_2,0,0,1
473_aug_3,0,0,1
473_aug_4,0,0,1
473_aug_5,0,0,1
473_aug_6,0,0,1
474,12,1,1
474_aug_1,20,1,1
474_aug_2,15,1,1
474_aug_3,20,1,1
474_aug_4,19,1,1
474_aug_5,15,1,1
474_aug_6,12,1,1
475,21,1,1
475_aug_1,24,1,1
475_aug_2,30,1,1
475_aug_3,23,1,1
475_aug_4,24,1,1
475_aug_5,21,1,1
475_aug_6,24,1,1
477,25,1,1
477_aug_1,27,1,1
477_aug_2,33,1,1
477_aug_3,31,1,1
477_aug_4,29,1,1
477_aug_5,29,1,1
477_aug_6,26,1,1
479,30,1,1
479_aug_1,34,1,1
479_aug_2,39,1,1
479_aug_3,39,1,1
479_aug_4,40,1,1
479_aug_5,38,1,1
479_aug_6,41,1,1
480,0,0,1
480_aug_1,0,0,1
480_aug_2,0,0,1
480_aug_3,0,0,1
480_aug_4,0,0,1
480_aug_5,0,0,1
480_aug_6,0,0,1
481,0,0,1
481_aug_1,0,0,1
481_aug_2,0,0,1
481_aug_3,0,0,1
481_aug_4,0,0,1
481_aug_5,0,0,1
481_aug_6,0,0,1
483,22,1,1
483_aug_1,32,1,1
483_aug_2,29,1,1
483_aug_3,26,1,1
483_aug_4,25,1,1
483_aug_5,28,1,1
483_aug_6,28,1,1
484,14,1,1
484_aug_1,16,1,1
484_aug_2,14,1,1
484_aug_3,17,1,1
484_aug_4,19,1,1
484_aug_5,14,1,1
484_aug_6,18,1,1
486,34,1,1
486_aug_1,34,1,1
486_aug_2,38,1,1
486_aug_3,36,1,1
486_aug_4,35,1,1
486_aug_5,35,1,1
486_aug_6,34,1,1
487,16,1,1
487_aug_1,16,1,1
487_aug_2,18,1,1
487_aug_3,18,1,1
487_aug_4,19,1,1
487_aug_5,16,1,1
487_aug_6,20,1,1
488,28,1,1
488_aug_1,29,1,1
488_aug_2,32,1,1
488_aug_3,31,1,1
488_aug_4,29,1,1
488_aug_5,29,1,1
488_aug_6,28,1,1
490,18,1,1
490_aug_1,24,1,1
490_aug_2,23,1,1
490_aug_3,26,1,1
490_aug_4,19,1,1
490_aug_5,22,1,1
490_aug_6,25,1,1
491,24,1,1
491_aug_1,25,1,1
491_aug_2,26,1,1
491_aug_3,27,1,1
491_aug_4,28,1,1
491_aug_5,27,1,1
491_aug_6,31,1,1
492,15,1,1
492_aug_1,17,1,1
492_aug_2,16,1,1
492_aug_3,21,1,1
492_aug_4,17,1,1
492_aug_5,16,1,1
492_aug_6,19,1,1
493,21,1,1
493_aug_1,25,1,1
493_aug_2,25,1,1
493_aug_3,27,1,1
493_aug_4,25,1,1
493_aug_5,23,1,1
493_aug_6,25,1,1
494,34,1,1
494_aug_1,43,1,1
494_aug_2,42,1,1
494_aug_3,38,1,1
494_aug_4,39,1,1
494_aug_5,41,1,1
494_aug_6,37,1,1
495,15,1,1
495_aug_1,18,1,1
495_aug_2,18,1,1
495_aug_3,15,1,1
495_aug_4,16,1,1
495_aug_5,15,1,1
495_aug_6,17,1,1
498,30,1,1
498_aug_1,35,1,1
498_aug_2,34,1,1
498_aug_3,34,1,1
498_aug_4,33,1,1
498_aug_5,35,1,1
498_aug_6,34,1,1
502,63,1,1
502_aug_1,67,1,1
502_aug_2,68,1,1
502_aug_3,78,1,1
502_aug_4,67,1,1
502_aug_5,69,1,1
502_aug_6,70,1,1
503,17,1,1
503_aug_1,24,1,1
503_aug_2,19,1,1
503_aug_3,17,1,1
503_aug_4,21,1,1
503_aug_5,17,1,1
503_aug_6,21,1,1
507,15,1,1
507_aug_1,15,1,1
507_aug_2,19,1,1
507_aug_3,18,1,1
507_aug_4,25,1,1
507_aug_5,20,1,1
507_aug_6,19,1,1
508,17,1,1
508_aug_1,18,1,1
508_aug_2,19,1,1
508_aug_3,20,1,1
508_aug_4,22,1,1
508_aug_5,21,1,1
508_aug_6,19,1,1
509,42,1,1
509_aug_1,43,1,1
509_aug_2,42,1,1
509_aug_3,43,1,1
509_aug_4,44,1,1
509_aug_5,43,1,1
509_aug_6,45,1,1
510,17,1,1
510_aug_1,17,1,1
510_aug_2,22,1,1
510_aug_3,20,1,1
510_aug_4,17,1,1
510_aug_5,17,1,1
510_aug_6,20,1,1
511,17,1,1
511_aug_1,22,1,1
511_aug_2,20,1,1
511_aug_3,20,1,1
511_aug_4,20,1,1
511_aug_5,20,1,1
511_aug_6,20,1,1
512,24,1,1
512_aug_1,29,1,1
512_aug_2,28,1,1
512_aug_3,34,1,1
512_aug_4,29,1,1
512_aug_5,28,1,1
512_aug_6,28,1,1
513,56,1,1
513_aug_1,59,1,1
513_aug_2,61,1,1
513_aug_3,58,1,1
513_aug_4,58,1,1
513_aug_5,62,1,1
513_aug_6,60,1,1
514,21,1,1
514_aug_1,22,1,1
514_aug_2,26,1,1
514_aug_3,24,1,1
514_aug_4,24,1,1
514_aug_5,24,1,1
514_aug_6,24,1,1
516,11,1,1
516_aug_1,14,1,1
516_aug_2,13,1,1
516_aug_3,11,1,1
516_aug_4,12,1,1
516_aug_5,12,1,1
516_aug_6,14,1,1
517,0,0,1
517_aug_1,0,0,1
517_aug_2,0,0,1
517_aug_3,0,0,1
517_aug_4,0,0,1
517_aug_5,0,0,1
517_aug_6,0,0,1
520,30,1,1
520_aug_1,31,1,1
520_aug_2,30,1,1
520_aug_3,33,1,1
520_aug_4,33,1,1
520_aug_5,32,1,1
520_aug_6,37,1,1
521,30,1,1
521_aug_1,35,1,1
521_aug_2,35,1,1
521_aug_3,31,1,1
521_aug_4,33,1,1
521_aug_5,33,1,1
521_aug_6,33,1,1
522,25,1,1
522_aug_1,27,1,1
522_aug_2,25,1,1
522_aug_3,26,1,1
522_aug_4,29,1,1
522_aug_5,29,1,1
522_aug_6,29,1,1
527,22,1,1
527_aug_1,24,1,1
527_aug_2,26,1,1
527_aug_3,25,1,1
527_aug_4,27,1,1
527_aug_5,30,1,1
527_aug_6,26,1,1
529,24,1,1
529_aug_1,25,1,1
529_aug_2,26,1,1
529_aug_3,29,1,1
529_aug_4,28,1,1
529_aug_5,26,1,1
529_aug_6,26,1,1
530,0,0,1
530_aug_1,0,0,1
530_aug_2,0,0,1
530_aug_3,0,0,1
530_aug_4,0,0,1
530_aug_5,0,0,1
530_aug_6,0,0,1
532,21,1,1
532_aug_1,23,1,1
532_aug_2,22,1,1
532_aug_3,22,1,1
532_aug_4,22,1,1
532_aug_5,21,1,1
532_aug_6,22,1,1
533,37,1,1
533_aug_1,45,1,1
533_aug_2,40,1,1
533_aug_3,43,1,1
533_aug_4,40,1,1
533_aug_5,42,1,1
533_aug_6,46,1,1
535,29,1,1
535_aug_1,35,1,1
535_aug_2,33,1,1
535_aug_3,36,1,1
535_aug_4,35,1,1
535_aug_5,31,1,1
535_aug_6,32,1,1
536,21,1,1
536_aug_1,28,1,1
536_aug_2,27,1,1
536_aug_3,25,1,1
536_aug_4,26,1,1
536_aug_5,25,1,1
536_aug_6,27,1,1
538,14,1,1
538_aug_1,15,1,1
538_aug_2,15,1,1
538_aug_3,14,1,1
538_aug_4,16,1,1
538_aug_5,14,1,1
538_aug_6,15,1,1
540,20,1,1
540_aug_1,24,1,1
540_aug_2,25,1,1
540_aug_3,25,1,1
540_aug_4,21,1,1
540_aug_5,20,1,1
540_aug_6,20,1,1
541,35,1,1
541_aug_1,40,1,1
541_aug_2,37,1,1
541_aug_3,36,1,1
541_aug_4,38,1,1
541_aug_5,39,1,1
541_aug_6,39,1,1
543,11,1,1
543_aug_1,14,1,1
543_aug_2,14,1,1
543_aug_3,13,1,1
543_aug_4,12,1,1
543_aug_5,12,1,1
543_aug_6,14,1,1
544,13,1,1
544_aug_1,18,1,1
544_aug_2,14,1,1
544_aug_3,17,1,1
544_aug_4,19,1,1
544_aug_5,13,1,1
544_aug_6,16,1,1
545,12,1,1
545_aug_1,15,1,1
545_aug_2,12,1,1
545_aug_3,12,1,1
545_aug_4,15,1,1
545_aug_5,14,1,1
545_aug_6,14,1,1
547,24,1,1
547_aug_1,24,1,1
547_aug_2,27,1,1
547_aug_3,29,1,1
547_aug_4,29,1,1
547_aug_5,29,1,1
547_aug_6,27,1,1
549,43,1,1
549_aug_1,47,1,1
549_aug_2,50,1,1
549_aug_3,47,1,1
549_aug_4,47,1,1
549_aug_5,43,1,1
549_aug_6,52,1,1
550,0,0,1
550_aug_1,0,0,1
550_aug_2,0,0,1
550_aug_3,0,0,1
550_aug_4,0,0,1
550_aug_5,0,0,1
550_aug_6,0,0,1
552,21,1,1
552_aug_1,23,1,1
552_aug_2,26,1,1
552_aug_3,27,1,1
552_aug_4,27,1,1
552_aug_5,23,1,1
552_aug_6,25,1,1
554,16,1,1
554_aug_1,20,1,1
554_aug_2,19,1,1
554_aug_3,19,1,1
554_aug_4,23,1,1
554_aug_5,20,1,1
554_aug_6,19,1,1
555,14,1,1
555_aug_1,20,1,1
555_aug_2,19,1,1
555_aug_3,14,1,1
555_aug_4,18,1,1
555_aug_5,17,1,1
555_aug_6,16,1,1
556,11,1,1
556_aug_1,14,1,1
556_aug_2,13,1,1
556_aug_3,12,1,1
556_aug_4,14,1,1
556_aug_5,16,1,1
556_aug_6,13,1,1
557,15,1,1
557_aug_1,22,1,1
557_aug_2,22,1,1
557_aug_3,16,1,1
557_aug_4,16,1,1
557_aug_5,20,1,1
557_aug_6,17,1,1
558,24,1,1
558_aug_1,29,1,1
558_aug_2,28,1,1
558_aug_3,31,1,1
558_aug_4,29,1,1
558_aug_5,26,1,1
558_aug_6,27,1,1
563,48,1,1
563_aug_1,57,1,1
563_aug_2,58,1,1
563_aug_3,49,1,1
563_aug_4,55,1,1
563_aug_5,59,1,1
563_aug_6,50,1,1
564,36,1,1
564_aug_1,38,1,1
564_aug_2,43,1,1
564_aug_3,41,1,1
564_aug_4,37,1,1
564_aug_5,42,1,1
564_aug_6,38,1,1
565,22,1,1
565_aug_1,24,1,1
565_aug_2,23,1,1
565_aug_3,23,1,1
565_aug_4,26,1,1
565_aug_5,23,1,1
565_aug_6,25,1,1
567,26,1,1
567_aug_1,28,1,1
567_aug_2,29,1,1
567_aug_3,27,1,1
567_aug_4,33,1,1
567_aug_5,32,1,1
567_aug_6,33,1,1
568,35,1,1
568_aug_1,37,1,1
568_aug_2,35,1,1
568_aug_3,37,1,1
568_aug_4,37,1,1
568_aug_5,39,1,1
568_aug_6,36,1,1
570,12,1,1
570_aug_1,17,1,1
570_aug_2,17,1,1
570_aug_3,15,1,1
570_aug_4,14,1,1
570_aug_5,16,1,1
570_aug_6,16,1,1
571,11,1,1
571_aug_1,15,1,1
571_aug_2,11,1,1
571_aug_3,13,1,1
571_aug_4,14,1,1
571_aug_5,15,1,1
571_aug_6,11,1,1
572,6,1,1
572_aug_1,6,1,1
572_aug_2,8,1,1
572_aug_3,7,1,1
572_aug_4,9,1,1
572_aug_5,12,1,1
572_aug_6,6,1,1
573,30,1,1
573_aug_1,34,1,1
573_aug_2,33,1,1
573_aug_3,33,1,1
573_aug_4,32,1,1
573_aug_5,30,1,1
573_aug_6,30,1,1
577,29,1,1
577_aug_1,38,1,1
577_aug_2,34,1,1
577_aug_3,32,1,1
577_aug_4,32,1,1
577_aug_5,34,1,1
577_aug_6,31,1,1
581,14,1,1
581_aug_1,17,1,1
581_aug_2,16,1,1
581_aug_3,15,1,1
581_aug_4,16,1,1
581_aug_5,17,1,1
581_aug_6,17,1,1
582,17,1,1
582_aug_1,21,1,1
582_aug_2,20,1,1
582_aug_3,24,1,1
582_aug_4,21,1,1
582_aug_5,20,1,1
582_aug_6,19,1,1
583,0,0,1
583_aug_1,0,0,1
583_aug_2,0,0,1
583_aug_3,0,0,1
583_aug_4,0,0,1
583_aug_5,0,0,1
583_aug_6,0,0,1
584,22,1,1
584_aug_1,26,1,1
584_aug_2,25,1,1
584_aug_3,26,1,1
584_aug_4,27,1,1
584_aug_5,29,1,1
584_aug_6,24,1,1
586,37,1,1
586_aug_1,39,1,1
586_aug_2,44,1,1
586_aug_3,40,1,1
586_aug_4,44,1,1
586_aug_5,47,1,1
586_aug_6,42,1,1
587,28,1,1
587_aug_1,30,1,1
587_aug_2,33,1,1
587_aug_3,33,1,1
587_aug_4,35,1,1
587_aug_5,32,1,1
587_aug_6,34,1,1
588,16,1,1
588_aug_1,19,1,1
588_aug_2,22,1,1
588_aug_3,20,1,1
588_aug_4,22,1,1
588_aug_5,20,1,1
588_aug_6,17,1,1
590,27,1,1
590_aug_1,32,1,1
590_aug_2,33,1,1
590_aug_3,35,1,1
590_aug_4,36,1,1
590_aug_5,34,1,1
590_aug_6,32,1,1
591,34,1,1
591_aug_1,37,1,1
591_aug_2,35,1,1
591_aug_3,35,1,1
591_aug_4,36,1,1
591_aug_5,40,1,1
591_aug_6,37,1,1
592,0,0,1
592_aug_1,0,0,1
592_aug_2,0,0,1
592_aug_3,0,0,1
592_aug_4,0,0,1
592_aug_5,0,0,1
592_aug_6,0,0,1
593,23,1,1
593_aug_1,24,1,1
593_aug_2,27,1,1
593_aug_3,25,1,1
593_aug_4,25,1,1
593_aug_5,26,1,1
593_aug_6,27,1,1
594,23,1,1
594_aug_1,24,1,1
594_aug_2,27,1,1
594_aug_3,24,1,1
594_aug_4,26,1,1
594_aug_5,27,1,1
594_aug_6,27,1,1
595,17,1,1
595_aug_1,18,1,1
595_aug_2,19,1,1
595_aug_3,24,1,1
595_aug_4,21,1,1
595_aug_5,21,1,1
595_aug_6,20,1,1
596,15,1,1
596_aug_1,17,1,1
596_aug_2,19,1,1
596_aug_3,17,1,1
596_aug_4,18,1,1
596_aug_5,16,1,1
596_aug_6,15,1,1
600,22,1,1
600_aug_1,28,1,1
600_aug_2,25,1,1
600_aug_3,23,1,1
600_aug_4,22,1,1
600_aug_5,24,1,1
600_aug_6,24,1,1
601,38,1,1
601_aug_1,39,1,1
601_aug_2,40,1,1
601_aug_3,42,1,1
601_aug_4,41,1,1
601_aug_5,41,1,1
601_aug_6,41,1,1
604,24,1,1
604_aug_1,28,1,1
604_aug_2,29,1,1
604_aug_3,27,1,1
604_aug_4,30,1,1
604_aug_5,24,1,1
604_aug_6,29,1,1
605,21,1,1
605_aug_1,27,1,1
605_aug_2,23,1,1
605_aug_3,26,1,1
605_aug_4,28,1,1
605_aug_5,26,1,1
605_aug_6,25,1,1
606,31,1,1
606_aug_1,31,1,1
606_aug_2,31,1,1
606_aug_3,31,1,1
606_aug_4,34,1,1
606_aug_5,32,1,1
606_aug_6,35,1,1
607,27,1,1
607_aug_1,30,1,1
607_aug_2,29,1,1
607_aug_3,31,1,1
607_aug_4,30,1,1
607_aug_5,31,1,1
607_aug_6,32,1,1
608,16,1,1
608_aug_1,17,1,1
608_aug_2,22,1,1
608_aug_3,19,1,1
608_aug_4,16,1,1
608_aug_5,18,1,1
608_aug_6,17,1,1
610,0,0,1
610_aug_1,0,0,1
610_aug_2,0,0,1
610_aug_3,0,0,1
610_aug_4,0,0,1
610_aug_5,0,0,1
610_aug_6,0,0,1
611,29,1,1
611_aug_1,32,1,1
611_aug_2,33,1,1
611_aug_3,32,1,1
611_aug_4,34,1,1
611_aug_5,36,1,1
611_aug_6,35,1,1
612,38,1,1
612_aug_1,41,1,1
612_aug_2,41,1,1
612_aug_3,40,1,1
612_aug_4,41,1,1
612_aug_5,40,1,1
612_aug_6,41,1,1
613,9,1,1
613_aug_1,9,1,1
613_aug_2,9,1,1
613_aug_3,11,1,1
613_aug_4,9,1,1
613_aug_5,11,1,1
613_aug_6,11,1,1
615,22,1,1
615_aug_1,24,1,1
615_aug_2,26,1,1
615_aug_3,25,1,1
615_aug_4,23,1,1
615_aug_5,25,1,1
615_aug_6,24,1,1
616,30,1,1
616_aug_1,34,1,1
616_aug_2,33,1,1
616_aug_3,36,1,1
616_aug_4,34,1,1
616_aug_5,32,1,1
616_aug_6,33,1,1
618,26,1,1
618_aug_1,31,1,1
618_aug_2,29,1,1
618_aug_3,30,1,1
618_aug_4,29,1,1
618_aug_5,29,1,1
618_aug_6,34,1,1
619,26,1,1
619_aug_1,32,1,1
619_aug_2,29,1,1
619_aug_3,30,1,1
619_aug_4,27,1,1
619_aug_5,29,1,1
619_aug_6,28,1,1
621,21,1,1
621_aug_1,26,1,1
621_aug_2,26,1,1
621_aug_3,23,1,1
621_aug_4,22,1,1
621_aug_5,22,1,1
621_aug_6,23,1,1
622,6,1,1
622_aug_1,8,1,1
622_aug_2,6,1,1
622_aug_3,8,1,1
622_aug_4,9,1,1
622_aug_5,6,1,1
622_aug_6,6,1,1
623,27,1,1
623_aug_1,29,1,1
623_aug_2,27,1,1
623_aug_3,31,1,1
623_aug_4,29,1,1
623_aug_5,31,1,1
623_aug_6,32,1,1
624,23,1,1
624_aug_1,29,1,1
624_aug_2,23,1,1
624_aug_3,24,1,1
624_aug_4,24,1,1
624_aug_5,25,1,1
624_aug_6,27,1,1
626,17,1,1
626_aug_1,23,1,1
626_aug_2,20,1,1
626_aug_3,19,1,1
626_aug_4,21,1,1
626_aug_5,24,1,1
626_aug_6,21,1,1
628,46,1,1
628_aug_1,48,1,1
628_aug_2,50,1,1
628_aug_3,50,1,1
628_aug_4,46,1,1
628_aug_5,49,1,1
628_aug_6,49,1,1
629,19,1,1
629_aug_1,24,1,1
629_aug_2,26,1,1
629_aug_3,24,1,1
629_aug_4,21,1,1
629_aug_5,21,1,1
629_aug_6,22,1,1
630,17,1,1
630_aug_1,20,1,1
630_aug_2,20,1,1
630_aug_3,27,1,1
630_aug_4,18,1,1
630_aug_5,25,1,1
630_aug_6,20,1,1
631,34,1,1
631_aug_1,37,1,1
631_aug_2,37,1,1
631_aug_3,42,1,1
631_aug_4,45,1,1
631_aug_5,42,1,1
631_aug_6,36,1,1
632,16,1,1
632_aug_1,18,1,1
632_aug_2,20,1,1
632_aug_3,18,1,1
632_aug_4,17,1,1
632_aug_5,18,1,1
632_aug_6,18,1,1
633,21,1,1
633_aug_1,29,1,1
633_aug_2,23,1,1
633_aug_3,24,1,1
633_aug_4,24,1,1
633_aug_5,26,1,1
633_aug_6,21,1,1
634,0,0,1
634_aug_1,0,0,1
634_aug_2,0,0,1
634_aug_3,0,0,1
634_aug_4,0,0,1
634_aug_5,0,0,1
634_aug_6,0,0,1
635,0,0,1
635_aug_1,0,0,1
635_aug_2,0,0,1
635_aug_3,0,0,1
635_aug_4,0,0,1
635_aug_5,0,0,1
635_aug_6,0,0,1
637,9,1,1
637_aug_1,9,1,1
637_aug_2,9,1,1
637_aug_3,14,1,1
637_aug_4,9,1,1
637_aug_5,9,1,1
637_aug_6,12,1,1
638,0,0,1
638_aug_1,0,0,1
638_aug_2,0,0,1
638_aug_3,0,0,1
638_aug_4,0,0,1
638_aug_5,0,0,1
638_aug_6,0,0,1
639,18,1,1
639_aug_1,20,1,1
639_aug_2,22,1,1
639_aug_3,18,1,1
639_aug_4,25,1,1
639_aug_5,22,1,1
639_aug_6,24,1,1
640,21,1,1
640_aug_1,22,1,1
640_aug_2,23,1,1
640_aug_3,22,1,1
640_aug_4,22,1,1
640_aug_5,23,1,1
640_aug_6,23,1,1
642,0,0,1
642_aug_1,0,0,1
642_aug_2,0,0,1
642_aug_3,0,0,1
642_aug_4,0,0,1
642_aug_5,0,0,1
642_aug_6,0,0,1
643,0,0,1
643_aug_1,0,0,1
643_aug_2,0,0,1
643_aug_3,0,0,1
643_aug_4,0,0,1
643_aug_5,0,0,1
643_aug_6,0,0,1
645,21,1,1
645_aug_1,24,1,1
645_aug_2,23,1,1
645_aug_3,23,1,1
645_aug_4,33,1,1
645_aug_5,24,1,1
645_aug_6,22,1,1
646,17,1,1
646_aug_1,23,1,1
646_aug_2,21,1,1
646_aug_3,19,1,1
646_aug_4,21,1,1
646_aug_5,20,1,1
646_aug_6,20,1,1
649,37,1,1
649_aug_1,39,1,1
649_aug_2,39,1,1
649_aug_3,46,1,1
649_aug_4,39,1,1
649_aug_5,45,1,1
649_aug_6,42,1,1
651,24,1,1
651_aug_1,24,1,1
651_aug_2,28,1,1
651_aug_3,29,1,1
651_aug_4,29,1,1
651_aug_5,28,1,1
651_aug_6,32,1,1
652,13,1,1
652_aug_1,17,1,1
652_aug_2,14,1,1
652_aug_3,17,1,1
652_aug_4,19,1,1
652_aug_5,18,1,1
652_aug_6,18,1,1
653,13,1,1
653_aug_1,15,1,1
653_aug_2,16,1,1
653_aug_3,19,1,1
653_aug_4,19,1,1
653_aug_5,16,1,1
653_aug_6,13,1,1
654,6,1,1
654_aug_1,9,1,1
654_aug_2,8,1,1
654_aug_3,6,1,1
654_aug_4,9,1,1
654_aug_5,6,1,1
654_aug_6,6,1,1
655,16,1,1
655_aug_1,24,1,1
655_aug_2,16,1,1
655_aug_3,21,1,1
655_aug_4,22,1,1
655_aug_5,20,1,1
655_aug_6,20,1,1
656,0,0,1
656_aug_1,0,0,1
656_aug_2,0,0,1
656_aug_3,0,0,1
656_aug_4,0,0,1
656_aug_5,0,0,1
656_aug_6,0,0,1
657,17,1,1
657_aug_1,18,1,1
657_aug_2,20,1,1
657_aug_3,22,1,1
657_aug_4,22,1,1
657_aug_5,20,1,1
657_aug_6,20,1,1
659,22,1,1
659_aug_1,25,1,1
659_aug_2,27,1,1
659_aug_3,26,1,1
659_aug_4,27,1,1
659_aug_5,26,1,1
659_aug_6,23,1,1
660,26,1,1
660_aug_1,27,1,1
660_aug_2,29,1,1
660_aug_3,29,1,1
660_aug_4,32,1,1
660_aug_5,29,1,1
660_aug_6,27,1,1
661,21,1,1
661_aug_1,22,1,1
661_aug_2,21,1,1
661_aug_3,21,1,1
661_aug_4,22,1,1
661_aug_5,23,1,1
661_aug_6,22,1,1
662,6,1,1
662_aug_1,6,1,1
662_aug_2,6,1,1
662_aug_3,6,1,1
662_aug_4,6,1,1
662_aug_5,6,1,1
662_aug_6,6,1,1
663,20,1,1
663_aug_1,22,1,1
663_aug_2,24,1,1
663_aug_3,21,1,1
663_aug_4,21,1,1
663_aug_5,23,1,1
663_aug_6,24,1,1
668,28,1,1
668_aug_1,31,1,1
668_aug_2,30,1,1
668_aug_3,34,1,1
668_aug_4,32,1,1
668_aug_5,33,1,1
668_aug_6,29,1,1
670,18,1,1
670_aug_1,20,1,1
670_aug_2,21,1,1
670_aug_3,19,1,1
670_aug_4,20,1,1
670_aug_5,20,1,1
670_aug_6,23,1,1
671,29,1,1
671_aug_1,33,1,1
671_aug_2,30,1,1
671_aug_3,32,1,1
671_aug_4,34,1,1
671_aug_5,31,1,1
671_aug_6,29,1,1
672,0,0,1
672_aug_1,0,0,1
672_aug_2,0,0,1
672_aug_3,0,0,1
672_aug_4,0,0,1
672_aug_5,0,0,1
672_aug_6,0,0,1
674,21,1,1
674_aug_1,25,1,1
674_aug_2,25,1,1
674_aug_3,27,1,1
674_aug_4,24,1,1
674_aug_5,21,1,1
674_aug_6,24,1,1
675,10,1,1
675_aug_1,13,1,1
675_aug_2,16,1,1
675_aug_3,13,1,1
675_aug_4,12,1,1
675_aug_5,10,1,1
675_aug_6,10,1,1
677,36,1,1
677_aug_1,40,1,1
677_aug_2,40,1,1
677_aug_3,38,1,1
677_aug_4,42,1,1
677_aug_5,40,1,1
677_aug_6,42,1,1
680,21,1,1
680_aug_1,24,1,1
680_aug_2,24,1,1
680_aug_3,22,1,1
680_aug_4,26,1,1
680_aug_5,23,1,1
680_aug_6,21,1,1
681,32,1,1
681_aug_1,33,1,1
681_aug_2,38,1,1
681_aug_3,33,1,1
681_aug_4,34,1,1
681_aug_5,34,1,1
681_aug_6,34,1,1
686,16,1,1
686_aug_1,19,1,1
686_aug_2,21,1,1
686_aug_3,22,1,1
686_aug_4,23,1,1
686_aug_5,21,1,1
686_aug_6,21,1,1
687,27,1,1
687_aug_1,30,1,1
687_aug_2,29,1,1
687_aug_3,30,1,1
687_aug_4,31,1,1
687_aug_5,30,1,1
687_aug_6,30,1,1
688,50,1,1
688_aug_1,52,1,1
688_aug_2,54,1,1
688_aug_3,55,1,1
688_aug_4,57,1,1
688_aug_5,56,1,1
688_aug_6,56,1,1
691,16,1,1
691_aug_1,20,1,1
691_aug_2,17,1,1
691_aug_3,21,1,1
691_aug_4,19,1,1
691_aug_5,18,1,1
691_aug_6,19,1,1
693,25,1,1
693_aug_1,26,1,1
693_aug_2,29,1,1
693_aug_3,27,1,1
693_aug_4,33,1,1
693_aug_5,29,1,1
693_aug_6,26,1,1
694,18,1,1
694_aug_1,22,1,1
694_aug_2,21,1,1
694_aug_3,22,1,1
694_aug_4,20,1,1
694_aug_5,20,1,1
694_aug_6,19,1,1
695,25,1,1
695_aug_1,27,1,1
695_aug_2,29,1,1
695_aug_3,28,1,1
695_aug_4,26,1,1
695_aug_5,25,1,1
695_aug_6,26,1,1
698,14,1,1
698_aug_1,18,1,1
698_aug_2,18,1,1
698_aug_3,16,1,1
698_aug_4,14,1,1
698_aug_5,16,1,1
698_aug_6,17,1,1
699,34,1,1
699_aug_1,38,1,1
699_aug_2,35,1,1
699_aug_3,35,1,1
699_aug_4,35,1,1
699_aug_5,37,1,1
699_aug_6,37,1,1
701,33,1,1
701_aug_1,37,1,1
701_aug_2,34,1,1
701_aug_3,33,1,1
701_aug_4,36,1,1
701_aug_5,37,1,1
701_aug_6,34,1,1
704,16,1,1
704_aug_1,19,1,1
704_aug_2,19,1,1
704_aug_3,19,1,1
704_aug_4,17,1,1
704_aug_5,16,1,1
704_aug_6,24,1,1
705,0,0,1
705_aug_1,0,0,1
705_aug_2,0,0,1
705_aug_3,0,0,1
705_aug_4,0,0,1
705_aug_5,0,0,1
705_aug_6,0,0,1
706,36,1,1
706_aug_1,38,1,1
706_aug_2,39,1,1
706_aug_3,39,1,1
706_aug_4,42,1,1
706_aug_5,41,1,1
706_aug_6,38,1,1
708,23,1,1
708_aug_1,27,1,1
708_aug_2,27,1,1
708_aug_3,25,1,1
708_aug_4,29,1,1
708_aug_5,24,1,1
708_aug_6,29,1,1
709,28,1,1
709_aug_1,33,1,1
709_aug_2,34,1,1
709_aug_3,31,1,1
709_aug_4,39,1,1
709_aug_5,31,1,1
709_aug_6,30,1,1
712,18,1,1
712_aug_1,24,1,1
712_aug_2,21,1,1
712_aug_3,21,1,1
712_aug_4,21,1,1
712_aug_5,23,1,1
712_aug_6,19,1,1
713,44,1,1
713_aug_1,50,1,1
713_aug_2,48,1,1
713_aug_3,52,1,1
713_aug_4,51,1,1
713_aug_5,44,1,1
713_aug_6,46,1,1
714,24,1,1
714_aug_1,25,1,1
714_aug_2,26,1,1
714_aug_3,27,1,1
714_aug_4,26,1,1
714_aug_5,27,1,1
714_aug_6,24,1,1
716,0,0,1
716_aug_1,0,0,1
716_aug_2,0,0,1
716_aug_3,0,0,1
716_aug_4,0,0,1
716_aug_5,0,0,1
716_aug_6,0,0,1
718,12,1,1
718_aug_1,17,1,1
718_aug_2,16,1,1
718_aug_3,14,1,1
718_aug_4,19,1,1
718_aug_5,18,1,1
718_aug_6,17,1,1
720,17,1,1
720_aug_1,18,1,1
720_aug_2,18,1,1
720_aug_3,20,1,1
720_aug_4,20,1,1
720_aug_5,21,1,1
720_aug_6,18,1,1
721,11,1,1
721_aug_1,13,1,1
721_aug_2,11,1,1
721_aug_3,13,1,1
721_aug_4,13,1,1
721_aug_5,12,1,1
721_aug_6,14,1,1
722,25,1,1
722_aug_1,35,1,1
722_aug_2,29,1,1
722_aug_3,26,1,1
722_aug_4,28,1,1
722_aug_5,27,1,1
722_aug_6,29,1,1
723,24,1,1
723_aug_1,33,1,1
723_aug_2,30,1,1
723_aug_3,29,1,1
723_aug_4,25,1,1
723_aug_5,29,1,1
723_aug_6,25,1,1
725,16,1,1
725_aug_1,19,1,1
725_aug_2,20,1,1
725_aug_3,18,1,1
725_aug_4,19,1,1
725_aug_5,20,1,1
725_aug_6,19,1,1
727,0,0,1
727_aug_1,0,0,1
727_aug_2,0,0,1
727_aug_3,0,0,1
727_aug_4,0,0,1
727_aug_5,0,0,1
727_aug_6,0,0,1
730,0,0,1
730_aug_1,0,0,1
730_aug_2,0,0,1
730_aug_3,0,0,1
730_aug_4,0,0,1
730_aug_5,0,0,1
730_aug_6,0,0,1
731,17,1,1
731_aug_1,17,1,1
731_aug_2,21,1,1
731_aug_3,18,1,1
731_aug_4,21,1,1
731_aug_5,20,1,1
731_aug_6,20,1,1
732,19,1,1
732_aug_1,23,1,1
732_aug_2,21,1,1
732_aug_3,20,1,1
732_aug_4,20,1,1
732_aug_5,23,1,1
732_aug_6,20,1,1
735,22,1,1
735_aug_1,24,1,1
735_aug_2,24,1,1
735_aug_3,29,1,1
735_aug_4,24,1,1
735_aug_5,25,1,1
735_aug_6,23,1,1
736,0,0,1
736_aug_1,0,0,1
736_aug_2,0,0,1
736_aug_3,0,0,1
736_aug_4,0,0,1
736_aug_5,0,0,1
736_aug_6,0,0,1
737,23,1,1
737_aug_1,28,1,1
737_aug_2,25,1,1
737_aug_3,26,1,1
737_aug_4,27,1,1
737_aug_5,27,1,1
737_aug_6,25,1,1
738,9,1,1
738_aug_1,9,1,1
738_aug_2,11,1,1
738_aug_3,9,1,1
738_aug_4,10,1,1
738_aug_5,9,1,1
738_aug_6,14,1,1
739,20,1,1
739_aug_1,23,1,1
739_aug_2,22,1,1
739_aug_3,26,1,1
739_aug_4,23,1,1
739_aug_5,21,1,1
739_aug_6,24,1,1
740,10,1,1
740_aug_1,14,1,1
740_aug_2,10,1,1
740_aug_3,13,1,1
740_aug_4,13,1,1
740_aug_5,13,1,1
740_aug_6,11,1,1
741,24,1,1
741_aug_1,26,1,1
741_aug_2,29,1,1
741_aug_3,28,1,1
741_aug_4,29,1,1
741_aug_5,27,1,1
741_aug_6,27,1,1
742,24,1,1
742_aug_1,26,1,1
742_aug_2,27,1,1
742_aug_3,27,1,1
742_aug_4,26,1,1
742_aug_5,27,1,1
742_aug_6,31,1,1
745,18,1,1
745_aug_1,21,1,1
745_aug_2,20,1,1
745_aug_3,20,1,1
745_aug_4,22,1,1
745_aug_5,21,1,1
745_aug_6,22,1,1
746,25,1,1
746_aug_1,28,1,1
746_aug_2,29,1,1
746_aug_3,33,1,1
746_aug_4,29,1,1
746_aug_5,30,1,1
746_aug_6,30,1,1
750,35,1,1
750_aug_1,40,1,1
750_aug_2,43,1,1
750_aug_3,42,1,1
750_aug_4,37,1,1
750_aug_5,43,1,1
750_aug_6,39,1,1
751,21,1,1
751_aug_1,24,1,1
751_aug_2,29,1,1
751_aug_3,25,1,1
751_aug_4,26,1,1
751_aug_5,28,1,1
751_aug_6,23,1,1
752,19,1,1
752_aug_1,21,1,1
752_aug_2,19,1,1
752_aug_3,20,1,1
752_aug_4,24,1,1
752_aug_5,24,1,1
752_aug_6,22,1,1
753,21,1,1
753_aug_1,26,1,1
753_aug_2,25,1,1
753_aug_3,28,1,1
753_aug_4,33,1,1
753_aug_5,22,1,1
753_aug_6,29,1,1
756,15,1,1
756_aug_1,19,1,1
756_aug_2,18,1,1
756_aug_3,18,1,1
756_aug_4,20,1,1
756_aug_5,20,1,1
756_aug_6,20,1,1
757,27,1,1
757_aug_1,33,1,1
757_aug_2,32,1,1
757_aug_3,36,1,1
757_aug_4,32,1,1
757_aug_5,33,1,1
757_aug_6,32,1,1
758,11,1,1
758_aug_1,14,1,1
758_aug_2,12,1,1
758_aug_3,11,1,1
758_aug_4,13,1,1
758_aug_5,17,1,1
758_aug_6,15,1,1
760,41,1,1
760_aug_1,49,1,1
760_aug_2,43,1,1
760_aug_3,43,1,1
760_aug_4,45,1,1
760_aug_5,43,1,1
760_aug_6,41,1,1
761,9,1,1
761_aug_1,10,1,1
761_aug_2,9,1,1
761_aug_3,13,1,1
761_aug_4,9,1,1
761_aug_5,11,1,1
761_aug_6,12,1,1
764,15,1,1
764_aug_1,15,1,1
764_aug_2,19,1,1
764_aug_3,23,1,1
764_aug_4,16,1,1
764_aug_5,15,1,1
764_aug_6,18,1,1
765,20,1,1
765_aug_1,27,1,1
765_aug_2,26,1,1
765_aug_3,23,1,1
765_aug_4,26,1,1
765_aug_5,26,1,1
765_aug_6,23,1,1
766,0,0,1
766_aug_1,0,0,1
766_aug_2,0,0,1
766_aug_3,0,0,1
766_aug_4,0,0,1
766_aug_5,0,0,1
766_aug_6,0,0,1
767,18,1,1
767_aug_1,22,1,1
767_aug_2,24,1,1
767_aug_3,21,1,1
767_aug_4,24,1,1
767_aug_5,20,1,1
767_aug_6,26,1,1
768,17,1,1
768_aug_1,20,1,1
768_aug_2,18,1,1
768_aug_3,18,1,1
768_aug_4,21,1,1
768_aug_5,18,1,1
768_aug_6,20,1,1
772,34,1,1
772_aug_1,37,1,1
772_aug_2,35,1,1
772_aug_3,35,1,1
772_aug_4,38,1,1
772_aug_5,35,1,1
772_aug_6,37,1,1
773,28,1,1
773_aug_1,32,1,1
773_aug_2,29,1,1
773_aug_3,32,1,1
773_aug_4,35,1,1
773_aug_5,31,1,1
773_aug_6,33,1,1
776,37,1,1
776_aug_1,42,1,1
776_aug_2,41,1,1
776_aug_3,40,1,1
776_aug_4,45,1,1
776_aug_5,40,1,1
776_aug_6,38,1,1
777,29,1,1
777_aug_1,31,1,1
777_aug_2,34,1,1
777_aug_3,31,1,1
777_aug_4,34,1,1
777_aug_5,34,1,1
777_aug_6,34,1,1
778,19,1,1
778_aug_1,20,1,1
778_aug_2,22,1,1
778_aug_3,23,1,1
778_aug_4,22,1,1
778_aug_5,19,1,1
778_aug_6,21,1,1
780,35,1,1
780_aug_1,42,1,1
780_aug_2,39,1,1
780_aug_3,42,1,1
780_aug_4,37,1,1
780_aug_5,43,1,1
780_aug_6,44,1,1
781,12,1,1
781_aug_1,17,1,1
781_aug_2,14,1,1
781_aug_3,13,1,1
781_aug_4,15,1,1
781_aug_5,14,1,1
781_aug_6,14,1,1
782,19,1,1
782_aug_1,19,1,1
782_aug_2,20,1,1
782_aug_3,21,1,1
782_aug_4,20,1,1
782_aug_5,22,1,1
782_aug_6,22,1,1
783,19,1,1
783_aug_1,20,1,1
783_aug_2,21,1,1
783_aug_3,22,1,1
783_aug_4,22,1,1
783_aug_5,21,1,1
783_aug_6,24,1,1
784,20,1,1
784_aug_1,21,1,1
784_aug_2,21,1,1
784_aug_3,20,1,1
784_aug_4,23,1,1
784_aug_5,22,1,1
784_aug_6,23,1,1
785,20,1,1
785_aug_1,26,1,1
785_aug_2,22,1,1
785_aug_3,22,1,1
785_aug_4,27,1,1
785_aug_5,27,1,1
785_aug_6,21,1,1
790,10,1,1
790_aug_1,11,1,1
790_aug_2,10,1,1
790_aug_3,15,1,1
790_aug_4,13,1,1
790_aug_5,12,1,1
790_aug_6,15,1,1
791,14,1,1
791_aug_1,18,1,1
791_aug_2,16,1,1
791_aug_3,17,1,1
791_aug_4,15,1,1
791_aug_5,16,1,1
791_aug_6,15,1,1
792,12,1,1
792_aug_1,13,1,1
792_aug_2,14,1,1
792_aug_3,12,1,1
792_aug_4,15,1,1
792_aug_5,14,1,1
792_aug_6,17,1,1
793,46,1,1
793_aug_1,47,1,1
793_aug_2,51,1,1
793_aug_3,47,1,1
793_aug_4,51,1,1
793_aug_5,47,1,1
793_aug_6,53,1,1
794,20,1,1
794_aug_1,22,1,1
794_aug_2,24,1,1
794_aug_3,24,1,1
794_aug_4,27,1,1
794_aug_5,24,1,1
794_aug_6,22,1,1
795,14,1,1
795_aug_1,20,1,1
795_aug_2,14,1,1
795_aug_3,16,1,1
795_aug_4,19,1,1
795_aug_5,17,1,1
795_aug_6,18,1,1
797,33,1,1
797_aug_1,35,1,1
797_aug_2,39,1,1
797_aug_3,37,1,1
797_aug_4,39,1,1
797_aug_5,44,1,1
797_aug_6,38,1,1
798,8,1,1
798_aug_1,9,1,1
798_aug_2,10,1,1
798_aug_3,9,1,1
798_aug_4,10,1,1
798_aug_5,10,1,1
798_aug_6,10,1,1
800,57,1,1
800_aug_1,58,1,1
800_aug_2,62,1,1
800_aug_3,57,1,1
800_aug_4,61,1,1
800_aug_5,62,1,1
800_aug_6,63,1,1
801,14,1,1
801_aug_1,16,1,1
801_aug_2,20,1,1
801_aug_3,17,1,1
801_aug_4,14,1,1
801_aug_5,16,1,1
801_aug_6,16,1,1
804,26,1,1
804_aug_1,35,1,1
804_aug_2,29,1,1
804_aug_3,27,1,1
804_aug_4,29,1,1
804_aug_5,28,1,1
804_aug_6,27,1,1
805,17,1,1
805_aug_1,21,1,1
805_aug_2,19,1,1
805_aug_3,22,1,1
805_aug_4,21,1,1
805_aug_5,21,1,1
805_aug_6,24,1,1
806,29,1,1
806_aug_1,31,1,1
806_aug_2,33,1,1
806_aug_3,32,1,1
806_aug_4,32,1,1
806_aug_5,34,1,1
806_aug_6,31,1,1
808,28,1,1
808_aug_1,29,1,1
808_aug_2,31,1,1
808_aug_3,30,1,1
808_aug_4,32,1,1
808_aug_5,29,1,1
808_aug_6,30,1,1
810,25,1,1
810_aug_1,31,1,1
810_aug_2,30,1,1
810_aug_3,28,1,1
810_aug_4,26,1,1
810_aug_5,30,1,1
810_aug_6,27,1,1
812,24,1,1
812_aug_1,27,1,1
812_aug_2,24,1,1
812_aug_3,25,1,1
812_aug_4,25,1,1
812_aug_5,25,1,1
812_aug_6,28,1,1
815,0,0,1
815_aug_1,0,0,1
815_aug_2,0,0,1
815_aug_3,0,0,1
815_aug_4,0,0,1
815_aug_5,0,0,1
815_aug_6,0,0,1
817,17,1,1
817_aug_1,19,1,1
817_aug_2,18,1,1
817_aug_3,23,1,1
817_aug_4,21,1,1
817_aug_5,25,1,1
817_aug_6,20,1,1
819,12,1,1
819_aug_1,12,1,1
819_aug_2,16,1,1
819_aug_3,12,1,1
819_aug_4,12,1,1
819_aug_5,12,1,1
819_aug_6,14,1,1
820,29,1,1
820_aug_1,34,1,1
820_aug_2,33,1,1
820_aug_3,31,1,1
820_aug_4,33,1,1
820_aug_5,31,1,1
820_aug_6,34,1,1
824,20,1,0
824_aug_1,25,1,0
824_aug_2,23,1,0
824_aug_3,23,1,0
824_aug_4,23,1,0
824_aug_5,22,1,0
824_aug_6,22,1,0
825,0,0,1
825_aug_1,0,0,1
825_aug_2,0,0,1
825_aug_3,0,0,1
825_aug_4,0,0,1
825_aug_5,0,0,1
825_aug_6,0,0,1
827,12,1,1
827_aug_1,15,1,1
827_aug_2,12,1,1
827_aug_3,18,1,1
827_aug_4,12,1,1
827_aug_5,15,1,1
827_aug_6,14,1,1
829,16,1,1
829_aug_1,16,1,1
829_aug_2,18,1,1
829_aug_3,18,1,1
829_aug_4,16,1,1
829_aug_5,16,1,1
829_aug_6,16,1,1
830,0,0,1
830_aug_1,0,0,1
830_aug_2,0,0,1
830_aug_3,0,0,1
830_aug_4,0,0,1
830_aug_5,0,0,1
830_aug_6,0,0,1
831,16,1,1
831_aug_1,17,1,1
831_aug_2,21,1,1
831_aug_3,20,1,1
831_aug_4,20,1,1
831_aug_5,23,1,1
831_aug_6,17,1,1
833,18,1,1
833_aug_1,22,1,1
833_aug_2,22,1,1
833_aug_3,23,1,1
833_aug_4,23,1,1
833_aug_5,22,1,1
833_aug_6,19,1,1
834,17,1,1
834_aug_1,19,1,1
834_aug_2,20,1,1
834_aug_3,20,1,1
834_aug_4,21,1,1
834_aug_5,20,1,1
834_aug_6,22,1,1
835,34,1,1
835_aug_1,45,1,1
835_aug_2,41,1,1
835_aug_3,40,1,1
835_aug_4,43,1,1
835_aug_5,43,1,1
835_aug_6,42,1,1
836,36,1,1
836_aug_1,42,1,1
836_aug_2,36,1,1
836_aug_3,40,1,1
836_aug_4,41,1,1
836_aug_5,41,1,1
836_aug_6,43,1,1
838,30,1,1
838_aug_1,33,1,1
838_aug_2,32,1,1
838_aug_3,31,1,1
838_aug_4,33,1,1
838_aug_5,33,1,1
838_aug_6,32,1,1
839,12,1,1
839_aug_1,16,1,1
839_aug_2,17,1,1
839_aug_3,16,1,1
839_aug_4,17,1,1
839_aug_5,15,1,1
839_aug_6,16,1,1
840,0,0,1
840_aug_1,0,0,1
840_aug_2,0,0,1
840_aug_3,0,0,1
840_aug_4,0,0,1
840_aug_5,0,0,1
840_aug_6,0,0,1
841,32,1,1
841_aug_1,34,1,1
841_aug_2,37,1,1
841_aug_3,37,1,1
841_aug_4,35,1,1
841_aug_5,37,1,1
841_aug_6,34,1,1
842,22,1,1
842_aug_1,26,1,1
842_aug_2,27,1,1
842_aug_3,28,1,1
842_aug_4,25,1,1
842_aug_5,28,1,1
842_aug_6,27,1,1
843,20,1,1
843_aug_1,24,1,1
843_aug_2,25,1,1
843_aug_3,21,1,1
843_aug_4,21,1,1
843_aug_5,21,1,1
843_aug_6,22,1,1
845,13,1,1
845_aug_1,17,1,1
845_aug_2,13,1,1
845_aug_3,16,1,1
845_aug_4,20,1,1
845_aug_5,17,1,1
845_aug_6,17,1,1
846,22,1,1
846_aug_1,29,1,1
846_aug_2,27,1,1
846_aug_3,28,1,1
846_aug_4,23,1,1
846_aug_5,24,1,1
846_aug_6,25,1,1
847,29,1,1
847_aug_1,34,1,1
847_aug_2,29,1,1
847_aug_3,33,1,1
847_aug_4,30,1,1
847_aug_5,33,1,1
847_aug_6,33,1,1
854,35,1,1
854_aug_1,37,1,1
854_aug_2,38,1,1
854_aug_3,39,1,1
854_aug_4,36,1,1
854_aug_5,39,1,1
854_aug_6,37,1,1
855,7,1,1
855_aug_1,9,1,1
855_aug_2,7,1,1
855_aug_3,7,1,1
855_aug_4,10,1,1
855_aug_5,7,1,1
855_aug_6,7,1,1
856,38,1,1
856_aug_1,39,1,1
856_aug_2,39,1,1
856_aug_3,39,1,1
856_aug_4,40,1,1
856_aug_5,41,1,1
856_aug_6,40,1,1
857,18,1,1
857_aug_1,22,1,1
857_aug_2,22,1,1
857_aug_3,19,1,1
857_aug_4,24,1,1
857_aug_5,21,1,1
857_aug_6,18,1,1
858,26,1,1
858_aug_1,26,1,1
858_aug_2,29,1,1
858_aug_3,30,1,1
858_aug_4,35,1,1
858_aug_5,32,1,1
858_aug_6,31,1,1
859,33,1,1
859_aug_1,38,1,1
859_aug_2,37,1,1
859_aug_3,33,1,1
859_aug_4,35,1,1
859_aug_5,38,1,1
859_aug_6,38,1,1
861,15,1,1
861_aug_1,24,1,1
861_aug_2,17,1,1
861_aug_3,17,1,1
861_aug_4,15,1,1
861_aug_5,20,1,1
861_aug_6,20,1,1
862,14,1,1
862_aug_1,15,1,1
862_aug_2,18,1,1
862_aug_3,15,1,1
862_aug_4,15,1,1
862_aug_5,17,1,1
862_aug_6,14,1,1
863,17,1,1
863_aug_1,26,1,1
863_aug_2,19,1,1
863_aug_3,22,1,1
863_aug_4,21,1,1
863_aug_5,22,1,1
863_aug_6,21,1,1
864,20,1,1
864_aug_1,22,1,1
864_aug_2,20,1,1
864_aug_3,21,1,1
864_aug_4,22,1,1
864_aug_5,23,1,1
864_aug_6,22,1,1
865,18,1,1
865_aug_1,23,1,1
865_aug_2,30,1,1
865_aug_3,22,1,1
865_aug_4,19,1,1
865_aug_5,23,1,1
865_aug_6,18,1,1
867,47,1,1
867_aug_1,48,1,1
867_aug_2,49,1,1
867_aug_3,52,1,1
867_aug_4,49,1,1
867_aug_5,50,1,1
867_aug_6,49,1,1
868,0,0,1
868_aug_1,0,0,1
868_aug_2,0,0,1
868_aug_3,0,0,1
868_aug_4,0,0,1
868_aug_5,0,0,1
868_aug_6,0,0,1
869,13,1,1
869_aug_1,15,1,1
869_aug_2,15,1,1
869_aug_3,20,1,1
869_aug_4,15,1,1
869_aug_5,16,1,1
869_aug_6,14,1,1
870,9,1,1
870_aug_1,9,1,1
870_aug_2,13,1,1
870_aug_3,10,1,1
870_aug_4,9,1,1
870_aug_5,9,1,1
870_aug_6,9,1,1
875,29,1,1
875_aug_1,30,1,1
875_aug_2,31,1,1
875_aug_3,30,1,1
875_aug_4,32,1,1
875_aug_5,32,1,1
875_aug_6,30,1,1
877,38,1,1
877_aug_1,40,1,1
877_aug_2,42,1,1
877_aug_3,41,1,1
877_aug_4,40,1,1
877_aug_5,42,1,1
877_aug_6,39,1,1
878,0,0,1
878_aug_1,0,0,1
878_aug_2,0,0,1
878_aug_3,0,0,1
878_aug_4,0,0,1
878_aug_5,0,0,1
878_aug_6,0,0,1
879,11,1,1
879_aug_1,13,1,1
879_aug_2,14,1,1
879_aug_3,13,1,1
879_aug_4,11,1,1
879_aug_5,14,1,1
879_aug_6,12,1,1
880,7,1,1
880_aug_1,13,1,1
880_aug_2,7,1,1
880_aug_3,7,1,1
880_aug_4,7,1,1
880_aug_5,7,1,1
880_aug_6,8,1,1
881,16,1,1
881_aug_1,20,1,1
881_aug_2,21,1,1
881_aug_3,19,1,1
881_aug_4,22,1,1
881_aug_5,24,1,1
881_aug_6,18,1,1
882,0,0,1
882_aug_1,0,0,1
882_aug_2,0,0,1
882_aug_3,0,0,1
882_aug_4,0,0,1
882_aug_5,0,0,1
882_aug_6,0,0,1
884,27,1,1
884_aug_1,27,1,1
884_aug_2,29,1,1
884_aug_3,29,1,1
884_aug_4,27,1,1
884_aug_5,28,1,1
884_aug_6,30,1,1
887,20,1,1
887_aug_1,24,1,1
887_aug_2,22,1,1
887_aug_3,23,1,1
887_aug_4,26,1,1
887_aug_5,22,1,1
887_aug_6,23,1,1
888,13,1,1
888_aug_1,13,1,1
888_aug_2,17,1,1
888_aug_3,15,1,1
888_aug_4,21,1,1
888_aug_5,17,1,1
888_aug_6,17,1,1
890,15,1,1
890_aug_1,15,1,1
890_aug_2,17,1,1
890_aug_3,15,1,1
890_aug_4,15,1,1
890_aug_5,15,1,1
890_aug_6,15,1,1
892,22,1,1
892_aug_1,22,1,1
892_aug_2,26,1,1
892_aug_3,24,1,1
892_aug_4,24,1,1
892_aug_5,24,1,1
892_aug_6,26,1,1
893,0,0,1
893_aug_1,0,0,1
893_aug_2,0,0,1
893_aug_3,0,0,1
893_aug_4,0,0,1
893_aug_5,0,0,1
893_aug_6,0,0,1
896,20,1,1
896_aug_1,23,1,1
896_aug_2,22,1,1
896_aug_3,24,1,1
896_aug_4,24,1,1
896_aug_5,23,1,1
896_aug_6,20,1,1
899,16,1,1
899_aug_1,21,1,1
899_aug_2,18,1,1
899_aug_3,21,1,1
899_aug_4,18,1,1
899_aug_5,19,1,1
899_aug_6,16,1,1
902,19,1,1
902_aug_1,22,1,1
902_aug_2,25,1,1
902_aug_3,26,1,1
902_aug_4,24,1,1
902_aug_5,25,1,1
902_aug_6,25,1,1
903,25,1,1
903_aug_1,27,1,1
903_aug_2,31,1,1
903_aug_3,29,1,1
903_aug_4,27,1,1
903_aug_5,29,1,1
903_aug_6,29,1,1
905,0,0,1
905_aug_1,0,0,1
905_aug_2,0,0,1
905_aug_3,0,0,1
905_aug_4,0,0,1
905_aug_5,0,0,1
905_aug_6,0,0,1
906,24,1,1
906_aug_1,29,1,1
906_aug_2,27,1,1
906_aug_3,25,1,1
906_aug_4,28,1,1
906_aug_5,27,1,1
906_aug_6,27,1,1
907,33,1,1
907_aug_1,34,1,1
907_aug_2,34,1,1
907_aug_3,38,1,1
907_aug_4,37,1,1
907_aug_5,37,1,1
907_aug_6,35,1,1
908,27,1,1
908_aug_1,27,1,1
908_aug_2,27,1,1
908_aug_3,30,1,1
908_aug_4,35,1,1
908_aug_5,30,1,1
908_aug_6,32,1,1
909,22,1,1
909_aug_1,22,1,1
909_aug_2,23,1,1
909_aug_3,25,1,1
909_aug_4,22,1,1
909_aug_5,23,1,1
909_aug_6,26,1,1
910,35,1,1
910_aug_1,37,1,1
910_aug_2,40,1,1
910_aug_3,43,1,1
910_aug_4,39,1,1
910_aug_5,37,1,1
910_aug_6,37,1,1
912,17,1,1
912_aug_1,24,1,1
912_aug_2,18,1,1
912_aug_3,19,1,1
912_aug_4,21,1,1
912_aug_5,19,1,1
912_aug_6,20,1,1
913,18,1,1
913_aug_1,21,1,1
913_aug_2,21,1,1
913_aug_3,20,1,1
913_aug_4,21,1,1
913_aug_5,23,1,1
913_aug_6,27,1,1
914,17,1,1
914_aug_1,18,1,1
914_aug_2,22,1,1
914_aug_3,21,1,1
914_aug_4,17,1,1
914_aug_5,21,1,1
914_aug_6,20,1,1
920,21,1,1
920_aug_1,24,1,1
920_aug_2,24,1,1
920_aug_3,24,1,1
920_aug_4,23,1,1
920_aug_5,22,1,1
920_aug_6,23,1,1
921,22,1,1
921_aug_1,29,1,1
921_aug_2,24,1,1
921_aug_3,26,1,1
921_aug_4,22,1,1
921_aug_5,27,1,1
921_aug_6,23,1,1
922,7,1,1
922_aug_1,7,1,1
922_aug_2,7,1,1
922_aug_3,8,1,1
922_aug_4,8,1,1
922_aug_5,8,1,1
922_aug_6,8,1,1
923,0,0,1
923_aug_1,0,0,1
923_aug_2,0,0,1
923_aug_3,0,0,1
923_aug_4,0,0,1
923_aug_5,0,0,1
923_aug_6,0,0,1
925,15,1,1
925_aug_1,19,1,1
925_aug_2,17,1,1
925_aug_3,15,1,1
925_aug_4,16,1,1
925_aug_5,17,1,1
925_aug_6,16,1,1
927,25,1,1
927_aug_1,31,1,1
927_aug_2,27,1,1
927_aug_3,27,1,1
927_aug_4,27,1,1
927_aug_5,28,1,1
927_aug_6,29,1,1
928,7,1,1
928_aug_1,7,1,1
928_aug_2,7,1,1
928_aug_3,7,1,1
928_aug_4,7,1,1
928_aug_5,7,1,1
928_aug_6,10,1,1
930,8,1,1
930_aug_1,8,1,1
930_aug_2,9,1,1
930_aug_3,8,1,1
930_aug_4,8,1,1
930_aug_5,10,1,1
930_aug_6,11,1,1
931,14,1,1
931_aug_1,14,1,1
931_aug_2,14,1,1
931_aug_3,14,1,1
931_aug_4,18,1,1
931_aug_5,14,1,1
931_aug_6,14,1,1
932,16,1,1
932_aug_1,23,1,1
932_aug_2,17,1,1
932_aug_3,17,1,1
932_aug_4,18,1,1
932_aug_5,21,1,1
932_aug_6,18,1,1
933,7,1,1
933_aug_1,7,1,1
933_aug_2,7,1,1
933_aug_3,9,1,1
933_aug_4,9,1,1
933_aug_5,10,1,1
933_aug_6,11,1,1
935,0,0,1
935_aug_1,0,0,1
935_aug_2,0,0,1
935_aug_3,0,0,1
935_aug_4,0,0,1
935_aug_5,0,0,1
935_aug_6,0,0,1
937,19,1,1
937_aug_1,24,1,1
937_aug_2,20,1,1
937_aug_3,20,1,1
937_aug_4,27,1,1
937_aug_5,28,1,1
937_aug_6,23,1,1
939,12,1,1
939_aug_1,14,1,1
939_aug_2,18,1,1
939_aug_3,18,1,1
939_aug_4,13,1,1
939_aug_5,16,1,1
939_aug_6,19,1,1
940,19,1,1
940_aug_1,20,1,1
940_aug_2,20,1,1
940_aug_3,23,1,1
940_aug_4,25,1,1
940_aug_5,21,1,1
940_aug_6,23,1,1
941,32,1,1
941_aug_1,40,1,1
941_aug_2,37,1,1
941_aug_3,33,1,1
941_aug_4,35,1,1
941_aug_5,37,1,1
941_aug_6,38,1,1
945,18,1,1
945_aug_1,21,1,1
945_aug_2,20,1,1
945_aug_3,21,1,1
945_aug_4,18,1,1
945_aug_5,21,1,1
945_aug_6,18,1,1
947,23,1,1
947_aug_1,28,1,1
947_aug_2,25,1,1
947_aug_3,28,1,1
947_aug_4,29,1,1
947_aug_5,27,1,1
947_aug_6,28,1,1
949,39,1,1
949_aug_1,41,1,1
949_aug_2,44,1,1
949_aug_3,43,1,1
949_aug_4,45,1,1
949_aug_5,41,1,1
949_aug_6,44,1,1
951,9,1,1
951_aug_1,14,1,1
951_aug_2,12,1,1
951_aug_3,13,1,1
951_aug_4,12,1,1
951_aug_5,12,1,1
951_aug_6,11,1,1
952,26,1,1
952_aug_1,28,1,1
952_aug_2,30,1,1
952_aug_3,32,1,1
952_aug_4,31,1,1
952_aug_5,28,1,1
952_aug_6,27,1,1
953,24,1,1
953_aug_1,28,1,1
953_aug_2,25,1,1
953_aug_3,27,1,1
953_aug_4,27,1,1
953_aug_5,29,1,1
953_aug_6,26,1,1
954,0,0,1
954_aug_1,0,0,1
954_aug_2,0,0,1
954_aug_3,0,0,1
954_aug_4,0,0,1
954_aug_5,0,0,1
954_aug_6,0,0,1
955,36,1,1
955_aug_1,40,1,1
955_aug_2,42,1,1
955_aug_3,40,1,1
955_aug_4,44,1,1
955_aug_5,44,1,1
955_aug_6,45,1,1
956,18,1,1
956_aug_1,19,1,1
956_aug_2,18,1,1
956_aug_3,18,1,1
956_aug_4,21,1,1
956_aug_5,18,1,1
956_aug_6,18,1,1
957,27,1,1
957_aug_1,29,1,1
957_aug_2,29,1,1
957_aug_3,27,1,1
957_aug_4,30,1,1
957_aug_5,30,1,1
957_aug_6,29,1,1
958,22,1,1
958_aug_1,22,1,1
958_aug_2,25,1,1
958_aug_3,24,1,1
958_aug_4,22,1,1
958_aug_5,24,1,1
958_aug_6,24,1,1
959,16,1,1
959_aug_1,17,1,1
959_aug_2,19,1,1
959_aug_3,18,1,1
959_aug_4,16,1,1
959_aug_5,19,1,1
959_aug_6,18,1,1
963,21,1,1
963_aug_1,26,1,1
963_aug_2,23,1,1
963_aug_3,27,1,1
963_aug_4,30,1,1
963_aug_5,24,1,1
963_aug_6,28,1,1
964,10,1,1
964_aug_1,12,1,1
964_aug_2,10,1,1
964_aug_3,13,1,1
964_aug_4,10,1,1
964_aug_5,13,1,1
964_aug_6,13,1,1
966,0,0,1
966_aug_1,0,0,1
966_aug_2,0,0,1
966_aug_3,0,0,1
966_aug_4,0,0,1
966_aug_5,0,0,1
966_aug_6,0,0,1
968,21,1,1
968_aug_1,24,1,1
968_aug_2,26,1,1
968_aug_3,30,1,1
968_aug_4,24,1,1
968_aug_5,27,1,1
968_aug_6,26,1,1
969,26,1,1
969_aug_1,28,1,1
969_aug_2,36,1,1
969_aug_3,29,1,1
969_aug_4,26,1,1
969_aug_5,28,1,1
969_aug_6,28,1,1
970,17,1,1
970_aug_1,19,1,1
970_aug_2,23,1,1
970_aug_3,19,1,1
970_aug_4,20,1,1
970_aug_5,20,1,1
970_aug_6,20,1,1
971,16,1,1
971_aug_1,25,1,1
971_aug_2,19,1,1
971_aug_3,20,1,1
971_aug_4,21,1,1
971_aug_5,21,1,1
971_aug_6,18,1,1
972,0,0,1
972_aug_1,0,0,1
972_aug_2,0,0,1
972_aug_3,0,0,1
972_aug_4,0,0,1
972_aug_5,0,0,1
972_aug_6,0,0,1
973,0,0,1
973_aug_1,0,0,1
973_aug_2,0,0,1
973_aug_3,0,0,1
973_aug_4,0,0,1
973_aug_5,0,0,1
973_aug_6,0,0,1
974,24,1,1
974_aug_1,26,1,1
974_aug_2,25,1,1
974_aug_3,25,1,1
974_aug_4,26,1,1
974_aug_5,25,1,1
974_aug_6,24,1,1
975,21,1,1
975_aug_1,25,1,1
975_aug_2,22,1,1
975_aug_3,25,1,1
975_aug_4,27,1,1
975_aug_5,22,1,1
975_aug_6,26,1,1
976,19,1,1
976_aug_1,20,1,1
976_aug_2,23,1,1
976_aug_3,23,1,1
976_aug_4,20,1,1
976_aug_5,20,1,1
976_aug_6,19,1,1
977,12,1,1
977_aug_1,15,1,1
977_aug_2,12,1,1
977_aug_3,16,1,1
977_aug_4,15,1,1
977_aug_5,13,1,1
977_aug_6,12,1,1
979,26,1,1
979_aug_1,31,1,1
979_aug_2,27,1,1
979_aug_3,32,1,1
979_aug_4,28,1,1
979_aug_5,29,1,1
979_aug_6,29,1,1
980,28,1,1
980_aug_1,31,1,1
980_aug_2,30,1,1
980_aug_3,31,1,1
980_aug_4,36,1,1
980_aug_5,34,1,1
980_aug_6,30,1,1
981,0,0,1
981_aug_1,0,0,1
981_aug_2,0,0,1
981_aug_3,0,0,1
981_aug_4,0,0,1
981_aug_5,0,0,1
981_aug_6,0,0,1
982,18,1,1
982_aug_1,23,1,1
982_aug_2,23,1,1
982_aug_3,21,1,1
982_aug_4,22,1,1
982_aug_5,25,1,1
982_aug_6,23,1,1
983,30,1,1
983_aug_1,34,1,1
983_aug_2,33,1,1
983_aug_3,30,1,1
983_aug_4,33,1,1
983_aug_5,35,1,1
983_aug_6,31,1,1
984,33,1,1
984_aug_1,41,1,1
984_aug_2,34,1,1
984_aug_3,38,1,1
984_aug_4,39,1,1
984_aug_5,42,1,1
984_aug_6,37,1,1
988,12,1,1
988_aug_1,18,1,1
988_aug_2,14,1,1
988_aug_3,15,1,1
988_aug_4,19,1,1
988_aug_5,12,1,1
988_aug_6,14,1,1
989,9,1,1
989_aug_1,9,1,1
989_aug_2,9,1,1
989_aug_3,9,1,1
989_aug_4,12,1,1
989_aug_5,11,1,1
989_aug_6,10,1,1
990,12,1,1
990_aug_1,13,1,1
990_aug_2,15,1,1
990_aug_3,13,1,1
990_aug_4,14,1,1
990_aug_5,15,1,1
990_aug_6,17,1,1
992,77,1,1
992_aug_1,80,1,1
992_aug_2,79,1,1
992_aug_3,79,1,1
992_aug_4,80,1,1
992_aug_5,82,1,1
992_aug_6,80,1,1
993,14,1,1
993_aug_1,18,1,1
993_aug_2,18,1,1
993_aug_3,16,1,1
993_aug_4,18,1,1
993_aug_5,18,1,1
993_aug_6,21,1,1
995,14,1,1
995_aug_1,17,1,1
995_aug_2,20,1,1
995_aug_3,15,1,1
995_aug_4,16,1,1
995_aug_5,17,1,1
995_aug_6,21,1,1
997,21,1,1
997_aug_1,28,1,1
997_aug_2,25,1,1
997_aug_3,22,1,1
997_aug_4,23,1,1
997_aug_5,22,1,1
997_aug_6,25,1,1
998,28,1,1
998_aug_1,30,1,1
998_aug_2,30,1,1
998_aug_3,29,1,1
998_aug_4,30,1,1
998_aug_5,29,1,1
998_aug_6,35,1,1
999,15,1,1
999_aug_1,18,1,1
999_aug_2,20,1,1
999_aug_3,16,1,1
999_aug_4,16,1,1
999_aug_5,17,1,1
999_aug_6,21,1,1
1000,39,1,1
1000_aug_1,41,1,1
1000_aug_2,42,1,1
1000_aug_3,47,1,1
1000_aug_4,41,1,1
1000_aug_5,42,1,1
1000_aug_6,49,1,1
1002,0,0,1
1002_aug_1,0,0,1
1002_aug_2,0,0,1
1002_aug_3,0,0,1
1002_aug_4,0,0,1
1002_aug_5,0,0,1
1002_aug_6,0,0,1
1003,45,1,1
1003_aug_1,50,1,1
1003_aug_2,50,1,1
1003_aug_3,51,1,1
1003_aug_4,47,1,1
1003_aug_5,47,1,1
1003_aug_6,47,1,1
1004,29,1,1
1004_aug_1,35,1,1
1004_aug_2,33,1,1
1004_aug_3,34,1,1
1004_aug_4,33,1,1
1004_aug_5,32,1,1
1004_aug_6,38,1,1
1005,11,1,1
1005_aug_1,11,1,1
1005_aug_2,12,1,1
1005_aug_3,13,1,1
1005_aug_4,11,1,1
1005_aug_5,11,1,1
1005_aug_6,13,1,1
1006,20,1,1
1006_aug_1,26,1,1
1006_aug_2,27,1,1
1006_aug_3,25,1,1
1006_aug_4,23,1,1
1006_aug_5,26,1,1
1006_aug_6,24,1,1
1007,29,1,1
1007_aug_1,30,1,1
1007_aug_2,33,1,1
1007_aug_3,33,1,1
1007_aug_4,33,1,1
1007_aug_5,31,1,1
1007_aug_6,33,1,1
1008,21,1,1
1008_aug_1,31,1,1
1008_aug_2,25,1,1
1008_aug_3,28,1,1
1008_aug_4,25,1,1
1008_aug_5,23,1,1
1008_aug_6,27,1,1
1009,15,1,1
1009_aug_1,18,1,1
1009_aug_2,20,1,1
1009_aug_3,17,1,1
1009_aug_4,16,1,1
1009_aug_5,18,1,1
1009_aug_6,16,1,1
1010,11,1,1
1010_aug_1,14,1,1
1010_aug_2,11,1,1
1010_aug_3,13,1,1
1010_aug_4,16,1,1
1010_aug_5,14,1,1
1010_aug_6,15,1,1
1011,8,1,1
1011_aug_1,10,1,1
1011_aug_2,8,1,1
1011_aug_3,8,1,1
1011_aug_4,10,1,1
1011_aug_5,8,1,1
1011_aug_6,11,1,1
1012,20,1,1
1012_aug_1,26,1,1
1012_aug_2,23,1,1
1012_aug_3,22,1,1
1012_aug_4,25,1,1
1012_aug_5,25,1,1
1012_aug_6,21,1,1
1013,18,1,1
1013_aug_1,18,1,1
1013_aug_2,21,1,1
1013_aug_3,20,1,1
1013_aug_4,21,1,1
1013_aug_5,22,1,1
1013_aug_6,19,1,1
1015,30,1,1
1015_aug_1,34,1,1
1015_aug_2,31,1,1
1015_aug_3,32,1,1
1015_aug_4,37,1,1
1015_aug_5,34,1,1
1015_aug_6,31,1,1
1016,0,0,1
1016_aug_1,0,0,1
1016_aug_2,0,0,1
1016_aug_3,0,0,1
1016_aug_4,0,0,1
1016_aug_5,0,0,1
1016_aug_6,0,0,1
1017,17,1,1
1017_aug_1,21,1,1
1017_aug_2,19,1,1
1017_aug_3,17,1,1
1017_aug_4,19,1,1
1017_aug_5,20,1,1
1017_aug_6,17,1,1
1018,21,1,1
1018_aug_1,24,1,1
1018_aug_2,26,1,1
1018_aug_3,27,1,1
1018_aug_4,25,1,1
1018_aug_5,26,1,1
1018_aug_6,31,1,1
1019,28,1,1
1019_aug_1,33,1,1
1019_aug_2,32,1,1
1019_aug_3,31,1,1
1019_aug_4,36,1,1
1019_aug_5,32,1,1
1019_aug_6,32,1,1
1020,9,1,1
1020_aug_1,12,1,1
1020_aug_2,12,1,1
1020_aug_3,10,1,1
1020_aug_4,15,1,1
1020_aug_5,9,1,1
1020_aug_6,13,1,1
1026,13,1,1
1026_aug_1,13,1,1
1026_aug_2,15,1,1
1026_aug_3,13,1,1
1026_aug_4,15,1,1
1026_aug_5,17,1,1
1026_aug_6,18,1,1
1029,0,0,1
1029_aug_1,0,0,1
1029_aug_2,0,0,1
1029_aug_3,0,0,1
1029_aug_4,0,0,1
1029_aug_5,0,0,1
1029_aug_6,0,0,1
1030,21,1,1
1030_aug_1,24,1,1
1030_aug_2,26,1,1
1030_aug_3,31,1,1
1030_aug_4,25,1,1
1030_aug_5,21,1,1
1030_aug_6,27,1,1
1031,0,0,1
1031_aug_1,0,0,1
1031_aug_2,0,0,1
1031_aug_3,0,0,1
1031_aug_4,0,0,1
1031_aug_5,0,0,1
1031_aug_6,0,0,1
1032,28,1,1
1032_aug_1,31,1,1
1032_aug_2,31,1,1
1032_aug_3,34,1,1
1032_aug_4,34,1,1
1032_aug_5,30,1,1
1032_aug_6,34,1,1
1033,20,1,1
1033_aug_1,20,1,1
1033_aug_2,20,1,1
1033_aug_3,21,1,1
1033_aug_4,23,1,1
1033_aug_5,21,1,1
1033_aug_6,21,1,1
1034,19,1,1
1034_aug_1,19,1,1
1034_aug_2,19,1,1
1034_aug_3,19,1,1
1034_aug_4,20,1,1
1034_aug_5,19,1,1
1034_aug_6,20,1,1
1036,24,1,1
1036_aug_1,30,1,1
1036_aug_2,25,1,1
1036_aug_3,25,1,1
1036_aug_4,28,1,1
1036_aug_5,29,1,1
1036_aug_6,26,1,1
1037,22,1,1
1037_aug_1,27,1,1
1037_aug_2,24,1,1
1037_aug_3,26,1,1
1037_aug_4,25,1,1
1037_aug_5,28,1,1
1037_aug_6,28,1,1
1038,0,0,1
1038_aug_1,0,0,1
1038_aug_2,0,0,1
1038_aug_3,0,0,1
1038_aug_4,0,0,1
1038_aug_5,0,0,1
1038_aug_6,0,0,1
1041,21,1,1
1041_aug_1,22,1,1
1041_aug_2,24,1,1
1041_aug_3,28,1,1
1041_aug_4,23,1,1
1041_aug_5,24,1,1
1041_aug_6,26,1,1
1042,19,1,1
1042_aug_1,19,1,1
1042_aug_2,24,1,1
1042_aug_3,22,1,1
1042_aug_4,21,1,1
1042_aug_5,21,1,1
1042_aug_6,25,1,1
1044,26,1,1
1044_aug_1,29,1,1
1044_aug_2,27,1,1
1044_aug_3,30,1,1
1044_aug_4,30,1,1
1044_aug_5,30,1,1
1044_aug_6,30,1,1
1046,12,1,1
1046_aug_1,15,1,1
1046_aug_2,16,1,1
1046_aug_3,14,1,1
1046_aug_4,14,1,1
1046_aug_5,17,1,1
1046_aug_6,14,1,1
1047,22,1,1
1047_aug_1,23,1,1
1047_aug_2,22,1,1
1047_aug_3,25,1,1
1047_aug_4,25,1,1
1047_aug_5,23,1,1
1047_aug_6,25,1,1
1049,0,0,1
1049_aug_1,0,0,1
1049_aug_2,0,0,1
1049_aug_3,0,0,1
1049_aug_4,0,0,1
1049_aug_5,0,0,1
1049_aug_6,0,0,1
1050,28,1,1
1050_aug_1,28,1,1
1050_aug_2,32,1,1
1050_aug_3,28,1,1
1050_aug_4,28,1,1
1050_aug_5,29,1,1
1050_aug_6,31,1,1
1051,14,1,1
1051_aug_1,14,1,1
1051_aug_2,15,1,1
1051_aug_3,18,1,1
1051_aug_4,23,1,1
1051_aug_5,19,1,1
1051_aug_6,17,1,1
1052,23,1,1
1052_aug_1,26,1,1
1052_aug_2,25,1,1
1052_aug_3,23,1,1
1052_aug_4,25,1,1
1052_aug_5,33,1,1
1052_aug_6,25,1,1
1053,26,1,1
1053_aug_1,34,1,1
1053_aug_2,32,1,1
1053_aug_3,32,1,1
1053_aug_4,33,1,1
1053_aug_5,31,1,1
1053_aug_6,28,1,1
1054,21,1,1
1054_aug_1,23,1,1
1054_aug_2,24,1,1
1054_aug_3,22,1,1
1054_aug_4,23,1,1
1054_aug_5,28,1,1
1054_aug_6,29,1,1
1055,12,1,1
1055_aug_1,15,1,1
1055_aug_2,20,1,1
1055_aug_3,16,1,1
1055_aug_4,14,1,1
1055_aug_5,13,1,1
1055_aug_6,15,1,1
1056,30,1,1
1056_aug_1,31,1,1
1056_aug_2,32,1,1
1056_aug_3,36,1,1
1056_aug_4,31,1,1
1056_aug_5,31,1,1
1056_aug_6,35,1,1
1057,23,1,1
1057_aug_1,28,1,1
1057_aug_2,25,1,1
1057_aug_3,28,1,1
1057_aug_4,25,1,1
1057_aug_5,26,1,1
1057_aug_6,24,1,1
1058,30,1,1
1058_aug_1,35,1,1
1058_aug_2,34,1,1
1058_aug_3,36,1,1
1058_aug_4,35,1,1
1058_aug_5,39,1,1
1058_aug_6,36,1,1
1061,28,1,1
1061_aug_1,32,1,1
1061_aug_2,32,1,1
1061_aug_3,32,1,1
1061_aug_4,32,1,1
1061_aug_5,28,1,1
1061_aug_6,34,1,1
1062,25,1,1
1062_aug_1,29,1,1
1062_aug_2,32,1,1
1062_aug_3,29,1,1
1062_aug_4,31,1,1
1062_aug_5,32,1,1
1062_aug_6,32,1,1
1065,32,1,1
1065_aug_1,36,1,1
1065_aug_2,34,1,1
1065_aug_3,33,1,1
1065_aug_4,36,1,1
1065_aug_5,34,1,1
1065_aug_6,36,1,1
1066,0,0,1
1066_aug_1,0,0,1
1066_aug_2,0,0,1
1066_aug_3,0,0,1
1066_aug_4,0,0,1
1066_aug_5,0,0,1
1066_aug_6,0,0,1
1067,21,1,1
1067_aug_1,21,1,1
1067_aug_2,28,1,1
1067_aug_3,25,1,1
1067_aug_4,21,1,1
1067_aug_5,25,1,1
1067_aug_6,26,1,1
1069,22,1,1
1069_aug_1,26,1,1
1069_aug_2,23,1,1
1069_aug_3,25,1,1
1069_aug_4,24,1,1
1069_aug_5,22,1,1
1069_aug_6,26,1,1
1070,42,1,1
1070_aug_1,49,1,1
1070_aug_2,45,1,1
1070_aug_3,45,1,1
1070_aug_4,46,1,1
1070_aug_5,52,1,1
1070_aug_6,49,1,1
1072,23,1,1
1072_aug_1,23,1,1
1072_aug_2,23,1,1
1072_aug_3,23,1,1
1072_aug_4,23,1,1
1072_aug_5,23,1,1
1072_aug_6,23,1,1
1073,24,1,1
1073_aug_1,27,1,1
1073_aug_2,30,1,1
1073_aug_3,25,1,1
1073_aug_4,26,1,1
1073_aug_5,27,1,1
1073_aug_6,29,1,1
1074,23,1,1
1074_aug_1,26,1,1
1074_aug_2,24,1,1
1074_aug_3,25,1,1
1074_aug_4,25,1,1
1074_aug_5,23,1,1
1074_aug_6,26,1,1
1075,48,1,1
1075_aug_1,52,1,1
1075_aug_2,53,1,1
1075_aug_3,51,1,1
1075_aug_4,57,1,1
1075_aug_5,52,1,1
1075_aug_6,55,1,1
1076,35,1,1
1076_aug_1,37,1,1
1076_aug_2,38,1,1
1076_aug_3,38,1,1
1076_aug_4,36,1,1
1076_aug_5,35,1,1
1076_aug_6,39,1,1
1077,9,1,1
1077_aug_1,10,1,1
1077_aug_2,10,1,1
1077_aug_3,12,1,1
1077_aug_4,9,1,1
1077_aug_5,11,1,1
1077_aug_6,11,1,1
1079,25,1,1
1079_aug_1,28,1,1
1079_aug_2,30,1,1
1079_aug_3,36,1,1
1079_aug_4,28,1,1
1079_aug_5,27,1,1
1079_aug_6,29,1,1
1081,15,1,1
1081_aug_1,16,1,1
1081_aug_2,18,1,1
1081_aug_3,18,1,1
1081_aug_4,16,1,1
1081_aug_5,16,1,1
1081_aug_6,20,1,1
1082,17,1,1
1082_aug_1,19,1,1
1082_aug_2,21,1,1
1082_aug_3,21,1,1
1082_aug_4,17,1,1
1082_aug_5,21,1,1
1082_aug_6,18,1,1
1084,21,1,0
1084_aug_1,26,1,0
1084_aug_2,23,1,0
1084_aug_3,24,1,0
1084_aug_4,24,1,0
1084_aug_5,26,1,0
1084_aug_6,23,1,0
1085,36,1,1
1085_aug_1,38,1,1
1085_aug_2,38,1,1
1085_aug_3,36,1,1
1085_aug_4,37,1,1
1085_aug_5,38,1,1
1085_aug_6,36,1,1
1088,20,1,1
1088_aug_1,24,1,1
1088_aug_2,22,1,1
1088_aug_3,23,1,1
1088_aug_4,22,1,1
1088_aug_5,25,1,1
1088_aug_6,28,1,1
1089,30,1,1
1089_aug_1,35,1,1
1089_aug_2,32,1,1
1089_aug_3,34,1,1
1089_aug_4,35,1,1
1089_aug_5,36,1,1
1089_aug_6,36,1,1
1093,18,1,1
1093_aug_1,22,1,1
1093_aug_2,19,1,1
1093_aug_3,19,1,1
1093_aug_4,24,1,1
1093_aug_5,20,1,1
1093_aug_6,22,1,1
1094,28,1,1
1094_aug_1,32,1,1
1094_aug_2,31,1,1
1094_aug_3,41,1,1
1094_aug_4,30,1,1
1094_aug_5,32,1,1
1094_aug_6,34,1,1
1095,52,1,1
1095_aug_1,55,1,1
1095_aug_2,56,1,1
1095_aug_3,55,1,1
1095_aug_4,53,1,1
1095_aug_5,58,1,1
1095_aug_6,55,1,1
1097,38,1,1
1097_aug_1,42,1,1
1097_aug_2,43,1,1
1097_aug_3,43,1,1
1097_aug_4,41,1,1
1097_aug_5,43,1,1
1097_aug_6,46,1,1
1099,19,1,1
1099_aug_1,25,1,1
1099_aug_2,21,1,1
1099_aug_3,22,1,1
1099_aug_4,22,1,1
1099_aug_5,24,1,1
1099_aug_6,21,1,1
1101,20,1,1
1101_aug_1,26,1,1
1101_aug_2,25,1,1
1101_aug_3,26,1,1
1101_aug_4,23,1,1
1101_aug_5,28,1,1
1101_aug_6,25,1,1
1104,0,0,1
1104_aug_1,0,0,1
1104_aug_2,0,0,1
1104_aug_3,0,0,1
1104_aug_4,0,0,1
1104_aug_5,0,0,1
1104_aug_6,0,0,1
1105,22,1,1
1105_aug_1,27,1,1
1105_aug_2,25,1,1
1105_aug_3,28,1,1
1105_aug_4,29,1,1
1105_aug_5,32,1,1
1105_aug_6,27,1,1
1106,0,0,1
1106_aug_1,0,0,1
1106_aug_2,0,0,1
1106_aug_3,0,0,1
1106_aug_4,0,0,1
1106_aug_5,0,0,1
1106_aug_6,0,0,1
1108,8,1,1
1108_aug_1,11,1,1
1108_aug_2,8,1,1
1108_aug_3,11,1,1
1108_aug_4,12,1,1
1108_aug_5,8,1,1
1108_aug_6,10,1,1
1109,28,1,1
1109_aug_1,34,1,1
1109_aug_2,33,1,1
1109_aug_3,33,1,1
1109_aug_4,29,1,1
1109_aug_5,33,1,1
1109_aug_6,36,1,1
1111,20,1,1
1111_aug_1,23,1,1
1111_aug_2,22,1,1
1111_aug_3,25,1,1
1111_aug_4,26,1,1
1111_aug_5,25,1,1
1111_aug_6,24,1,1
1112,20,1,1
1112_aug_1,25,1,1
1112_aug_2,22,1,1
1112_aug_3,23,1,1
1112_aug_4,25,1,1
1112_aug_5,24,1,1
1112_aug_6,25,1,1
1113,32,1,1
1113_aug_1,37,1,1
1113_aug_2,35,1,1
1113_aug_3,33,1,1
1113_aug_4,37,1,1
1113_aug_5,38,1,1
1113_aug_6,38,1,1
1114,7,1,1
1114_aug_1,7,1,1
1114_aug_2,7,1,1
1114_aug_3,7,1,1
1114_aug_4,10,1,1
1114_aug_5,9,1,1
1114_aug_6,7,1,1
1115,18,1,1
1115_aug_1,23,1,1
1115_aug_2,24,1,1
1115_aug_3,19,1,1
1115_aug_4,24,1,1
1115_aug_5,24,1,1
1115_aug_6,24,1,1
1116,29,1,1
1116_aug_1,35,1,1
1116_aug_2,34,1,1
1116_aug_3,30,1,1
1116_aug_4,31,1,1
1116_aug_5,29,1,1
1116_aug_6,31,1,1
1118,14,1,1
1118_aug_1,15,1,1
1118_aug_2,14,1,1
1118_aug_3,14,1,1
1118_aug_4,16,1,1
1118_aug_5,17,1,1
1118_aug_6,15,1,1
1119,19,1,1
1119_aug_1,19,1,1
1119_aug_2,19,1,1
1119_aug_3,19,1,1
1119_aug_4,19,1,1
1119_aug_5,19,1,1
1119_aug_6,19,1,1
1120,21,1,1
1120_aug_1,24,1,1
1120_aug_2,25,1,1
1120_aug_3,26,1,1
1120_aug_4,23,1,1
1120_aug_5,26,1,1
1120_aug_6,23,1,1
1122,20,1,1
1122_aug_1,21,1,1
1122_aug_2,24,1,1
1122_aug_3,23,1,1
1122_aug_4,28,1,1
1122_aug_5,20,1,1
1122_aug_6,23,1,1
1124,27,1,1
1124_aug_1,33,1,1
1124_aug_2,29,1,1
1124_aug_3,31,1,1
1124_aug_4,32,1,1
1124_aug_5,33,1,1
1124_aug_6,31,1,1
1125,33,1,1
1125_aug_1,34,1,1
1125_aug_2,35,1,1
1125_aug_3,36,1,1
1125_aug_4,36,1,1
1125_aug_5,33,1,1
1125_aug_6,35,1,1
1126,48,1,1
1126_aug_1,51,1,1
1126_aug_2,51,1,1
1126_aug_3,51,1,1
1126_aug_4,50,1,1
1126_aug_5,53,1,1
1126_aug_6,50,1,1
1128,0,0,1
1128_aug_1,0,0,1
1128_aug_2,0,0,1
1128_aug_3,0,0,1
1128_aug_4,0,0,1
1128_aug_5,0,0,1
1128_aug_6,0,0,1
1129,30,1,1
1129_aug_1,32,1,1
1129_aug_2,36,1,1
1129_aug_3,33,1,1
1129_aug_4,39,1,1
1129_aug_5,36,1,1
1129_aug_6,39,1,1
1130,34,1,1
1130_aug_1,39,1,1
1130_aug_2,37,1,1
1130_aug_3,38,1,1
1130_aug_4,37,1,1
1130_aug_5,34,1,1
1130_aug_6,38,1,1
1131,30,1,1
1131_aug_1,33,1,1
1131_aug_2,35,1,1
1131_aug_3,35,1,1
1131_aug_4,36,1,1
1131_aug_5,34,1,1
1131_aug_6,31,1,1
1135,18,1,1
1135_aug_1,19,1,1
1135_aug_2,19,1,1
1135_aug_3,19,1,1
1135_aug_4,19,1,1
1135_aug_5,18,1,1
1135_aug_6,19,1,1
1138,17,1,1
1138_aug_1,21,1,1
1138_aug_2,20,1,1
1138_aug_3,24,1,1
1138_aug_4,22,1,1
1138_aug_5,22,1,1
1138_aug_6,23,1,1
1141,6,1,1
1141_aug_1,9,1,1
1141_aug_2,8,1,1
1141_aug_3,8,1,1
1141_aug_4,6,1,1
1141_aug_5,6,1,1
1141_aug_6,6,1,1
1144,20,1,1
1144_aug_1,23,1,1
1144_aug_2,24,1,1
1144_aug_3,21,1,1
1144_aug_4,22,1,1
1144_aug_5,22,1,1
1144_aug_6,25,1,1
1145,21,1,1
1145_aug_1,24,1,1
1145_aug_2,26,1,1
1145_aug_3,23,1,1
1145_aug_4,26,1,1
1145_aug_5,30,1,1
1145_aug_6,28,1,1
1146,25,1,1
1146_aug_1,30,1,1
1146_aug_2,29,1,1
1146_aug_3,33,1,1
1146_aug_4,26,1,1
1146_aug_5,33,1,1
1146_aug_6,30,1,1
1148,11,1,1
1148_aug_1,14,1,1
1148_aug_2,14,1,1
1148_aug_3,14,1,1
1148_aug_4,11,1,1
1148_aug_5,16,1,1
1148_aug_6,11,1,1
1149,18,1,1
1149_aug_1,20,1,1
1149_aug_2,22,1,1
1149_aug_3,21,1,1
1149_aug_4,19,1,1
1149_aug_5,22,1,1
1149_aug_6,21,1,1
1152,23,1,1
1152_aug_1,26,1,1
1152_aug_2,23,1,1
1152_aug_3,24,1,1
1152_aug_4,25,1,1
1152_aug_5,25,1,1
1152_aug_6,24,1,1
1154,22,1,1
1154_aug_1,23,1,1
1154_aug_2,24,1,1
1154_aug_3,28,1,1
1154_aug_4,26,1,1
1154_aug_5,22,1,1
1154_aug_6,25,1,1
1158,15,1,1
1158_aug_1,15,1,1
1158_aug_2,16,1,1
1158_aug_3,21,1,1
1158_aug_4,20,1,1
1158_aug_5,19,1,1
1158_aug_6,16,1,1
1159,14,1,1
1159_aug_1,20,1,1
1159_aug_2,16,1,1
1159_aug_3,18,1,1
1159_aug_4,15,1,1
1159_aug_5,20,1,1
1159_aug_6,15,1,1
1160,32,1,1
1160_aug_1,34,1,1
1160_aug_2,36,1,1
1160_aug_3,38,1,1
1160_aug_4,32,1,1
1160_aug_5,34,1,1
1160_aug_6,33,1,1
1161,20,1,1
1161_aug_1,26,1,1
1161_aug_2,23,1,1
1161_aug_3,26,1,1
1161_aug_4,20,1,1
1161_aug_5,24,1,1
1161_aug_6,25,1,1
1162,0,0,1
1162_aug_1,0,0,1
1162_aug_2,0,0,1
1162_aug_3,0,0,1
1162_aug_4,0,0,1
1162_aug_5,0,0,1
1162_aug_6,0,0,1
1163,26,1,1
1163_aug_1,27,1,1
1163_aug_2,27,1,1
1163_aug_3,32,1,1
1163_aug_4,30,1,1
1163_aug_5,32,1,1
1163_aug_6,30,1,1
1164,0,0,1
1164_aug_1,0,0,1
1164_aug_2,0,0,1
1164_aug_3,0,0,1
1164_aug_4,0,0,1
1164_aug_5,0,0,1
1164_aug_6,0,0,1
1165,22,1,1
1165_aug_1,24,1,1
1165_aug_2,25,1,1
1165_aug_3,22,1,1
1165_aug_4,25,1,1
1165_aug_5,25,1,1
1165_aug_6,26,1,1
1166,22,1,1
1166_aug_1,24,1,1
1166_aug_2,25,1,1
1166_aug_3,26,1,1
1166_aug_4,27,1,1
1166_aug_5,26,1,1
1166_aug_6,25,1,1
1168,6,1,1
1168_aug_1,7,1,1
1168_aug_2,6,1,1
1168_aug_3,7,1,1
1168_aug_4,6,1,1
1168_aug_5,6,1,1
1168_aug_6,6,1,1
1169,41,1,1
1169_aug_1,42,1,1
1169_aug_2,43,1,1
1169_aug_3,42,1,1
1169_aug_4,45,1,1
1169_aug_5,43,1,1
1169_aug_6,42,1,1
1171,18,1,1
1171_aug_1,18,1,1
1171_aug_2,19,1,1
1171_aug_3,18,1,1
1171_aug_4,18,1,1
1171_aug_5,23,1,1
1171_aug_6,25,1,1
1172,20,1,1
1172_aug_1,24,1,1
1172_aug_2,24,1,1
1172_aug_3,24,1,1
1172_aug_4,22,1,1
1172_aug_5,24,1,1
1172_aug_6,27,1,1
1173,39,1,1
1173_aug_1,42,1,1
1173_aug_2,40,1,1
1173_aug_3,39,1,1
1173_aug_4,43,1,1
1173_aug_5,42,1,1
1173_aug_6,39,1,1
1174,17,1,1
1174_aug_1,20,1,1
1174_aug_2,21,1,1
1174_aug_3,20,1,1
1174_aug_4,20,1,1
1174_aug_5,21,1,1
1174_aug_6,22,1,1
1175,6,1,1
1175_aug_1,8,1,1
1175_aug_2,8,1,1
1175_aug_3,7,1,1
1175_aug_4,6,1,1
1175_aug_5,6,1,1
1175_aug_6,8,1,1
1177,14,1,1
1177_aug_1,14,1,1
1177_aug_2,14,1,1
1177_aug_3,14,1,1
1177_aug_4,14,1,1
1177_aug_5,14,1,1
1177_aug_6,14,1,1
1178,11,1,1
1178_aug_1,13,1,1
1178_aug_2,15,1,1
1178_aug_3,13,1,1
1178_aug_4,15,1,1
1178_aug_5,14,1,1
1178_aug_6,14,1,1
1179,39,1,1
1179_aug_1,40,1,1
1179_aug_2,41,1,1
1179_aug_3,45,1,1
1179_aug_4,43,1,1
1179_aug_5,42,1,1
1179_aug_6,43,1,1
1180,32,1,1
1180_aug_1,35,1,1
1180_aug_2,35,1,1
1180_aug_3,39,1,1
1180_aug_4,35,1,1
1180_aug_5,36,1,1
1180_aug_6,38,1,1
1182,16,1,1
1182_aug_1,19,1,1
1182_aug_2,23,1,1
1182_aug_3,22,1,1
1182_aug_4,20,1,1
1182_aug_5,20,1,1
1182_aug_6,21,1,1
1183,0,0,1
1183_aug_1,0,0,1
1183_aug_2,0,0,1
1183_aug_3,0,0,1
1183_aug_4,0,0,1
1183_aug_5,0,0,1
1183_aug_6,0,0,1
1184,28,1,1
1184_aug_1,32,1,1
1184_aug_2,31,1,1
1184_aug_3,30,1,1
1184_aug_4,34,1,1
1184_aug_5,34,1,1
1184_aug_6,28,1,1
1187,21,1,1
1187_aug_1,22,1,1
1187_aug_2,29,1,1
1187_aug_3,27,1,1
1187_aug_4,22,1,1
1187_aug_5,28,1,1
1187_aug_6,21,1,1
1188,6,1,1
1188_aug_1,8,1,1
1188_aug_2,8,1,1
1188_aug_3,6,1,1
1188_aug_4,6,1,1
1188_aug_5,9,1,1
1188_aug_6,6,1,1
1189,34,1,1
1189_aug_1,38,1,1
1189_aug_2,38,1,1
1189_aug_3,41,1,1
1189_aug_4,38,1,1
1189_aug_5,36,1,1
1189_aug_6,37,1,1
1190,6,1,1
1190_aug_1,6,1,1
1190_aug_2,7,1,1
1190_aug_3,7,1,1
1190_aug_4,7,1,1
1190_aug_5,9,1,1
1190_aug_6,6,1,1
1191,23,1,1
1191_aug_1,25,1,1
1191_aug_2,28,1,1
1191_aug_3,26,1,1
1191_aug_4,26,1,1
1191_aug_5,28,1,1
1191_aug_6,26,1,1
1192,28,1,1
1192_aug_1,33,1,1
1192_aug_2,32,1,1
1192_aug_3,32,1,1
1192_aug_4,33,1,1
1192_aug_5,32,1,1
1192_aug_6,34,1,1
1195,26,1,1
1195_aug_1,30,1,1
1195_aug_2,28,1,1
1195_aug_3,32,1,1
1195_aug_4,31,1,1
1195_aug_5,28,1,1
1195_aug_6,28,1,1
1196,25,1,1
1196_aug_1,28,1,1
1196_aug_2,25,1,1
1196_aug_3,25,1,1
1196_aug_4,26,1,1
1196_aug_5,26,1,1
1196_aug_6,28,1,1
1199,19,1,1
1199_aug_1,23,1,1
1199_aug_2,22,1,1
1199_aug_3,21,1,1
1199_aug_4,22,1,1
1199_aug_5,26,1,1
1199_aug_6,21,1,1
1200,27,1,1
1200_aug_1,30,1,1
1200_aug_2,28,1,1
1200_aug_3,27,1,1
1200_aug_4,29,1,1
1200_aug_5,30,1,1
1200_aug_6,30,1,1
1203,21,1,1
1203_aug_1,30,1,1
1203_aug_2,26,1,1
1203_aug_3,24,1,1
1203_aug_4,23,1,1
1203_aug_5,23,1,1
1203_aug_6,26,1,1
1204,28,1,1
1204_aug_1,34,1,1
1204_aug_2,35,1,1
1204_aug_3,33,1,1
1204_aug_4,33,1,1
1204_aug_5,30,1,1
1204_aug_6,32,1,1
1205,9,1,1
1205_aug_1,9,1,1
1205_aug_2,10,1,1
1205_aug_3,9,1,1
1205_aug_4,9,1,1
1205_aug_5,11,1,1
1205_aug_6,10,1,1
1207,13,1,1
1207_aug_1,16,1,1
1207_aug_2,14,1,1
1207_aug_3,15,1,1
1207_aug_4,19,1,1
1207_aug_5,17,1,1
1207_aug_6,20,1,1
1208,21,1,1
1208_aug_1,23,1,1
1208_aug_2,22,1,1
1208_aug_3,26,1,1
1208_aug_4,21,1,1
1208_aug_5,24,1,1
1208_aug_6,22,1,1
1211,16,1,1
1211_aug_1,22,1,1
1211_aug_2,20,1,1
1211_aug_3,19,1,1
1211_aug_4,21,1,1
1211_aug_5,22,1,1
1211_aug_6,16,1,1
1212,7,1,1
1212_aug_1,10,1,1
1212_aug_2,11,1,1
1212_aug_3,9,1,1
1212_aug_4,7,1,1
1212_aug_5,9,1,1
1212_aug_6,8,1,1
1213,26,1,1
1213_aug_1,31,1,1
1213_aug_2,27,1,1
1213_aug_3,28,1,1
1213_aug_4,32,1,1
1213_aug_5,31,1,1
1213_aug_6,29,1,1
1214,19,1,1
1214_aug_1,23,1,1
1214_aug_2,25,1,1
1214_aug_3,26,1,1
1214_aug_4,24,1,1
1214_aug_5,25,1,1
1214_aug_6,24,1,1
1217,13,1,1
1217_aug_1,14,1,1
1217_aug_2,13,1,1
1217_aug_3,13,1,1
1217_aug_4,18,1,1
1217_aug_5,13,1,1
1217_aug_6,13,1,1
1219,21,1,1
1219_aug_1,23,1,1
1219_aug_2,27,1,1
1219_aug_3,26,1,1
1219_aug_4,22,1,1
1219_aug_5,27,1,1
1219_aug_6,24,1,1
1220,45,1,1
1220_aug_1,48,1,1
1220_aug_2,49,1,1
1220_aug_3,47,1,1
1220_aug_4,47,1,1
1220_aug_5,46,1,1
1220_aug_6,49,1,1
1224,9,1,1
1224_aug_1,11,1,1
1224_aug_2,12,1,1
1224_aug_3,9,1,1
1224_aug_4,11,1,1
1224_aug_5,12,1,1
1224_aug_6,9,1,1
1225,16,1,1
1225_aug_1,19,1,1
1225_aug_2,20,1,1
1225_aug_3,20,1,1
1225_aug_4,20,1,1
1225_aug_5,22,1,1
1225_aug_6,18,1,1
1229,15,1,1
1229_aug_1,22,1,1
1229_aug_2,16,1,1
1229_aug_3,19,1,1
1229_aug_4,25,1,1
1229_aug_5,25,1,1
1229_aug_6,17,1,1
1233,24,1,1
1233_aug_1,27,1,1
1233_aug_2,26,1,1
1233_aug_3,26,1,1
1233_aug_4,29,1,1
1233_aug_5,28,1,1
1233_aug_6,25,1,1
1235,11,1,1
1235_aug_1,14,1,1
1235_aug_2,15,1,1
1235_aug_3,11,1,1
1235_aug_4,12,1,1
1235_aug_5,12,1,1
1235_aug_6,12,1,1
1241,25,1,1
1241_aug_1,27,1,1
1241_aug_2,27,1,1
1241_aug_3,32,1,1
1241_aug_4,29,1,1
1241_aug_5,28,1,1
1241_aug_6,30,1,1
1243,23,1,1
1243_aug_1,31,1,1
1243_aug_2,29,1,1
1243_aug_3,29,1,1
1243_aug_4,24,1,1
1243_aug_5,27,1,1
1243_aug_6,27,1,1
1245,0,0,1
1245_aug_1,0,0,1
1245_aug_2,0,0,1
1245_aug_3,0,0,1
1245_aug_4,0,0,1
1245_aug_5,0,0,1
1245_aug_6,0,0,1
1248,16,1,1
1248_aug_1,21,1,1
1248_aug_2,20,1,1
1248_aug_3,21,1,1
1248_aug_4,19,1,1
1248_aug_5,20,1,1
1248_aug_6,18,1,1
1249,25,1,1
1249_aug_1,31,1,1
1249_aug_2,32,1,1
1249_aug_3,32,1,1
1249_aug_4,29,1,1
1249_aug_5,30,1,1
1249_aug_6,33,1,1
1250,28,1,1
1250_aug_1,30,1,1
1250_aug_2,30,1,1
1250_aug_3,30,1,1
1250_aug_4,33,1,1
1250_aug_5,32,1,1
1250_aug_6,30,1,1
1256,20,1,1
1256_aug_1,22,1,1
1256_aug_2,21,1,1
1256_aug_3,23,1,1
1256_aug_4,26,1,1
1256_aug_5,23,1,1
1256_aug_6,23,1,1
1257,37,1,1
1257_aug_1,38,1,1
1257_aug_2,40,1,1
1257_aug_3,41,1,1
1257_aug_4,39,1,1
1257_aug_5,40,1,1
1257_aug_6,38,1,1
1259,7,1,1
1259_aug_1,7,1,1
1259_aug_2,7,1,1
1259_aug_3,7,1,1
1259_aug_4,7,1,1
1259_aug_5,9,1,1
1259_aug_6,7,1,1
1260,0,0,1
1260_aug_1,0,0,1
1260_aug_2,0,0,1
1260_aug_3,0,0,1
1260_aug_4,0,0,1
1260_aug_5,0,0,1
1260_aug_6,0,0,1
1261,14,1,1
1261_aug_1,15,1,1
1261_aug_2,15,1,1
1261_aug_3,19,1,1
1261_aug_4,19,1,1
1261_aug_5,16,1,1
1261_aug_6,19,1,1
1262,24,1,1
1262_aug_1,26,1,1
1262_aug_2,26,1,1
1262_aug_3,31,1,1
1262_aug_4,30,1,1
1262_aug_5,34,1,1
1262_aug_6,31,1,1
1263,11,1,1
1263_aug_1,13,1,1
1263_aug_2,11,1,1
1263_aug_3,11,1,1
1263_aug_4,11,1,1
1263_aug_5,12,1,1
1263_aug_6,11,1,1
1264,20,1,1
1264_aug_1,24,1,1
1264_aug_2,23,1,1
1264_aug_3,20,1,1
1264_aug_4,24,1,1
1264_aug_5,27,1,1
1264_aug_6,25,1,1
1265,35,1,1
1265_aug_1,37,1,1
1265_aug_2,38,1,1
1265_aug_3,42,1,1
1265_aug_4,38,1,1
1265_aug_5,36,1,1
1265_aug_6,41,1,1
1267,19,1,1
1267_aug_1,21,1,1
1267_aug_2,25,1,1
1267_aug_3,24,1,1
1267_aug_4,22,1,1
1267_aug_5,22,1,1
1267_aug_6,21,1,1
1269,20,1,1
1269_aug_1,22,1,1
1269_aug_2,22,1,1
1269_aug_3,21,1,1
1269_aug_4,22,1,1
1269_aug_5,25,1,1
1269_aug_6,20,1,1
1272,24,1,1
1272_aug_1,29,1,1
1272_aug_2,29,1,1
1272_aug_3,29,1,1
1272_aug_4,27,1,1
1272_aug_5,34,1,1
1272_aug_6,26,1,1
1273,17,1,1
1273_aug_1,17,1,1
1273_aug_2,21,1,1
1273_aug_3,26,1,1
1273_aug_4,24,1,1
1273_aug_5,21,1,1
1273_aug_6,21,1,1
1274,18,1,1
1274_aug_1,20,1,1
1274_aug_2,20,1,1
1274_aug_3,21,1,1
1274_aug_4,22,1,1
1274_aug_5,25,1,1
1274_aug_6,23,1,1
1276,19,1,1
1276_aug_1,26,1,1
1276_aug_2,21,1,1
1276_aug_3,22,1,1
1276_aug_4,23,1,1
1276_aug_5,22,1,1
1276_aug_6,25,1,1
1277,30,1,1
1277_aug_1,30,1,1
1277_aug_2,35,1,1
1277_aug_3,33,1,1
1277_aug_4,37,1,1
1277_aug_5,33,1,1
1277_aug_6,34,1,1
1278,7,1,1
1278_aug_1,10,1,1
1278_aug_2,10,1,1
1278_aug_3,9,1,1
1278_aug_4,10,1,1
1278_aug_5,7,1,1
1278_aug_6,9,1,1
1280,19,1,1
1280_aug_1,23,1,1
1280_aug_2,23,1,1
1280_aug_3,25,1,1
1280_aug_4,25,1,1
1280_aug_5,27,1,1
1280_aug_6,21,1,1
1282,20,1,1
1282_aug_1,24,1,1
1282_aug_2,26,1,1
1282_aug_3,27,1,1
1282_aug_4,24,1,1
1282_aug_5,23,1,1
1282_aug_6,26,1,1
1283,23,1,1
1283_aug_1,26,1,1
1283_aug_2,23,1,1
1283_aug_3,24,1,1
1283_aug_4,27,1,1
1283_aug_5,28,1,1
1283_aug_6,30,1,1
1285,30,1,1
1285_aug_1,34,1,1
1285_aug_2,31,1,1
1285_aug_3,31,1,1
1285_aug_4,33,1,1
1285_aug_5,33,1,1
1285_aug_6,33,1,1
1287,22,1,1
1287_aug_1,24,1,1
1287_aug_2,27,1,1
1287_aug_3,24,1,1
1287_aug_4,23,1,1
1287_aug_5,23,1,1
1287_aug_6,22,1,1
1289,11,1,1
1289_aug_1,11,1,1
1289_aug_2,14,1,1
1289_aug_3,13,1,1
1289_aug_4,11,1,1
1289_aug_5,15,1,1
1289_aug_6,14,1,1
1290,29,1,1
1290_aug_1,33,1,1
1290_aug_2,40,1,1
1290_aug_3,34,1,1
1290_aug_4,39,1,1
1290_aug_5,34,1,1
1290_aug_6,35,1,1
1291,16,1,1
1291_aug_1,19,1,1
1291_aug_2,16,1,1
1291_aug_3,18,1,1
1291_aug_4,17,1,1
1291_aug_5,16,1,1
1291_aug_6,19,1,1
1292,38,1,1
1292_aug_1,42,1,1
1292_aug_2,41,1,1
1292_aug_3,39,1,1
1292_aug_4,41,1,1
1292_aug_5,41,1,1
1292_aug_6,41,1,1
1294,14,1,1
1294_aug_1,19,1,1
1294_aug_2,20,1,1
1294_aug_3,25,1,1
1294_aug_4,18,1,1
1294_aug_5,19,1,1
1294_aug_6,21,1,1
1295,27,1,1
1295_aug_1,30,1,1
1295_aug_2,28,1,1
1295_aug_3,29,1,1
1295_aug_4,30,1,1
1295_aug_5,30,1,1
1295_aug_6,29,1,1
1301,29,1,1
1301_aug_1,34,1,1
1301_aug_2,34,1,1
1301_aug_3,32,1,1
1301_aug_4,33,1,1
1301_aug_5,32,1,1
1301_aug_6,33,1,1
1302,19,1,1
1302_aug_1,22,1,1
1302_aug_2,20,1,1
1302_aug_3,21,1,1
1302_aug_4,21,1,1
1302_aug_5,20,1,1
1302_aug_6,20,1,1
1304,14,1,1
1304_aug_1,21,1,1
1304_aug_2,17,1,1
1304_aug_3,17,1,1
1304_aug_4,18,1,1
1304_aug_5,18,1,1
1304_aug_6,15,1,1
1305,6,1,1
1305_aug_1,7,1,1
1305_aug_2,6,1,1
1305_aug_3,6,1,1
1305_aug_4,9,1,1
1305_aug_5,9,1,1
1305_aug_6,8,1,1
1308,12,1,1
1308_aug_1,15,1,1
1308_aug_2,13,1,1
1308_aug_3,13,1,1
1308_aug_4,15,1,1
1308_aug_5,14,1,1
1308_aug_6,15,1,1
1311,20,1,1
1311_aug_1,23,1,1
1311_aug_2,21,1,1
1311_aug_3,20,1,1
1311_aug_4,20,1,1
1311_aug_5,20,1,1
1311_aug_6,21,1,1
1317,30,1,1
1317_aug_1,33,1,1
1317_aug_2,33,1,1
1317_aug_3,35,1,1
1317_aug_4,33,1,1
1317_aug_5,33,1,1
1317_aug_6,37,1,1
1318,13,1,1
1318_aug_1,15,1,1
1318_aug_2,17,1,1
1318_aug_3,15,1,1
1318_aug_4,14,1,1
1318_aug_5,16,1,1
1318_aug_6,16,1,1
1319,18,1,1
1319_aug_1,21,1,1
1319_aug_2,21,1,1
1319_aug_3,22,1,1
1319_aug_4,21,1,1
1319_aug_5,21,1,1
1319_aug_6,20,1,1
1320,35,1,1
1320_aug_1,40,1,1
1320_aug_2,39,1,1
1320_aug_3,41,1,1
1320_aug_4,39,1,1
1320_aug_5,39,1,1
1320_aug_6,40,1,1
1322,11,1,1
1322_aug_1,14,1,1
1322_aug_2,13,1,1
1322_aug_3,14,1,1
1322_aug_4,16,1,1
1322_aug_5,15,1,1
1322_aug_6,17,1,1
1323,15,1,1
1323_aug_1,18,1,1
1323_aug_2,16,1,1
1323_aug_3,16,1,1
1323_aug_4,16,1,1
1323_aug_5,20,1,1
1323_aug_6,19,1,1
1326,0,0,1
1326_aug_1,0,0,1
1326_aug_2,0,0,1
1326_aug_3,0,0,1
1326_aug_4,0,0,1
1326_aug_5,0,0,1
1326_aug_6,0,0,1
1327,22,1,1
1327_aug_1,31,1,1
1327_aug_2,26,1,1
1327_aug_3,36,1,1
1327_aug_4,23,1,1
1327_aug_5,27,1,1
1327_aug_6,30,1,1
1329,49,1,1
1329_aug_1,50,1,1
1329_aug_2,53,1,1
1329_aug_3,52,1,1
1329_aug_4,51,1,1
1329_aug_5,50,1,1
1329_aug_6,51,1,1
1330,18,1,1
1330_aug_1,22,1,1
1330_aug_2,18,1,1
1330_aug_3,18,1,1
1330_aug_4,18,1,1
1330_aug_5,19,1,1
1330_aug_6,20,1,1
1332,0,0,1
1332_aug_1,0,0,1
1332_aug_2,0,0,1
1332_aug_3,0,0,1
1332_aug_4,0,0,1
1332_aug_5,0,0,1
1332_aug_6,0,0,1
1333,35,1,1
1333_aug_1,38,1,1
1333_aug_2,39,1,1
1333_aug_3,36,1,1
1333_aug_4,36,1,1
1333_aug_5,36,1,1
1333_aug_6,42,1,1
1334,10,1,1
1334_aug_1,17,1,1
1334_aug_2,16,1,1
1334_aug_3,10,1,1
1334_aug_4,13,1,1
1334_aug_5,17,1,1
1334_aug_6,15,1,1
1335,20,1,1
1335_aug_1,23,1,1
1335_aug_2,29,1,1
1335_aug_3,23,1,1
1335_aug_4,24,1,1
1335_aug_5,21,1,1
1335_aug_6,26,1,1
1337,0,0,1
1337_aug_1,0,0,1
1337_aug_2,0,0,1
1337_aug_3,0,0,1
1337_aug_4,0,0,1
1337_aug_5,0,0,1
1337_aug_6,0,0,1
1339,20,1,1
1339_aug_1,24,1,1
1339_aug_2,29,1,1
1339_aug_3,23,1,1
1339_aug_4,25,1,1
1339_aug_5,20,1,1
1339_aug_6,25,1,1
1341,27,1,1
1341_aug_1,39,1,1
1341_aug_2,30,1,1
1341_aug_3,29,1,1
1341_aug_4,29,1,1
1341_aug_5,38,1,1
1341_aug_6,30,1,1
1343,21,1,1
1343_aug_1,26,1,1
1343_aug_2,27,1,1
1343_aug_3,25,1,1
1343_aug_4,23,1,1
1343_aug_5,24,1,1
1343_aug_6,26,1,1
1344,10,1,1
1344_aug_1,12,1,1
1344_aug_2,10,1,1
1344_aug_3,10,1,1
1344_aug_4,11,1,1
1344_aug_5,19,1,1
1344_aug_6,14,1,1
1346,22,1,1
1346_aug_1,28,1,1
1346_aug_2,25,1,1
1346_aug_3,26,1,1
1346_aug_4,25,1,1
1346_aug_5,23,1,1
1346_aug_6,26,1,1
1347,17,1,1
1347_aug_1,17,1,1
1347_aug_2,17,1,1
1347_aug_3,22,1,1
1347_aug_4,19,1,1
1347_aug_5,21,1,1
1347_aug_6,24,1,1
1349,21,1,1
1349_aug_1,24,1,1
1349_aug_2,26,1,1
1349_aug_3,25,1,1
1349_aug_4,25,1,1
1349_aug_5,24,1,1
1349_aug_6,23,1,1
1350,33,1,1
1350_aug_1,40,1,1
1350_aug_2,42,1,1
1350_aug_3,38,1,1
1350_aug_4,39,1,1
1350_aug_5,39,1,1
1350_aug_6,40,1,1
1351,0,0,1
1351_aug_1,0,0,1
1351_aug_2,0,0,1
1351_aug_3,0,0,1
1351_aug_4,0,0,1
1351_aug_5,0,0,1
1351_aug_6,0,0,1
1353,31,1,1
1353_aug_1,32,1,1
1353_aug_2,37,1,1
1353_aug_3,34,1,1
1353_aug_4,34,1,1
1353_aug_5,35,1,1
1353_aug_6,31,1,1
1355,28,1,1
1355_aug_1,30,1,1
1355_aug_2,29,1,1
1355_aug_3,29,1,1
1355_aug_4,30,1,1
1355_aug_5,32,1,1
1355_aug_6,28,1,1
1358,22,1,1
1358_aug_1,26,1,1
1358_aug_2,23,1,1
1358_aug_3,29,1,1
1358_aug_4,32,1,1
1358_aug_5,24,1,1
1358_aug_6,29,1,1
1361,0,0,1
1361_aug_1,0,0,1
1361_aug_2,0,0,1
1361_aug_3,0,0,1
1361_aug_4,0,0,1
1361_aug_5,0,0,1
1361_aug_6,0,0,1
1362,0,0,1
1362_aug_1,0,0,1
1362_aug_2,0,0,1
1362_aug_3,0,0,1
1362_aug_4,0,0,1
1362_aug_5,0,0,1
1362_aug_6,0,0,1
1363,14,1,1
1363_aug_1,15,1,1
1363_aug_2,17,1,1
1363_aug_3,18,1,1
1363_aug_4,14,1,1
1363_aug_5,14,1,1
1363_aug_6,19,1,1
1364,20,1,1
1364_aug_1,23,1,1
1364_aug_2,23,1,1
1364_aug_3,23,1,1
1364_aug_4,26,1,1
1364_aug_5,23,1,1
1364_aug_6,25,1,1
1366,6,1,1
1366_aug_1,6,1,1
1366_aug_2,7,1,1
1366_aug_3,6,1,1
1366_aug_4,8,1,1
1366_aug_5,8,1,1
1366_aug_6,6,1,1
1367,21,1,1
1367_aug_1,25,1,1
1367_aug_2,26,1,1
1367_aug_3,24,1,1
1367_aug_4,29,1,1
1367_aug_5,26,1,1
1367_aug_6,28,1,1
1368,7,1,1
1368_aug_1,10,1,1
1368_aug_2,13,1,1
1368_aug_3,8,1,1
1368_aug_4,7,1,1
1368_aug_5,10,1,1
1368_aug_6,7,1,1
1369,12,1,1
1369_aug_1,15,1,1
1369_aug_2,13,1,1
1369_aug_3,15,1,1
1369_aug_4,13,1,1
1369_aug_5,14,1,1
1369_aug_6,14,1,1
1371,0,0,1
1371_aug_1,0,0,1
1371_aug_2,0,0,1
1371_aug_3,0,0,1
1371_aug_4,0,0,1
1371_aug_5,0,0,1
1371_aug_6,0,0,1
1372,19,1,1
1372_aug_1,25,1,1
1372_aug_2,25,1,1
1372_aug_3,25,1,1
1372_aug_4,21,1,1
1372_aug_5,22,1,1
1372_aug_6,20,1,1
1373,18,1,1
1373_aug_1,21,1,1
1373_aug_2,21,1,1
1373_aug_3,20,1,1
1373_aug_4,21,1,1
1373_aug_5,19,1,1
1373_aug_6,20,1,1
1374,12,1,1
1374_aug_1,16,1,1
1374_aug_2,16,1,1
1374_aug_3,16,1,1
1374_aug_4,15,1,1
1374_aug_5,15,1,1
1374_aug_6,13,1,1
1375,0,0,1
1375_aug_1,0,0,1
1375_aug_2,0,0,1
1375_aug_3,0,0,1
1375_aug_4,0,0,1
1375_aug_5,0,0,1
1375_aug_6,0,0,1
1376,24,1,1
1376_aug_1,25,1,1
1376_aug_2,25,1,1
1376_aug_3,24,1,1
1376_aug_4,25,1,1
1376_aug_5,28,1,1
1376_aug_6,26,1,1
1377,30,1,1
1377_aug_1,42,1,1
1377_aug_2,37,1,1
1377_aug_3,36,1,1
1377_aug_4,37,1,1
1377_aug_5,35,1,1
1377_aug_6,38,1,1
1380,18,1,1
1380_aug_1,23,1,1
1380_aug_2,25,1,1
1380_aug_3,28,1,1
1380_aug_4,25,1,1
1380_aug_5,28,1,1
1380_aug_6,26,1,1
1381,25,1,1
1381_aug_1,31,1,1
1381_aug_2,26,1,1
1381_aug_3,34,1,1
1381_aug_4,30,1,1
1381_aug_5,29,1,1
1381_aug_6,25,1,1
1382,25,1,1
1382_aug_1,27,1,1
1382_aug_2,28,1,1
1382_aug_3,26,1,1
1382_aug_4,30,1,1
1382_aug_5,30,1,1
1382_aug_6,32,1,1
1384,16,1,1
1384_aug_1,21,1,1
1384_aug_2,22,1,1
1384_aug_3,19,1,1
1384_aug_4,17,1,1
1384_aug_5,18,1,1
1384_aug_6,19,1,1
1386,25,1,1
1386_aug_1,29,1,1
1386_aug_2,29,1,1
1386_aug_3,30,1,1
1386_aug_4,29,1,1
1386_aug_5,26,1,1
1386_aug_6,31,1,1
1388,14,1,1
1388_aug_1,19,1,1
1388_aug_2,18,1,1
1388_aug_3,21,1,1
1388_aug_4,19,1,1
1388_aug_5,18,1,1
1388_aug_6,19,1,1
1389,0,0,1
1389_aug_1,0,0,1
1389_aug_2,0,0,1
1389_aug_3,0,0,1
1389_aug_4,0,0,1
1389_aug_5,0,0,1
1389_aug_6,0,0,1
1390,27,1,1
1390_aug_1,29,1,1
1390_aug_2,29,1,1
1390_aug_3,29,1,1
1390_aug_4,28,1,1
1390_aug_5,31,1,1
1390_aug_6,28,1,1
1391,23,1,1
1391_aug_1,24,1,1
1391_aug_2,26,1,1
1391_aug_3,25,1,1
1391_aug_4,23,1,1
1391_aug_5,24,1,1
1391_aug_6,24,1,1
1392,34,1,1
1392_aug_1,36,1,1
1392_aug_2,41,1,1
1392_aug_3,36,1,1
1392_aug_4,40,1,1
1392_aug_5,38,1,1
1392_aug_6,40,1,1
1393,36,1,1
1393_aug_1,40,1,1
1393_aug_2,40,1,1
1393_aug_3,44,1,1
1393_aug_4,43,1,1
1393_aug_5,44,1,1
1393_aug_6,45,1,1
1394,0,0,1
1394_aug_1,0,0,1
1394_aug_2,0,0,1
1394_aug_3,0,0,1
1394_aug_4,0,0,1
1394_aug_5,0,0,1
1394_aug_6,0,0,1
1396,18,1,1
1396_aug_1,27,1,1
1396_aug_2,23,1,1
1396_aug_3,23,1,1
1396_aug_4,25,1,1
1396_aug_5,25,1,1
1396_aug_6,24,1,1
1397,0,0,1
1397_aug_1,0,0,1
1397_aug_2,0,0,1
1397_aug_3,0,0,1
1397_aug_4,0,0,1
1397_aug_5,0,0,1
1397_aug_6,0,0,1
1399,14,1,1
1399_aug_1,14,1,1
1399_aug_2,14,1,1
1399_aug_3,14,1,1
1399_aug_4,16,1,1
1399_aug_5,17,1,1
1399_aug_6,14,1,1
1402,29,1,1
1402_aug_1,30,1,1
1402_aug_2,32,1,1
1402_aug_3,34,1,1
1402_aug_4,35,1,1
1402_aug_5,41,1,1
1402_aug_6,34,1,1
1403,19,1,1
1403_aug_1,22,1,1
1403_aug_2,27,1,1
1403_aug_3,26,1,1
1403_aug_4,23,1,1
1403_aug_5,25,1,1
1403_aug_6,31,1,1
1405,26,1,1
1405_aug_1,33,1,1
1405_aug_2,29,1,1
1405_aug_3,29,1,1
1405_aug_4,28,1,1
1405_aug_5,28,1,1
1405_aug_6,30,1,1
1406,12,1,1
1406_aug_1,16,1,1
1406_aug_2,13,1,1
1406_aug_3,17,1,1
1406_aug_4,14,1,1
1406_aug_5,13,1,1
1406_aug_6,12,1,1
1407,15,1,1
1407_aug_1,15,1,1
1407_aug_2,18,1,1
1407_aug_3,15,1,1
1407_aug_4,15,1,1
1407_aug_5,17,1,1
1407_aug_6,18,1,1
1408,22,1,1
1408_aug_1,28,1,1
1408_aug_2,26,1,1
1408_aug_3,25,1,1
1408_aug_4,26,1,1
1408_aug_5,27,1,1
1408_aug_6,28,1,1
1411,21,1,1
1411_aug_1,28,1,1
1411_aug_2,24,1,1
1411_aug_3,25,1,1
1411_aug_4,27,1,1
1411_aug_5,23,1,1
1411_aug_6,26,1,1
1412,21,1,1
1412_aug_1,23,1,1
1412_aug_2,26,1,1
1412_aug_3,26,1,1
1412_aug_4,23,1,1
1412_aug_5,21,1,1
1412_aug_6,23,1,1
1413,21,1,1
1413_aug_1,22,1,1
1413_aug_2,22,1,1
1413_aug_3,28,1,1
1413_aug_4,25,1,1
1413_aug_5,26,1,1
1413_aug_6,26,1,1
1414,0,0,1
1414_aug_1,0,0,1
1414_aug_2,0,0,1
1414_aug_3,0,0,1
1414_aug_4,0,0,1
1414_aug_5,0,0,1
1414_aug_6,0,0,1
1415,14,1,1
1415_aug_1,18,1,1
1415_aug_2,20,1,1
1415_aug_3,20,1,1
1415_aug_4,15,1,1
1415_aug_5,15,1,1
1415_aug_6,23,1,1
1417,34,1,1
1417_aug_1,36,1,1
1417_aug_2,39,1,1
1417_aug_3,35,1,1
1417_aug_4,40,1,1
1417_aug_5,42,1,1
1417_aug_6,36,1,1
1419,20,1,1
1419_aug_1,25,1,1
1419_aug_2,24,1,1
1419_aug_3,22,1,1
1419_aug_4,23,1,1
1419_aug_5,23,1,1
1419_aug_6,23,1,1
1420,0,0,1
1420_aug_1,0,0,1
1420_aug_2,0,0,1
1420_aug_3,0,0,1
1420_aug_4,0,0,1
1420_aug_5,0,0,1
1420_aug_6,0,0,1
1422,30,1,1
1422_aug_1,36,1,1
1422_aug_2,37,1,1
1422_aug_3,37,1,1
1422_aug_4,32,1,1
1422_aug_5,33,1,1
1422_aug_6,36,1,1
1425,22,1,1
1425_aug_1,22,1,1
1425_aug_2,25,1,1
1425_aug_3,22,1,1
1425_aug_4,23,1,1
1425_aug_5,23,1,1
1425_aug_6,24,1,1
1426,0,0,1
1426_aug_1,0,0,1
1426_aug_2,0,0,1
1426_aug_3,0,0,1
1426_aug_4,0,0,1
1426_aug_5,0,0,1
1426_aug_6,0,0,1
1427,16,1,1
1427_aug_1,19,1,1
1427_aug_2,18,1,1
1427_aug_3,17,1,1
1427_aug_4,19,1,1
1427_aug_5,17,1,1
1427_aug_6,17,1,1
1428,17,1,1
1428_aug_1,22,1,1
1428_aug_2,20,1,1
1428_aug_3,20,1,1
1428_aug_4,17,1,1
1428_aug_5,23,1,1
1428_aug_6,23,1,1
1430,17,1,1
1430_aug_1,18,1,1
1430_aug_2,20,1,1
1430_aug_3,19,1,1
1430_aug_4,19,1,1
1430_aug_5,22,1,1
1430_aug_6,20,1,1
1431,20,1,1
1431_aug_1,20,1,1
1431_aug_2,24,1,1
1431_aug_3,21,1,1
1431_aug_4,22,1,1
1431_aug_5,25,1,1
1431_aug_6,25,1,1
1433,9,1,1
1433_aug_1,10,1,1
1433_aug_2,11,1,1
1433_aug_3,9,1,1
1433_aug_4,9,1,1
1433_aug_5,9,1,1
1433_aug_6,11,1,1
1435,10,1,1
1435_aug_1,11,1,1
1435_aug_2,12,1,1
1435_aug_3,11,1,1
1435_aug_4,13,1,1
1435_aug_5,10,1,1
1435_aug_6,12,1,1
1437,21,1,1
1437_aug_1,32,1,1
1437_aug_2,27,1,1
1437_aug_3,27,1,1
1437_aug_4,27,1,1
1437_aug_5,28,1,1
1437_aug_6,26,1,1
1438,22,1,1
1438_aug_1,22,1,1
1438_aug_2,24,1,1
1438_aug_3,25,1,1
1438_aug_4,23,1,1
1438_aug_5,25,1,1
1438_aug_6,26,1,1
1439,11,1,1
1439_aug_1,16,1,1
1439_aug_2,14,1,1
1439_aug_3,11,1,1
1439_aug_4,11,1,1
1439_aug_5,14,1,1
1439_aug_6,14,1,1
1441,20,1,1
1441_aug_1,22,1,1
1441_aug_2,21,1,1
1441_aug_3,22,1,1
1441_aug_4,20,1,1
1441_aug_5,20,1,1
1441_aug_6,20,1,1
1442,7,1,1
1442_aug_1,7,1,1
1442_aug_2,12,1,1
1442_aug_3,7,1,1
1442_aug_4,7,1,1
1442_aug_5,10,1,1
1442_aug_6,10,1,1
1443,25,1,1
1443_aug_1,27,1,1
1443_aug_2,27,1,1
1443_aug_3,29,1,1
1443_aug_4,27,1,1
1443_aug_5,29,1,1
1443_aug_6,28,1,1
1444,31,1,1
1444_aug_1,36,1,1
1444_aug_2,37,1,1
1444_aug_3,36,1,1
1444_aug_4,38,1,1
1444_aug_5,37,1,1
1444_aug_6,34,1,1
1445,37,1,1
1445_aug_1,39,1,1
1445_aug_2,39,1,1
1445_aug_3,39,1,1
1445_aug_4,40,1,1
1445_aug_5,38,1,1
1445_aug_6,39,1,1
1446,0,0,1
1446_aug_1,0,0,1
1446_aug_2,0,0,1
1446_aug_3,0,0,1
1446_aug_4,0,0,1
1446_aug_5,0,0,1
1446_aug_6,0,0,1
1448,28,1,1
1448_aug_1,29,1,1
1448_aug_2,31,1,1
1448_aug_3,32,1,1
1448_aug_4,28,1,1
1448_aug_5,30,1,1
1448_aug_6,34,1,1
1449,52,1,1
1449_aug_1,54,1,1
1449_aug_2,56,1,1
1449_aug_3,59,1,1
1449_aug_4,56,1,1
1449_aug_5,57,1,1
1449_aug_6,54,1,1
1450,12,1,1
1450_aug_1,18,1,1
1450_aug_2,15,1,1
1450_aug_3,17,1,1
1450_aug_4,16,1,1
1450_aug_5,14,1,1
1450_aug_6,14,1,1
1452,21,1,1
1452_aug_1,23,1,1
1452_aug_2,23,1,1
1452_aug_3,24,1,1
1452_aug_4,26,1,1
1452_aug_5,24,1,1
1452_aug_6,21,1,1
1454,7,1,1
1454_aug_1,7,1,1
1454_aug_2,7,1,1
1454_aug_3,10,1,1
1454_aug_4,9,1,1
1454_aug_5,9,1,1
1454_aug_6,9,1,1
1455,18,1,1
1455_aug_1,21,1,1
1455_aug_2,22,1,1
1455_aug_3,20,1,1
1455_aug_4,20,1,1
1455_aug_5,22,1,1
1455_aug_6,23,1,1
1456,16,1,1
1456_aug_1,20,1,1
1456_aug_2,19,1,1
1456_aug_3,18,1,1
1456_aug_4,18,1,1
1456_aug_5,18,1,1
1456_aug_6,17,1,1
1458,32,1,1
1458_aug_1,37,1,1
1458_aug_2,33,1,1
1458_aug_3,33,1,1
1458_aug_4,33,1,1
1458_aug_5,36,1,1
1458_aug_6,36,1,1
1461,7,1,1
1461_aug_1,7,1,1
1461_aug_2,10,1,1
1461_aug_3,7,1,1
1461_aug_4,11,1,1
1461_aug_5,9,1,1
1461_aug_6,11,1,1
1462,16,1,1
1462_aug_1,19,1,1
1462_aug_2,19,1,1
1462_aug_3,21,1,1
1462_aug_4,18,1,1
1462_aug_5,22,1,1
1462_aug_6,17,1,1
1463,19,1,1
1463_aug_1,19,1,1
1463_aug_2,24,1,1
1463_aug_3,23,1,1
1463_aug_4,19,1,1
1463_aug_5,24,1,1
1463_aug_6,19,1,1
1465,21,1,1
1465_aug_1,22,1,1
1465_aug_2,23,1,1
1465_aug_3,23,1,1
1465_aug_4,27,1,1
1465_aug_5,23,1,1
1465_aug_6,25,1,1
1466,13,1,1
1466_aug_1,17,1,1
1466_aug_2,17,1,1
1466_aug_3,17,1,1
1466_aug_4,17,1,1
1466_aug_5,13,1,1
1466_aug_6,14,1,1
1467,21,1,1
1467_aug_1,21,1,1
1467_aug_2,22,1,1
1467_aug_3,22,1,1
1467_aug_4,22,1,1
1467_aug_5,24,1,1
1467_aug_6,21,1,1
1468,20,1,1
1468_aug_1,29,1,1
1468_aug_2,26,1,1
1468_aug_3,21,1,1
1468_aug_4,20,1,1
1468_aug_5,24,1,1
1468_aug_6,21,1,1
1470,10,1,1
1470_aug_1,13,1,1
1470_aug_2,10,1,1
1470_aug_3,14,1,1
1470_aug_4,13,1,1
1470_aug_5,16,1,1
1470_aug_6,14,1,1
1472,11,1,1
1472_aug_1,14,1,1
1472_aug_2,12,1,1
1472_aug_3,12,1,1
1472_aug_4,11,1,1
1472_aug_5,16,1,1
1472_aug_6,13,1,1
1474,18,1,1
1474_aug_1,23,1,1
1474_aug_2,20,1,1
1474_aug_3,24,1,1
1474_aug_4,21,1,1
1474_aug_5,22,1,1
1474_aug_6,21,1,1
1476,7,1,1
1476_aug_1,7,1,1
1476_aug_2,7,1,1
1476_aug_3,13,1,1
1476_aug_4,7,1,1
1476_aug_5,7,1,1
1476_aug_6,12,1,1
1479,0,0,1
1479_aug_1,0,0,1
1479_aug_2,0,0,1
1479_aug_3,0,0,1
1479_aug_4,0,0,1
1479_aug_5,0,0,1
1479_aug_6,0,0,1
1480,16,1,1
1480_aug_1,22,1,1
1480_aug_2,19,1,1
1480_aug_3,18,1,1
1480_aug_4,22,1,1
1480_aug_5,18,1,1
1480_aug_6,22,1,1
1481,17,1,1
1481_aug_1,19,1,1
1481_aug_2,22,1,1
1481_aug_3,19,1,1
1481_aug_4,19,1,1
1481_aug_5,21,1,1
1481_aug_6,19,1,1
1482,21,1,1
1482_aug_1,25,1,1
1482_aug_2,24,1,1
1482_aug_3,27,1,1
1482_aug_4,24,1,1
1482_aug_5,24,1,1
1482_aug_6,24,1,1
1483,25,1,1
1483_aug_1,31,1,1
1483_aug_2,28,1,1
1483_aug_3,29,1,1
1483_aug_4,26,1,1
1483_aug_5,26,1,1
1483_aug_6,30,1,1
1484,19,1,1
1484_aug_1,20,1,1
1484_aug_2,22,1,1
1484_aug_3,21,1,1
1484_aug_4,21,1,1
1484_aug_5,23,1,1
1484_aug_6,22,1,1
1485,48,1,1
1485_aug_1,55,1,1
1485_aug_2,52,1,1
1485_aug_3,57,1,1
1485_aug_4,53,1,1
1485_aug_5,51,1,1
1485_aug_6,59,1,1
1487,9,1,1
1487_aug_1,11,1,1
1487_aug_2,11,1,1
1487_aug_3,9,1,1
1487_aug_4,10,1,1
1487_aug_5,9,1,1
1487_aug_6,10,1,1
1488,18,1,1
1488_aug_1,21,1,1
1488_aug_2,20,1,1
1488_aug_3,22,1,1
1488_aug_4,24,1,1
1488_aug_5,18,1,1
1488_aug_6,24,1,1
1489,16,1,1
1489_aug_1,19,1,1
1489_aug_2,18,1,1
1489_aug_3,19,1,1
1489_aug_4,17,1,1
1489_aug_5,23,1,1
1489_aug_6,18,1,1
1491,20,1,1
1491_aug_1,21,1,1
1491_aug_2,20,1,1
1491_aug_3,22,1,1
1491_aug_4,21,1,1
1491_aug_5,23,1,1
1491_aug_6,21,1,1
1493,0,0,1
1493_aug_1,0,0,1
1493_aug_2,0,0,1
1493_aug_3,0,0,1
1493_aug_4,0,0,1
1493_aug_5,0,0,1
1493_aug_6,0,0,1
1494,0,0,1
1494_aug_1,0,0,1
1494_aug_2,0,0,1
1494_aug_3,0,0,1
1494_aug_4,0,0,1
1494_aug_5,0,0,1
1494_aug_6,0,0,1
1496,0,0,1
1496_aug_1,0,0,1
1496_aug_2,0,0,1
1496_aug_3,0,0,1
1496_aug_4,0,0,1
1496_aug_5,0,0,1
1496_aug_6,0,0,1
1498,42,1,1
1498_aug_1,42,1,1
1498_aug_2,44,1,1
1498_aug_3,43,1,1
1498_aug_4,47,1,1
1498_aug_5,45,1,1
1498_aug_6,46,1,1
1500,16,1,1
1500_aug_1,19,1,1
1500_aug_2,16,1,1
1500_aug_3,16,1,1
1500_aug_4,17,1,1
1500_aug_5,19,1,1
1500_aug_6,16,1,1
1501,54,1,1
1501_aug_1,54,1,1
1501_aug_2,54,1,1
1501_aug_3,55,1,1
1501_aug_4,56,1,1
1501_aug_5,57,1,1
1501_aug_6,55,1,1
1502,12,1,1
1502_aug_1,15,1,1
1502_aug_2,16,1,1
1502_aug_3,22,1,1
1502_aug_4,14,1,1
1502_aug_5,19,1,1
1502_aug_6,14,1,1
1503,0,0,1
1503_aug_1,0,0,1
1503_aug_2,0,0,1
1503_aug_3,0,0,1
1503_aug_4,0,0,1
1503_aug_5,0,0,1
1503_aug_6,0,0,1
1504,0,0,1
1504_aug_1,0,0,1
1504_aug_2,0,0,1
1504_aug_3,0,0,1
1504_aug_4,0,0,1
1504_aug_5,0,0,1
1504_aug_6,0,0,1
1506,36,1,1
1506_aug_1,38,1,1
1506_aug_2,39,1,1
1506_aug_3,40,1,1
1506_aug_4,44,1,1
1506_aug_5,41,1,1
1506_aug_6,46,1,1
1508,9,1,1
1508_aug_1,9,1,1
1508_aug_2,9,1,1
1508_aug_3,10,1,1
1508_aug_4,12,1,1
1508_aug_5,10,1,1
1508_aug_6,11,1,1
1509,15,1,1
1509_aug_1,15,1,1
1509_aug_2,19,1,1
1509_aug_3,16,1,1
1509_aug_4,18,1,1
1509_aug_5,15,1,1
1509_aug_6,22,1,1
1511,6,1,1
1511_aug_1,9,1,1
1511_aug_2,6,1,1
1511_aug_3,6,1,1
1511_aug_4,6,1,1
1511_aug_5,6,1,1
1511_aug_6,8,1,1
1512,12,1,1
1512_aug_1,16,1,1
1512_aug_2,19,1,1
1512_aug_3,17,1,1
1512_aug_4,17,1,1
1512_aug_5,15,1,1
1512_aug_6,17,1,1
1513,23,1,1
1513_aug_1,26,1,1
1513_aug_2,26,1,1
1513_aug_3,28,1,1
1513_aug_4,25,1,1
1513_aug_5,27,1,1
1513_aug_6,26,1,1
1514,32,1,1
1514_aug_1,36,1,1
1514_aug_2,35,1,1
1514_aug_3,34,1,1
1514_aug_4,37,1,1
1514_aug_5,33,1,1
1514_aug_6,39,1,1
1515,20,1,1
1515_aug_1,26,1,1
1515_aug_2,25,1,1
1515_aug_3,23,1,1
1515_aug_4,26,1,1
1515_aug_5,24,1,1
1515_aug_6,22,1,1
1516,7,1,1
1516_aug_1,7,1,1
1516_aug_2,8,1,1
1516_aug_3,7,1,1
1516_aug_4,7,1,1
1516_aug_5,7,1,1
1516_aug_6,9,1,1
1517,22,1,1
1517_aug_1,23,1,1
1517_aug_2,23,1,1
1517_aug_3,24,1,1
1517_aug_4,23,1,1
1517_aug_5,26,1,1
1517_aug_6,25,1,1
1520,17,1,1
1520_aug_1,19,1,1
1520_aug_2,18,1,1
1520_aug_3,19,1,1
1520_aug_4,21,1,1
1520_aug_5,20,1,1
1520_aug_6,22,1,1
1521,34,1,1
1521_aug_1,38,1,1
1521_aug_2,47,1,1
1521_aug_3,42,1,1
1521_aug_4,44,1,1
1521_aug_5,39,1,1
1521_aug_6,43,1,1
1522,17,1,1
1522_aug_1,23,1,1
1522_aug_2,18,1,1
1522_aug_3,22,1,1
1522_aug_4,21,1,1
1522_aug_5,26,1,1
1522_aug_6,19,1,1
1523,13,1,1
1523_aug_1,14,1,1
1523_aug_2,13,1,1
1523_aug_3,17,1,1
1523_aug_4,15,1,1
1523_aug_5,15,1,1
1523_aug_6,13,1,1
1524,23,1,1
1524_aug_1,28,1,1
1524_aug_2,27,1,1
1524_aug_3,23,1,1
1524_aug_4,29,1,1
1524_aug_5,26,1,1
1524_aug_6,23,1,1
1527,27,1,1
1527_aug_1,31,1,1
1527_aug_2,31,1,1
1527_aug_3,29,1,1
1527_aug_4,30,1,1
1527_aug_5,31,1,1
1527_aug_6,34,1,1
1528,25,1,1
1528_aug_1,25,1,1
1528_aug_2,31,1,1
1528_aug_3,25,1,1
1528_aug_4,25,1,1
1528_aug_5,27,1,1
1528_aug_6,28,1,1
1529,42,1,1
1529_aug_1,48,1,1
1529_aug_2,49,1,1
1529_aug_3,48,1,1
1529_aug_4,51,1,1
1529_aug_5,44,1,1
1529_aug_6,47,1,1
1530,10,1,1
1530_aug_1,14,1,1
1530_aug_2,10,1,1
1530_aug_3,11,1,1
1530_aug_4,11,1,1
1530_aug_5,14,1,1
1530_aug_6,10,1,1
1531,32,1,1
1531_aug_1,36,1,1
1531_aug_2,39,1,1
1531_aug_3,37,1,1
1531_aug_4,37,1,1
1531_aug_5,36,1,1
1531_aug_6,38,1,1
1532,6,1,1
1532_aug_1,9,1,1
1532_aug_2,6,1,1
1532_aug_3,7,1,1
1532_aug_4,6,1,1
1532_aug_5,6,1,1
1532_aug_6,9,1,1
1533,11,1,1
1533_aug_1,18,1,1
1533_aug_2,15,1,1
1533_aug_3,14,1,1
1533_aug_4,12,1,1
1533_aug_5,14,1,1
1533_aug_6,14,1,1
1534,36,1,1
1534_aug_1,36,1,1
1534_aug_2,36,1,1
1534_aug_3,37,1,1
1534_aug_4,36,1,1
1534_aug_5,36,1,1
1534_aug_6,40,1,1
1535,28,1,1
1535_aug_1,34,1,1
1535_aug_2,33,1,1
1535_aug_3,29,1,1
1535_aug_4,35,1,1
1535_aug_5,28,1,1
1535_aug_6,32,1,1
1537,22,1,1
1537_aug_1,23,1,1
1537_aug_2,26,1,1
1537_aug_3,22,1,1
1537_aug_4,27,1,1
1537_aug_5,25,1,1
1537_aug_6,22,1,1
1539,11,1,1
1539_aug_1,13,1,1
1539_aug_2,13,1,1
1539_aug_3,17,1,1
1539_aug_4,12,1,1
1539_aug_5,13,1,1
1539_aug_6,16,1,1
1540,17,1,1
1540_aug_1,22,1,1
1540_aug_2,19,1,1
1540_aug_3,19,1,1
1540_aug_4,19,1,1
1540_aug_5,20,1,1
1540_aug_6,24,1,1
1541,0,0,1
1541_aug_1,0,0,1
1541_aug_2,0,0,1
1541_aug_3,0,0,1
1541_aug_4,0,0,1
1541_aug_5,0,0,1
1541_aug_6,0,0,1
1542,20,1,1
1542_aug_1,25,1,1
1542_aug_2,21,1,1
1542_aug_3,24,1,1
1542_aug_4,23,1,1
1542_aug_5,21,1,1
1542_aug_6,26,1,1
1545,17,1,1
1545_aug_1,22,1,1
1545_aug_2,20,1,1
1545_aug_3,17,1,1
1545_aug_4,20,1,1
1545_aug_5,19,1,1
1545_aug_6,17,1,1
1546,9,1,1
1546_aug_1,11,1,1
1546_aug_2,9,1,1
1546_aug_3,11,1,1
1546_aug_4,9,1,1
1546_aug_5,9,1,1
1546_aug_6,13,1,1
1547,19,1,1
1547_aug_1,25,1,1
1547_aug_2,23,1,1
1547_aug_3,22,1,1
1547_aug_4,31,1,1
1547_aug_5,24,1,1
1547_aug_6,22,1,1
1551,25,1,1
1551_aug_1,27,1,1
1551_aug_2,30,1,1
1551_aug_3,31,1,1
1551_aug_4,31,1,1
1551_aug_5,26,1,1
1551_aug_6,28,1,1
1552,27,1,1
1552_aug_1,28,1,1
1552_aug_2,28,1,1
1552_aug_3,34,1,1
1552_aug_4,29,1,1
1552_aug_5,31,1,1
1552_aug_6,29,1,1
1554,13,1,1
1554_aug_1,13,1,1
1554_aug_2,17,1,1
1554_aug_3,13,1,1
1554_aug_4,16,1,1
1554_aug_5,15,1,1
1554_aug_6,13,1,1
1556,32,1,1
1556_aug_1,39,1,1
1556_aug_2,35,1,1
1556_aug_3,41,1,1
1556_aug_4,37,1,1
1556_aug_5,38,1,1
1556_aug_6,35,1,1
1557,39,1,1
1557_aug_1,40,1,1
1557_aug_2,40,1,1
1557_aug_3,41,1,1
1557_aug_4,41,1,1
1557_aug_5,40,1,1
1557_aug_6,41,1,1
1558,25,1,1
1558_aug_1,27,1,1
1558_aug_2,27,1,1
1558_aug_3,27,1,1
1558_aug_4,26,1,1
1558_aug_5,30,1,1
1558_aug_6,29,1,1
1559,26,1,1
1559_aug_1,28,1,1
1559_aug_2,29,1,1
1559_aug_3,28,1,1
1559_aug_4,27,1,1
1559_aug_5,28,1,1
1559_aug_6,28,1,1
1560,9,1,1
1560_aug_1,13,1,1
1560_aug_2,18,1,1
1560_aug_3,11,1,1
1560_aug_4,11,1,1
1560_aug_5,11,1,1
1560_aug_6,10,1,1
1561,13,1,1
1561_aug_1,18,1,1
1561_aug_2,16,1,1
1561_aug_3,13,1,1
1561_aug_4,17,1,1
1561_aug_5,14,1,1
1561_aug_6,15,1,1
1562,19,1,1
1562_aug_1,25,1,1
1562_aug_2,23,1,1
1562_aug_3,22,1,1
1562_aug_4,22,1,1
1562_aug_5,25,1,1
1562_aug_6,22,1,1
1563,22,1,1
1563_aug_1,24,1,1
1563_aug_2,25,1,1
1563_aug_3,28,1,1
1563_aug_4,26,1,1
1563_aug_5,27,1,1
1563_aug_6,28,1,1
1564,62,1,1
1564_aug_1,63,1,1
1564_aug_2,65,1,1
1564_aug_3,68,1,1
1564_aug_4,67,1,1
1564_aug_5,63,1,1
1564_aug_6,68,1,1
1565,33,1,1
1565_aug_1,40,1,1
1565_aug_2,38,1,1
1565_aug_3,35,1,1
1565_aug_4,41,1,1
1565_aug_5,36,1,1
1565_aug_6,36,1,1
1567,10,1,1
1567_aug_1,10,1,1
1567_aug_2,10,1,1
1567_aug_3,13,1,1
1567_aug_4,10,1,1
1567_aug_5,13,1,1
1567_aug_6,10,1,1
1569,13,1,1
1569_aug_1,17,1,1
1569_aug_2,18,1,1
1569_aug_3,20,1,1
1569_aug_4,18,1,1
1569_aug_5,14,1,1
1569_aug_6,18,1,1
1572,37,1,1
1572_aug_1,45,1,1
1572_aug_2,44,1,1
1572_aug_3,49,1,1
1572_aug_4,45,1,1
1572_aug_5,50,1,1
1572_aug_6,39,1,1
1573,14,1,1
1573_aug_1,17,1,1
1573_aug_2,17,1,1
1573_aug_3,19,1,1
1573_aug_4,17,1,1
1573_aug_5,21,1,1
1573_aug_6,17,1,1
1574,18,1,1
1574_aug_1,22,1,1
1574_aug_2,23,1,1
1574_aug_3,28,1,1
1574_aug_4,25,1,1
1574_aug_5,23,1,1
1574_aug_6,20,1,1
1576,22,1,1
1576_aug_1,22,1,1
1576_aug_2,24,1,1
1576_aug_3,22,1,1
1576_aug_4,23,1,1
1576_aug_5,25,1,1
1576_aug_6,22,1,1
1577,17,1,1
1577_aug_1,21,1,1
1577_aug_2,17,1,1
1577_aug_3,18,1,1
1577_aug_4,24,1,1
1577_aug_5,21,1,1
1577_aug_6,19,1,1
1578,34,1,1
1578_aug_1,35,1,1
1578_aug_2,37,1,1
1578_aug_3,36,1,1
1578_aug_4,34,1,1
1578_aug_5,36,1,1
1578_aug_6,35,1,1
1579,12,1,1
1579_aug_1,18,1,1
1579_aug_2,13,1,1
1579_aug_3,15,1,1
1579_aug_4,12,1,1
1579_aug_5,16,1,1
1579_aug_6,23,1,1
1582,6,1,1
1582_aug_1,9,1,1
1582_aug_2,8,1,1
1582_aug_3,8,1,1
1582_aug_4,6,1,1
1582_aug_5,9,1,1
1582_aug_6,6,1,1
1583,23,1,1
1583_aug_1,25,1,1
1583_aug_2,27,1,1
1583_aug_3,27,1,1
1583_aug_4,29,1,1
1583_aug_5,30,1,1
1583_aug_6,28,1,1
1585,21,1,1
1585_aug_1,23,1,1
1585_aug_2,22,1,1
1585_aug_3,21,1,1
1585_aug_4,24,1,1
1585_aug_5,22,1,1
1585_aug_6,22,1,1
1586,31,1,1
1586_aug_1,35,1,1
1586_aug_2,36,1,1
1586_aug_3,38,1,1
1586_aug_4,34,1,1
1586_aug_5,35,1,1
1586_aug_6,34,1,1
1587,38,1,1
1587_aug_1,39,1,1
1587_aug_2,39,1,1
1587_aug_3,39,1,1
1587_aug_4,39,1,1
1587_aug_5,38,1,1
1587_aug_6,39,1,1
1588,14,1,1
1588_aug_1,17,1,1
1588_aug_2,15,1,1
1588_aug_3,18,1,1
1588_aug_4,19,1,1
1588_aug_5,23,1,1
1588_aug_6,16,1,1
1591,35,1,1
1591_aug_1,41,1,1
1591_aug_2,39,1,1
1591_aug_3,43,1,1
1591_aug_4,41,1,1
1591_aug_5,36,1,1
1591_aug_6,38,1,1
1592,27,1,1
1592_aug_1,28,1,1
1592_aug_2,30,1,1
1592_aug_3,29,1,1
1592_aug_4,34,1,1
1592_aug_5,31,1,1
1592_aug_6,30,1,1
1594,16,1,1
1594_aug_1,19,1,1
1594_aug_2,21,1,1
1594_aug_3,18,1,1
1594_aug_4,18,1,1
1594_aug_5,19,1,1
1594_aug_6,21,1,1
1597,12,1,1
1597_aug_1,13,1,1
1597_aug_2,13,1,1
1597_aug_3,14,1,1
1597_aug_4,12,1,1
1597_aug_5,12,1,1
1597_aug_6,16,1,1
1598,21,1,1
1598_aug_1,25,1,1
1598_aug_2,27,1,1
1598_aug_3,23,1,1
1598_aug_4,26,1,1
1598_aug_5,24,1,1
1598_aug_6,22,1,1
1599,29,1,1
1599_aug_1,31,1,1
1599_aug_2,36,1,1
1599_aug_3,34,1,1
1599_aug_4,33,1,1
1599_aug_5,32,1,1
1599_aug_6,33,1,1
1601,14,1,1
1601_aug_1,15,1,1
1601_aug_2,16,1,1
1601_aug_3,18,1,1
1601_aug_4,16,1,1
1601_aug_5,16,1,1
1601_aug_6,18,1,1
1602,0,0,1
1602_aug_1,0,0,1
1602_aug_2,0,0,1
1602_aug_3,0,0,1
1602_aug_4,0,0,1
1602_aug_5,0,0,1
1602_aug_6,0,0,1
1605,0,0,1
1605_aug_1,0,0,1
1605_aug_2,0,0,1
1605_aug_3,0,0,1
1605_aug_4,0,0,1
1605_aug_5,0,0,1
1605_aug_6,0,0,1
1610,9,1,1
1610_aug_1,9,1,1
1610_aug_2,9,1,1
1610_aug_3,10,1,1
1610_aug_4,13,1,1
1610_aug_5,12,1,1
1610_aug_6,12,1,1
1612,29,1,1
1612_aug_1,32,1,1
1612_aug_2,31,1,1
1612_aug_3,34,1,1
1612_aug_4,32,1,1
1612_aug_5,30,1,1
1612_aug_6,34,1,1
1614,0,0,1
1614_aug_1,0,0,1
1614_aug_2,0,0,1
1614_aug_3,0,0,1
1614_aug_4,0,0,1
1614_aug_5,0,0,1
1614_aug_6,0,0,1
1616,32,1,1
1616_aug_1,38,1,1
1616_aug_2,38,1,1
1616_aug_3,37,1,1
1616_aug_4,36,1,1
1616_aug_5,32,1,1
1616_aug_6,36,1,1
1617,16,1,1
1617_aug_1,16,1,1
1617_aug_2,16,1,1
1617_aug_3,17,1,1
1617_aug_4,19,1,1
1617_aug_5,16,1,1
1617_aug_6,21,1,1
1618,0,0,1
1618_aug_1,0,0,1
1618_aug_2,0,0,1
1618_aug_3,0,0,1
1618_aug_4,0,0,1
1618_aug_5,0,0,1
1618_aug_6,0,0,1
1620,23,1,1
1620_aug_1,24,1,1
1620_aug_2,29,1,1
1620_aug_3,25,1,1
1620_aug_4,27,1,1
1620_aug_5,26,1,1
1620_aug_6,30,1,1
1621,24,1,1
1621_aug_1,25,1,1
1621_aug_2,26,1,1
1621_aug_3,29,1,1
1621_aug_4,26,1,1
1621_aug_5,24,1,1
1621_aug_6,29,1,1
1622,22,1,1
1622_aug_1,26,1,1
1622_aug_2,26,1,1
1622_aug_3,28,1,1
1622_aug_4,24,1,1
1622_aug_5,23,1,1
1622_aug_6,25,1,1
1623,10,1,1
1623_aug_1,14,1,1
1623_aug_2,11,1,1
1623_aug_3,11,1,1
1623_aug_4,11,1,1
1623_aug_5,14,1,1
1623_aug_6,11,1,1
1624,28,1,1
1624_aug_1,32,1,1
1624_aug_2,30,1,1
1624_aug_3,31,1,1
1624_aug_4,29,1,1
1624_aug_5,32,1,1
1624_aug_6,31,1,1
1625,11,1,1
1625_aug_1,11,1,1
1625_aug_2,11,1,1
1625_aug_3,11,1,1
1625_aug_4,12,1,1
1625_aug_5,11,1,1
1625_aug_6,13,1,1
1626,30,1,1
1626_aug_1,36,1,1
1626_aug_2,33,1,1
1626_aug_3,30,1,1
1626_aug_4,34,1,1
1626_aug_5,33,1,1
1626_aug_6,33,1,1
1627,14,1,1
1627_aug_1,14,1,1
1627_aug_2,15,1,1
1627_aug_3,15,1,1
1627_aug_4,17,1,1
1627_aug_5,17,1,1
1627_aug_6,14,1,1
1630,33,1,1
1630_aug_1,35,1,1
1630_aug_2,34,1,1
1630_aug_3,38,1,1
1630_aug_4,43,1,1
1630_aug_5,37,1,1
1630_aug_6,34,1,1
1631,48,1,1
1631_aug_1,53,1,1
1631_aug_2,51,1,1
1631_aug_3,50,1,1
1631_aug_4,51,1,1
1631_aug_5,51,1,1
1631_aug_6,54,1,1
1634,35,1,1
1634_aug_1,41,1,1
1634_aug_2,43,1,1
1634_aug_3,37,1,1
1634_aug_4,41,1,1
1634_aug_5,40,1,1
1634_aug_6,39,1,1
1635,31,1,1
1635_aug_1,34,1,1
1635_aug_2,37,1,1
1635_aug_3,37,1,1
1635_aug_4,36,1,1
1635_aug_5,39,1,1
1635_aug_6,38,1,1
1638,31,1,1
1638_aug_1,36,1,1
1638_aug_2,36,1,1
1638_aug_3,37,1,1
1638_aug_4,34,1,1
1638_aug_5,34,1,1
1638_aug_6,32,1,1
1640,14,1,1
1640_aug_1,17,1,1
1640_aug_2,16,1,1
1640_aug_3,20,1,1
1640_aug_4,16,1,1
1640_aug_5,14,1,1
1640_aug_6,15,1,1
1641,25,1,1
1641_aug_1,27,1,1
1641_aug_2,25,1,1
1641_aug_3,28,1,1
1641_aug_4,30,1,1
1641_aug_5,27,1,1
1641_aug_6,27,1,1
1642,17,1,1
1642_aug_1,17,1,1
1642_aug_2,19,1,1
1642_aug_3,18,1,1
1642_aug_4,17,1,1
1642_aug_5,18,1,1
1642_aug_6,18,1,1
1648,23,1,1
1648_aug_1,26,1,1
1648_aug_2,26,1,1
1648_aug_3,25,1,1
1648_aug_4,27,1,1
1648_aug_5,25,1,1
1648_aug_6,26,1,1
1650,0,0,1
1650_aug_1,0,0,1
1650_aug_2,0,0,1
1650_aug_3,0,0,1
1650_aug_4,0,0,1
1650_aug_5,0,0,1
1650_aug_6,0,0,1
1651,0,0,1
1651_aug_1,0,0,1
1651_aug_2,0,0,1
1651_aug_3,0,0,1
1651_aug_4,0,0,1
1651_aug_5,0,0,1
1651_aug_6,0,0,1
1654,24,1,1
1654_aug_1,27,1,1
1654_aug_2,29,1,1
1654_aug_3,27,1,1
1654_aug_4,29,1,1
1654_aug_5,29,1,1
1654_aug_6,27,1,1
1655,23,1,1
1655_aug_1,25,1,1
1655_aug_2,27,1,1
1655_aug_3,23,1,1
1655_aug_4,25,1,1
1655_aug_5,25,1,1
1655_aug_6,24,1,1
1656,7,1,1
1656_aug_1,9,1,1
1656_aug_2,7,1,1
1656_aug_3,8,1,1
1656_aug_4,9,1,1
1656_aug_5,14,1,1
1656_aug_6,12,1,1
1657,7,1,1
1657_aug_1,10,1,1
1657_aug_2,10,1,1
1657_aug_3,7,1,1
1657_aug_4,10,1,1
1657_aug_5,7,1,1
1657_aug_6,7,1,1
1659,18,1,1
1659_aug_1,26,1,1
1659_aug_2,25,1,1
1659_aug_3,23,1,1
1659_aug_4,24,1,1
1659_aug_5,24,1,1
1659_aug_6,22,1,1
1663,23,1,1
1663_aug_1,24,1,1
1663_aug_2,24,1,1
1663_aug_3,30,1,1
1663_aug_4,27,1,1
1663_aug_5,25,1,1
1663_aug_6,26,1,1
1664,0,0,1
1664_aug_1,0,0,1
1664_aug_2,0,0,1
1664_aug_3,0,0,1
1664_aug_4,0,0,1
1664_aug_5,0,0,1
1664_aug_6,0,0,1
1665,16,1,1
1665_aug_1,23,1,1
1665_aug_2,18,1,1
1665_aug_3,18,1,1
1665_aug_4,21,1,1
1665_aug_5,18,1,1
1665_aug_6,17,1,1
1666,23,1,1
1666_aug_1,25,1,1
1666_aug_2,28,1,1
1666_aug_3,25,1,1
1666_aug_4,27,1,1
1666_aug_5,25,1,1
1666_aug_6,26,1,1
1667,22,1,1
1667_aug_1,22,1,1
1667_aug_2,26,1,1
1667_aug_3,26,1,1
1667_aug_4,28,1,1
1667_aug_5,25,1,1
1667_aug_6,27,1,1
1670,10,1,1
1670_aug_1,10,1,1
1670_aug_2,10,1,1
1670_aug_3,10,1,1
1670_aug_4,12,1,1
1670_aug_5,10,1,1
1670_aug_6,10,1,1
1671,14,1,1
1671_aug_1,16,1,1
1671_aug_2,16,1,1
1671_aug_3,20,1,1
1671_aug_4,20,1,1
1671_aug_5,17,1,1
1671_aug_6,16,1,1
1672,0,0,1
1672_aug_1,0,0,1
1672_aug_2,0,0,1
1672_aug_3,0,0,1
1672_aug_4,0,0,1
1672_aug_5,0,0,1
1672_aug_6,0,0,1
1673,22,1,1
1673_aug_1,25,1,1
1673_aug_2,34,1,1
1673_aug_3,28,1,1
1673_aug_4,31,1,1
1673_aug_5,25,1,1
1673_aug_6,32,1,1
1674,20,1,1
1674_aug_1,24,1,1
1674_aug_2,25,1,1
1674_aug_3,21,1,1
1674_aug_4,27,1,1
1674_aug_5,26,1,1
1674_aug_6,26,1,1
1676,32,1,1
1676_aug_1,32,1,1
1676_aug_2,39,1,1
1676_aug_3,35,1,1
1676_aug_4,34,1,1
1676_aug_5,37,1,1
1676_aug_6,36,1,1
1677,23,1,1
1677_aug_1,24,1,1
1677_aug_2,26,1,1
1677_aug_3,27,1,1
1677_aug_4,29,1,1
1677_aug_5,26,1,1
1677_aug_6,27,1,1
1678,48,1,1
1678_aug_1,50,1,1
1678_aug_2,51,1,1
1678_aug_3,51,1,1
1678_aug_4,48,1,1
1678_aug_5,56,1,1
1678_aug_6,55,1,1
1679,14,1,1
1679_aug_1,15,1,1
1679_aug_2,17,1,1
1679_aug_3,19,1,1
1679_aug_4,16,1,1
1679_aug_5,16,1,1
1679_aug_6,15,1,1
1680,0,0,1
1680_aug_1,0,0,1
1680_aug_2,0,0,1
1680_aug_3,0,0,1
1680_aug_4,0,0,1
1680_aug_5,0,0,1
1680_aug_6,0,0,1
1681,6,1,1
1681_aug_1,9,1,1
1681_aug_2,8,1,1
1681_aug_3,8,1,1
1681_aug_4,6,1,1
1681_aug_5,6,1,1
1681_aug_6,9,1,1
1682,31,1,1
1682_aug_1,36,1,1
1682_aug_2,34,1,1
1682_aug_3,34,1,1
1682_aug_4,34,1,1
1682_aug_5,34,1,1
1682_aug_6,39,1,1
1683,39,1,1
1683_aug_1,45,1,1
1683_aug_2,43,1,1
1683_aug_3,42,1,1
1683_aug_4,41,1,1
1683_aug_5,43,1,1
1683_aug_6,45,1,1
1684,22,1,1
1684_aug_1,27,1,1
1684_aug_2,25,1,1
1684_aug_3,28,1,1
1684_aug_4,28,1,1
1684_aug_5,27,1,1
1684_aug_6,30,1,1
1685,25,1,1
1685_aug_1,34,1,1
1685_aug_2,26,1,1
1685_aug_3,29,1,1
1685_aug_4,28,1,1
1685_aug_5,29,1,1
1685_aug_6,30,1,1
1686,14,1,1
1686_aug_1,14,1,1
1686_aug_2,16,1,1
1686_aug_3,17,1,1
1686_aug_4,15,1,1
1686_aug_5,18,1,1
1686_aug_6,18,1,1
1687,22,1,1
1687_aug_1,24,1,1
1687_aug_2,24,1,1
1687_aug_3,27,1,1
1687_aug_4,23,1,1
1687_aug_5,22,1,1
1687_aug_6,25,1,1
1689,28,1,1
1689_aug_1,30,1,1
1689_aug_2,32,1,1
1689_aug_3,32,1,1
1689_aug_4,34,1,1
1689_aug_5,31,1,1
1689_aug_6,29,1,1
1693,16,1,1
1693_aug_1,18,1,1
1693_aug_2,18,1,1
1693_aug_3,21,1,1
1693_aug_4,17,1,1
1693_aug_5,23,1,1
1693_aug_6,21,1,1
1696,12,1,1
1696_aug_1,15,1,1
1696_aug_2,15,1,1
1696_aug_3,12,1,1
1696_aug_4,16,1,1
1696_aug_5,13,1,1
1696_aug_6,15,1,1
1697,18,1,1
1697_aug_1,21,1,1
1697_aug_2,28,1,1
1697_aug_3,23,1,1
1697_aug_4,20,1,1
1697_aug_5,26,1,1
1697_aug_6,24,1,1
1698,19,1,1
1698_aug_1,22,1,1
1698_aug_2,23,1,1
1698_aug_3,20,1,1
1698_aug_4,21,1,1
1698_aug_5,22,1,1
1698_aug_6,20,1,1
1700,0,0,1
1700_aug_1,0,0,1
1700_aug_2,0,0,1
1700_aug_3,0,0,1
1700_aug_4,0,0,1
1700_aug_5,0,0,1
1700_aug_6,0,0,1
1702,22,1,1
1702_aug_1,30,1,1
1702_aug_2,28,1,1
1702_aug_3,30,1,1
1702_aug_4,26,1,1
1702_aug_5,30,1,1
1702_aug_6,30,1,1
1704,45,1,1
1704_aug_1,46,1,1
1704_aug_2,45,1,1
1704_aug_3,47,1,1
1704_aug_4,50,1,1
1704_aug_5,51,1,1
1704_aug_6,53,1,1
1706,19,1,1
1706_aug_1,25,1,1
1706_aug_2,23,1,1
1706_aug_3,22,1,1
1706_aug_4,26,1,1
1706_aug_5,25,1,1
1706_aug_6,23,1,1
1707,21,1,1
1707_aug_1,22,1,1
1707_aug_2,25,1,1
1707_aug_3,29,1,1
1707_aug_4,24,1,1
1707_aug_5,22,1,1
1707_aug_6,25,1,1
1709,20,1,1
1709_aug_1,23,1,1
1709_aug_2,22,1,1
1709_aug_3,24,1,1
1709_aug_4,24,1,1
1709_aug_5,24,1,1
1709_aug_6,24,1,1
1710,9,1,1
1710_aug_1,11,1,1
1710_aug_2,13,1,1
1710_aug_3,13,1,1
1710_aug_4,11,1,1
1710_aug_5,11,1,1
1710_aug_6,12,1,1
1711,26,1,1
1711_aug_1,29,1,1
1711_aug_2,27,1,1
1711_aug_3,28,1,1
1711_aug_4,28,1,1
1711_aug_5,30,1,1
1711_aug_6,28,1,1
1713,0,0,1
1713_aug_1,0,0,1
1713_aug_2,0,0,1
1713_aug_3,0,0,1
1713_aug_4,0,0,1
1713_aug_5,0,0,1
1713_aug_6,0,0,1
1714,22,1,1
1714_aug_1,23,1,1
1714_aug_2,27,1,1
1714_aug_3,24,1,1
1714_aug_4,24,1,1
1714_aug_5,25,1,1
1714_aug_6,26,1,1
1716,0,0,1
1716_aug_1,0,0,1
1716_aug_2,0,0,1
1716_aug_3,0,0,1
1716_aug_4,0,0,1
1716_aug_5,0,0,1
1716_aug_6,0,0,1
1717,10,1,1
1717_aug_1,11,1,1
1717_aug_2,12,1,1
1717_aug_3,10,1,1
1717_aug_4,15,1,1
1717_aug_5,10,1,1
1717_aug_6,10,1,1
1719,20,1,1
1719_aug_1,22,1,1
1719_aug_2,21,1,1
1719_aug_3,26,1,1
1719_aug_4,23,1,1
1719_aug_5,22,1,1
1719_aug_6,24,1,1
1721,19,1,1
1721_aug_1,24,1,1
1721_aug_2,21,1,1
1721_aug_3,24,1,1
1721_aug_4,23,1,1
1721_aug_5,23,1,1
1721_aug_6,24,1,1
1723,29,1,1
1723_aug_1,34,1,1
1723_aug_2,32,1,1
1723_aug_3,36,1,1
1723_aug_4,37,1,1
1723_aug_5,34,1,1
1723_aug_6,37,1,1
1724,26,1,1
1724_aug_1,33,1,1
1724_aug_2,32,1,1
1724_aug_3,27,1,1
1724_aug_4,27,1,1
1724_aug_5,30,1,1
1724_aug_6,27,1,1
1725,38,1,1
1725_aug_1,45,1,1
1725_aug_2,40,1,1
1725_aug_3,38,1,1
1725_aug_4,42,1,1
1725_aug_5,42,1,1
1725_aug_6,41,1,1
1726,6,1,1
1726_aug_1,7,1,1
1726_aug_2,8,1,1
1726_aug_3,6,1,1
1726_aug_4,9,1,1
1726_aug_5,8,1,1
1726_aug_6,9,1,1
1727,37,1,1
1727_aug_1,37,1,1
1727_aug_2,40,1,1
1727_aug_3,39,1,1
1727_aug_4,39,1,1
1727_aug_5,40,1,1
1727_aug_6,42,1,1
1731,26,1,1
1731_aug_1,27,1,1
1731_aug_2,29,1,1
1731_aug_3,27,1,1
1731_aug_4,30,1,1
1731_aug_5,30,1,1
1731_aug_6,28,1,1
1732,16,1,1
1732_aug_1,18,1,1
1732_aug_2,16,1,1
1732_aug_3,17,1,1
1732_aug_4,17,1,1
1732_aug_5,21,1,1
1732_aug_6,18,1,1
1733,0,0,1
1733_aug_1,0,0,1
1733_aug_2,0,0,1
1733_aug_3,0,0,1
1733_aug_4,0,0,1
1733_aug_5,0,0,1
1733_aug_6,0,0,1
1734,14,1,1
1734_aug_1,14,1,1
1734_aug_2,18,1,1
1734_aug_3,16,1,1
1734_aug_4,18,1,1
1734_aug_5,17,1,1
1734_aug_6,15,1,1
1735,41,1,1
1735_aug_1,47,1,1
1735_aug_2,45,1,1
1735_aug_3,44,1,1
1735_aug_4,45,1,1
1735_aug_5,44,1,1
1735_aug_6,45,1,1
1736,22,1,1
1736_aug_1,23,1,1
1736_aug_2,22,1,1
1736_aug_3,22,1,1
1736_aug_4,23,1,1
1736_aug_5,23,1,1
1736_aug_6,25,1,1
1737,22,1,1
1737_aug_1,25,1,1
1737_aug_2,25,1,1
1737_aug_3,28,1,1
1737_aug_4,27,1,1
1737_aug_5,27,1,1
1737_aug_6,24,1,1
1738,14,1,1
1738_aug_1,20,1,1
1738_aug_2,14,1,1
1738_aug_3,14,1,1
1738_aug_4,14,1,1
1738_aug_5,16,1,1
1738_aug_6,16,1,1
1739,46,1,1
1739_aug_1,59,1,1
1739_aug_2,63,1,1
1739_aug_3,53,1,1
1739_aug_4,49,1,1
1739_aug_5,52,1,1
1739_aug_6,56,1,1
1740,37,1,1
1740_aug_1,41,1,1
1740_aug_2,39,1,1
1740_aug_3,39,1,1
1740_aug_4,38,1,1
1740_aug_5,38,1,1
1740_aug_6,39,1,1
1742,19,1,1
1742_aug_1,24,1,1
1742_aug_2,22,1,1
1742_aug_3,21,1,1
1742_aug_4,22,1,1
1742_aug_5,20,1,1
1742_aug_6,24,1,1
1744,16,1,1
1744_aug_1,17,1,1
1744_aug_2,18,1,1
1744_aug_3,20,1,1
1744_aug_4,19,1,1
1744_aug_5,18,1,1
1744_aug_6,16,1,1
1746,0,0,1
1746_aug_1,0,0,1
1746_aug_2,0,0,1
1746_aug_3,0,0,1
1746_aug_4,0,0,1
1746_aug_5,0,0,1
1746_aug_6,0,0,1
1747,30,1,1
1747_aug_1,35,1,1
1747_aug_2,31,1,1
1747_aug_3,34,1,1
1747_aug_4,31,1,1
1747_aug_5,35,1,1
1747_aug_6,37,1,1
1748,21,1,1
1748_aug_1,27,1,1
1748_aug_2,23,1,1
1748_aug_3,25,1,1
1748_aug_4,24,1,1
1748_aug_5,30,1,1
1748_aug_6,28,1,1
1750,41,1,1
1750_aug_1,44,1,1
1750_aug_2,49,1,1
1750_aug_3,44,1,1
1750_aug_4,44,1,1
1750_aug_5,47,1,1
1750_aug_6,44,1,1
1751,14,1,1
1751_aug_1,22,1,1
1751_aug_2,19,1,1
1751_aug_3,21,1,1
1751_aug_4,15,1,1
1751_aug_5,18,1,1
1751_aug_6,17,1,1
1753,25,1,1
1753_aug_1,31,1,1
1753_aug_2,27,1,1
1753_aug_3,31,1,1
1753_aug_4,28,1,1
1753_aug_5,26,1,1
1753_aug_6,34,1,1
1754,0,0,1
1754_aug_1,0,0,1
1754_aug_2,0,0,1
1754_aug_3,0,0,1
1754_aug_4,0,0,1
1754_aug_5,0,0,1
1754_aug_6,0,0,1
1755,0,0,1
1755_aug_1,0,0,1
1755_aug_2,0,0,1
1755_aug_3,0,0,1
1755_aug_4,0,0,1
1755_aug_5,0,0,1
1755_aug_6,0,0,1
1759,20,1,1
1759_aug_1,25,1,1
1759_aug_2,26,1,1
1759_aug_3,28,1,1
1759_aug_4,25,1,1
1759_aug_5,30,1,1
1759_aug_6,20,1,1
1764,15,1,1
1764_aug_1,15,1,1
1764_aug_2,20,1,1
1764_aug_3,21,1,1
1764_aug_4,15,1,1
1764_aug_5,15,1,1
1764_aug_6,17,1,1
1766,25,1,1
1766_aug_1,28,1,1
1766_aug_2,27,1,1
1766_aug_3,27,1,1
1766_aug_4,28,1,1
1766_aug_5,31,1,1
1766_aug_6,31,1,1
1767,24,1,1
1767_aug_1,32,1,1
1767_aug_2,28,1,1
1767_aug_3,29,1,1
1767_aug_4,31,1,1
1767_aug_5,31,1,1
1767_aug_6,29,1,1
1768,15,1,1
1768_aug_1,17,1,1
1768_aug_2,17,1,1
1768_aug_3,22,1,1
1768_aug_4,19,1,1
1768_aug_5,23,1,1
1768_aug_6,19,1,1
1769,21,1,1
1769_aug_1,21,1,1
1769_aug_2,22,1,1
1769_aug_3,21,1,1
1769_aug_4,24,1,1
1769_aug_5,22,1,1
1769_aug_6,21,1,1
1771,9,1,1
1771_aug_1,9,1,1
1771_aug_2,12,1,1
1771_aug_3,12,1,1
1771_aug_4,12,1,1
1771_aug_5,9,1,1
1771_aug_6,10,1,1
1773,0,0,1
1773_aug_1,0,0,1
1773_aug_2,0,0,1
1773_aug_3,0,0,1
1773_aug_4,0,0,1
1773_aug_5,0,0,1
1773_aug_6,0,0,1
1775,14,1,1
1775_aug_1,15,1,1
1775_aug_2,16,1,1
1775_aug_3,20,1,1
1775_aug_4,17,1,1
1775_aug_5,14,1,1
1775_aug_6,14,1,1
1779,14,1,1
1779_aug_1,16,1,1
1779_aug_2,20,1,1
1779_aug_3,16,1,1
1779_aug_4,15,1,1
1779_aug_5,17,1,1
1779_aug_6,24,1,1
1780,17,1,1
1780_aug_1,18,1,1
1780_aug_2,21,1,1
1780_aug_3,20,1,1
1780_aug_4,21,1,1
1780_aug_5,18,1,1
1780_aug_6,23,1,1
1781,19,1,1
1781_aug_1,24,1,1
1781_aug_2,21,1,1
1781_aug_3,22,1,1
1781_aug_4,20,1,1
1781_aug_5,22,1,1
1781_aug_6,24,1,1
1783,0,0,1
1783_aug_1,0,0,1
1783_aug_2,0,0,1
1783_aug_3,0,0,1
1783_aug_4,0,0,1
1783_aug_5,0,0,1
1783_aug_6,0,0,1
1784,0,0,1
1784_aug_1,0,0,1
1784_aug_2,0,0,1
1784_aug_3,0,0,1
1784_aug_4,0,0,1
1784_aug_5,0,0,1
1784_aug_6,0,0,1
1785,22,1,1
1785_aug_1,22,1,1
1785_aug_2,26,1,1
1785_aug_3,26,1,1
1785_aug_4,26,1,1
1785_aug_5,23,1,1
1785_aug_6,22,1,1
1786,29,1,1
1786_aug_1,32,1,1
1786_aug_2,31,1,1
1786_aug_3,30,1,1
1786_aug_4,29,1,1
1786_aug_5,29,1,1
1786_aug_6,32,1,1
1787,12,1,1
1787_aug_1,14,1,1
1787_aug_2,15,1,1
1787_aug_3,12,1,1
1787_aug_4,12,1,1
1787_aug_5,12,1,1
1787_aug_6,12,1,1
1788,12,1,1
1788_aug_1,15,1,1
1788_aug_2,16,1,1
1788_aug_3,13,1,1
1788_aug_4,13,1,1
1788_aug_5,13,1,1
1788_aug_6,15,1,1
1790,22,1,1
1790_aug_1,23,1,1
1790_aug_2,22,1,1
1790_aug_3,25,1,1
1790_aug_4,23,1,1
1790_aug_5,23,1,1
1790_aug_6,23,1,1
1794,19,1,1
1794_aug_1,23,1,1
1794_aug_2,25,1,1
1794_aug_3,23,1,1
1794_aug_4,23,1,1
1794_aug_5,27,1,1
1794_aug_6,19,1,1
1795,19,1,1
1795_aug_1,23,1,1
1795_aug_2,21,1,1
1795_aug_3,23,1,1
1795_aug_4,23,1,1
1795_aug_5,23,1,1
1795_aug_6,23,1,1
1796,22,1,1
1796_aug_1,25,1,1
1796_aug_2,22,1,1
1796_aug_3,24,1,1
1796_aug_4,24,1,1
1796_aug_5,22,1,1
1796_aug_6,24,1,1
1798,0,0,1
1798_aug_1,0,0,1
1798_aug_2,0,0,1
1798_aug_3,0,0,1
1798_aug_4,0,0,1
1798_aug_5,0,0,1
1798_aug_6,0,0,1
1799,13,1,1
1799_aug_1,15,1,1
1799_aug_2,15,1,1
1799_aug_3,19,1,1
1799_aug_4,18,1,1
1799_aug_5,14,1,1
1799_aug_6,17,1,1
1800,15,1,1
1800_aug_1,19,1,1
1800_aug_2,16,1,1
1800_aug_3,16,1,1
1800_aug_4,15,1,1
1800_aug_5,16,1,1
1800_aug_6,15,1,1
1801,16,1,1
1801_aug_1,20,1,1
1801_aug_2,20,1,1
1801_aug_3,20,1,1
1801_aug_4,18,1,1
1801_aug_5,18,1,1
1801_aug_6,17,1,1
1803,0,0,1
1803_aug_1,0,0,1
1803_aug_2,0,0,1
1803_aug_3,0,0,1
1803_aug_4,0,0,1
1803_aug_5,0,0,1
1803_aug_6,0,0,1
1804,34,1,1
1804_aug_1,41,1,1
1804_aug_2,35,1,1
1804_aug_3,37,1,1
1804_aug_4,38,1,1
1804_aug_5,43,1,1
1804_aug_6,38,1,1
1807,17,1,1
1807_aug_1,19,1,1
1807_aug_2,18,1,1
1807_aug_3,18,1,1
1807_aug_4,18,1,1
1807_aug_5,17,1,1
1807_aug_6,18,1,1
1811,24,1,1
1811_aug_1,30,1,1
1811_aug_2,27,1,1
1811_aug_3,26,1,1
1811_aug_4,26,1,1
1811_aug_5,27,1,1
1811_aug_6,25,1,1
1814,0,0,1
1814_aug_1,0,0,1
1814_aug_2,0,0,1
1814_aug_3,0,0,1
1814_aug_4,0,0,1
1814_aug_5,0,0,1
1814_aug_6,0,0,1
1818,0,0,1
1818_aug_1,0,0,1
1818_aug_2,0,0,1
1818_aug_3,0,0,1
1818_aug_4,0,0,1
1818_aug_5,0,0,1
1818_aug_6,0,0,1
1819,0,0,1
1819_aug_1,0,0,1
1819_aug_2,0,0,1
1819_aug_3,0,0,1
1819_aug_4,0,0,1
1819_aug_5,0,0,1
1819_aug_6,0,0,1
1820,22,1,1
1820_aug_1,22,1,1
1820_aug_2,27,1,1
1820_aug_3,23,1,1
1820_aug_4,27,1,1
1820_aug_5,25,1,1
1820_aug_6,25,1,1
1821,16,1,1
1821_aug_1,21,1,1
1821_aug_2,22,1,1
1821_aug_3,22,1,1
1821_aug_4,17,1,1
1821_aug_5,19,1,1
1821_aug_6,22,1,1
1822,20,1,1
1822_aug_1,25,1,1
1822_aug_2,23,1,1
1822_aug_3,25,1,1
1822_aug_4,22,1,1
1822_aug_5,27,1,1
1822_aug_6,23,1,1
1824,6,1,1
1824_aug_1,6,1,1
1824_aug_2,7,1,1
1824_aug_3,9,1,1
1824_aug_4,11,1,1
1824_aug_5,8,1,1
1824_aug_6,12,1,1
1827,12,1,1
1827_aug_1,16,1,1
1827_aug_2,16,1,1
1827_aug_3,14,1,1
1827_aug_4,15,1,1
1827_aug_5,17,1,1
1827_aug_6,12,1,1
1831,21,1,1
1831_aug_1,24,1,1
1831_aug_2,28,1,1
1831_aug_3,25,1,1
1831_aug_4,24,1,1
1831_aug_5,27,1,1
1831_aug_6,25,1,1
1832,23,1,1
1832_aug_1,27,1,1
1832_aug_2,25,1,1
1832_aug_3,25,1,1
1832_aug_4,26,1,1
1832_aug_5,26,1,1
1832_aug_6,25,1,1
1833,24,1,1
1833_aug_1,35,1,1
1833_aug_2,24,1,1
1833_aug_3,31,1,1
1833_aug_4,24,1,1
1833_aug_5,28,1,1
1833_aug_6,26,1,1
1834,14,1,1
1834_aug_1,15,1,1
1834_aug_2,20,1,1
1834_aug_3,19,1,1
1834_aug_4,15,1,1
1834_aug_5,15,1,1
1834_aug_6,17,1,1
1837,12,1,1
1837_aug_1,15,1,1
1837_aug_2,18,1,1
1837_aug_3,18,1,1
1837_aug_4,15,1,1
1837_aug_5,16,1,1
1837_aug_6,18,1,1
1840,36,1,1
1840_aug_1,41,1,1
1840_aug_2,42,1,1
1840_aug_3,40,1,1
1840_aug_4,40,1,1
1840_aug_5,40,1,1
1840_aug_6,49,1,1
1841,9,1,1
1841_aug_1,12,1,1
1841_aug_2,12,1,1
1841_aug_3,9,1,1
1841_aug_4,11,1,1
1841_aug_5,9,1,1
1841_aug_6,12,1,1
1842,0,0,1
1842_aug_1,0,0,1
1842_aug_2,0,0,1
1842_aug_3,0,0,1
1842_aug_4,0,0,1
1842_aug_5,0,0,1
1842_aug_6,0,0,1
1843,22,1,1
1843_aug_1,22,1,1
1843_aug_2,26,1,1
1843_aug_3,23,1,1
1843_aug_4,22,1,1
1843_aug_5,23,1,1
1843_aug_6,23,1,1
1844,14,1,1
1844_aug_1,15,1,1
1844_aug_2,15,1,1
1844_aug_3,17,1,1
1844_aug_4,21,1,1
1844_aug_5,19,1,1
1844_aug_6,17,1,1
1845,0,0,1
1845_aug_1,0,0,1
1845_aug_2,0,0,1
1845_aug_3,0,0,1
1845_aug_4,0,0,1
1845_aug_5,0,0,1
1845_aug_6,0,0,1
1846,30,1,1
1846_aug_1,32,1,1
1846_aug_2,33,1,1
1846_aug_3,34,1,1
1846_aug_4,33,1,1
1846_aug_5,36,1,1
1846_aug_6,34,1,1
1848,35,1,1
1848_aug_1,45,1,1
1848_aug_2,44,1,1
1848_aug_3,42,1,1
1848_aug_4,38,1,1
1848_aug_5,40,1,1
1848_aug_6,36,1,1
1849,17,1,1
1849_aug_1,19,1,1
1849_aug_2,22,1,1
1849_aug_3,19,1,1
1849_aug_4,20,1,1
1849_aug_5,22,1,1
1849_aug_6,18,1,1
1851,14,1,1
1851_aug_1,20,1,1
1851_aug_2,18,1,1
1851_aug_3,17,1,1
1851_aug_4,21,1,1
1851_aug_5,16,1,1
1851_aug_6,17,1,1
1853,21,1,1
1853_aug_1,24,1,1
1853_aug_2,26,1,1
1853_aug_3,23,1,1
1853_aug_4,23,1,1
1853_aug_5,22,1,1
1853_aug_6,23,1,1
1854,17,1,1
1854_aug_1,21,1,1
1854_aug_2,19,1,1
1854_aug_3,22,1,1
1854_aug_4,17,1,1
1854_aug_5,21,1,1
1854_aug_6,17,1,1
1856,17,1,1
1856_aug_1,21,1,1
1856_aug_2,23,1,1
1856_aug_3,17,1,1
1856_aug_4,22,1,1
1856_aug_5,20,1,1
1856_aug_6,20,1,1
1857,13,1,1
1857_aug_1,17,1,1
1857_aug_2,18,1,1
1857_aug_3,15,1,1
1857_aug_4,14,1,1
1857_aug_5,15,1,1
1857_aug_6,15,1,1
1859,0,0,1
1859_aug_1,0,0,1
1859_aug_2,0,0,1
1859_aug_3,0,0,1
1859_aug_4,0,0,1
1859_aug_5,0,0,1
1859_aug_6,0,0,1
1860,29,1,1
1860_aug_1,32,1,1
1860_aug_2,31,1,1
1860_aug_3,31,1,1
1860_aug_4,33,1,1
1860_aug_5,38,1,1
1860_aug_6,35,1,1
1861,17,1,1
1861_aug_1,20,1,1
1861_aug_2,23,1,1
1861_aug_3,22,1,1
1861_aug_4,22,1,1
1861_aug_5,23,1,1
1861_aug_6,24,1,1
1863,18,1,1
1863_aug_1,18,1,1
1863_aug_2,18,1,1
1863_aug_3,18,1,1
1863_aug_4,19,1,1
1863_aug_5,19,1,1
1863_aug_6,18,1,1
1864,27,1,1
1864_aug_1,29,1,1
1864_aug_2,29,1,1
1864_aug_3,28,1,1
1864_aug_4,28,1,1
1864_aug_5,30,1,1
1864_aug_6,29,1,1
1865,31,1,1
1865_aug_1,39,1,1
1865_aug_2,37,1,1
1865_aug_3,35,1,1
1865_aug_4,34,1,1
1865_aug_5,35,1,1
1865_aug_6,32,1,1
1866,9,1,1
1866_aug_1,11,1,1
1866_aug_2,11,1,1
1866_aug_3,10,1,1
1866_aug_4,9,1,1
1866_aug_5,9,1,1
1866_aug_6,12,1,1
1867,40,1,1
1867_aug_1,44,1,1
1867_aug_2,40,1,1
1867_aug_3,40,1,1
1867_aug_4,40,1,1
1867_aug_5,43,1,1
1867_aug_6,44,1,1
1871,22,1,1
1871_aug_1,32,1,1
1871_aug_2,28,1,1
1871_aug_3,24,1,1
1871_aug_4,24,1,1
1871_aug_5,31,1,1
1871_aug_6,26,1,1
1872,18,1,1
1872_aug_1,22,1,1
1872_aug_2,20,1,1
1872_aug_3,22,1,1
1872_aug_4,21,1,1
1872_aug_5,20,1,1
1872_aug_6,24,1,1
1873,19,1,1
1873_aug_1,22,1,1
1873_aug_2,24,1,1
1873_aug_3,23,1,1
1873_aug_4,22,1,1
1873_aug_5,21,1,1
1873_aug_6,20,1,1
1874,56,1,1
1874_aug_1,57,1,1
1874_aug_2,59,1,1
1874_aug_3,59,1,1
1874_aug_4,58,1,1
1874_aug_5,60,1,1
1874_aug_6,60,1,1
1875,21,1,1
1875_aug_1,24,1,1
1875_aug_2,24,1,1
1875_aug_3,25,1,1
1875_aug_4,24,1,1
1875_aug_5,24,1,1
1875_aug_6,25,1,1
1876,31,1,1
1876_aug_1,34,1,1
1876_aug_2,32,1,1
1876_aug_3,33,1,1
1876_aug_4,35,1,1
1876_aug_5,32,1,1
1876_aug_6,35,1,1
1877,14,1,1
1877_aug_1,20,1,1
1877_aug_2,15,1,1
1877_aug_3,20,1,1
1877_aug_4,18,1,1
1877_aug_5,14,1,1
1877_aug_6,15,1,1
1878,23,1,1
1878_aug_1,29,1,1
1878_aug_2,26,1,1
1878_aug_3,26,1,1
1878_aug_4,26,1,1
1878_aug_5,25,1,1
1878_aug_6,24,1,1
1879,15,1,1
1879_aug_1,18,1,1
1879_aug_2,17,1,1
1879_aug_3,17,1,1
1879_aug_4,19,1,1
1879_aug_5,17,1,1
1879_aug_6,23,1,1
1880,34,1,1
1880_aug_1,40,1,1
1880_aug_2,43,1,1
1880_aug_3,39,1,1
1880_aug_4,40,1,1
1880_aug_5,42,1,1
1880_aug_6,38,1,1
1881,18,1,1
1881_aug_1,22,1,1
1881_aug_2,23,1,1
1881_aug_3,18,1,1
1881_aug_4,20,1,1
1881_aug_5,22,1,1
1881_aug_6,22,1,1
1882,10,1,1
1882_aug_1,13,1,1
1882_aug_2,11,1,1
1882_aug_3,13,1,1
1882_aug_4,14,1,1
1882_aug_5,10,1,1
1882_aug_6,13,1,1
1883,29,1,1
1883_aug_1,33,1,1
1883_aug_2,30,1,1
1883_aug_3,37,1,1
1883_aug_4,32,1,1
1883_aug_5,31,1,1
1883_aug_6,37,1,1
1884,31,1,1
1884_aug_1,33,1,1
1884_aug_2,34,1,1
1884_aug_3,33,1,1
1884_aug_4,33,1,1
1884_aug_5,32,1,1
1884_aug_6,32,1,1
1885,21,1,1
1885_aug_1,28,1,1
1885_aug_2,22,1,1
1885_aug_3,28,1,1
1885_aug_4,25,1,1
1885_aug_5,24,1,1
1885_aug_6,30,1,1
1886,36,1,1
1886_aug_1,41,1,1
1886_aug_2,39,1,1
1886_aug_3,38,1,1
1886_aug_4,39,1,1
1886_aug_5,40,1,1
1886_aug_6,41,1,1
1888,17,1,1
1888_aug_1,20,1,1
1888_aug_2,17,1,1
1888_aug_3,22,1,1
1888_aug_4,21,1,1
1888_aug_5,19,1,1
1888_aug_6,19,1,1
1891,9,1,1
1891_aug_1,9,1,1
1891_aug_2,9,1,1
1891_aug_3,12,1,1
1891_aug_4,9,1,1
1891_aug_5,10,1,1
1891_aug_6,10,1,1
1893,28,1,1
1893_aug_1,30,1,1
1893_aug_2,32,1,1
1893_aug_3,31,1,1
1893_aug_4,29,1,1
1893_aug_5,32,1,1
1893_aug_6,30,1,1
1897,19,1,1
1897_aug_1,22,1,1
1897_aug_2,25,1,1
1897_aug_3,20,1,1
1897_aug_4,24,1,1
1897_aug_5,22,1,1
1897_aug_6,22,1,1
1899,22,1,1
1899_aug_1,22,1,1
1899_aug_2,22,1,1
1899_aug_3,26,1,1
1899_aug_4,25,1,1
1899_aug_5,24,1,1
1899_aug_6,23,1,1
1900,26,1,1
1900_aug_1,30,1,1
1900_aug_2,30,1,1
1900_aug_3,28,1,1
1900_aug_4,30,1,1
1900_aug_5,33,1,1
1900_aug_6,28,1,1
1901,34,1,1
1901_aug_1,35,1,1
1901_aug_2,36,1,1
1901_aug_3,40,1,1
1901_aug_4,38,1,1
1901_aug_5,42,1,1
1901_aug_6,38,1,1
1902,15,1,1
1902_aug_1,18,1,1
1902_aug_2,22,1,1
1902_aug_3,16,1,1
1902_aug_4,16,1,1
1902_aug_5,17,1,1
1902_aug_6,16,1,1
1903,7,1,1
1903_aug_1,10,1,1
1903_aug_2,7,1,1
1903_aug_3,7,1,1
1903_aug_4,7,1,1
1903_aug_5,10,1,1
1903_aug_6,9,1,1
1904,0,0,1
1904_aug_1,0,0,1
1904_aug_2,0,0,1
1904_aug_3,0,0,1
1904_aug_4,0,0,1
1904_aug_5,0,0,1
1904_aug_6,0,0,1
1906,0,0,1
1906_aug_1,0,0,1
1906_aug_2,0,0,1
1906_aug_3,0,0,1
1906_aug_4,0,0,1
1906_aug_5,0,0,1
1906_aug_6,0,0,1
1907,0,0,1
1907_aug_1,0,0,1
1907_aug_2,0,0,1
1907_aug_3,0,0,1
1907_aug_4,0,0,1
1907_aug_5,0,0,1
1907_aug_6,0,0,1
1908,28,1,1
1908_aug_1,29,1,1
1908_aug_2,30,1,1
1908_aug_3,34,1,1
1908_aug_4,29,1,1
1908_aug_5,28,1,1
1908_aug_6,31,1,1
1912,11,1,1
1912_aug_1,11,1,1
1912_aug_2,13,1,1
1912_aug_3,11,1,1
1912_aug_4,13,1,1
1912_aug_5,11,1,1
1912_aug_6,11,1,1
1913,19,1,1
1913_aug_1,23,1,1
1913_aug_2,27,1,1
1913_aug_3,19,1,1
1913_aug_4,26,1,1
1913_aug_5,23,1,1
1913_aug_6,23,1,1
1914,15,1,1
1914_aug_1,18,1,1
1914_aug_2,16,1,1
1914_aug_3,17,1,1
1914_aug_4,18,1,1
1914_aug_5,19,1,1
1914_aug_6,19,1,1
1915,6,1,1
1915_aug_1,8,1,1
1915_aug_2,6,1,1
1915_aug_3,7,1,1
1915_aug_4,6,1,1
1915_aug_5,9,1,1
1915_aug_6,7,1,1
1916,30,1,1
1916_aug_1,32,1,1
1916_aug_2,34,1,1
1916_aug_3,37,1,1
1916_aug_4,33,1,1
1916_aug_5,30,1,1
1916_aug_6,37,1,1
1918,32,1,1
1918_aug_1,38,1,1
1918_aug_2,37,1,1
1918_aug_3,36,1,1
1918_aug_4,36,1,1
1918_aug_5,40,1,1
1918_aug_6,37,1,1
1921,25,1,1
1921_aug_1,26,1,1
1921_aug_2,29,1,1
1921_aug_3,26,1,1
1921_aug_4,25,1,1
1921_aug_5,29,1,1
1921_aug_6,30,1,1
1922,6,1,1
1922_aug_1,6,1,1
1922_aug_2,6,1,1
1922_aug_3,6,1,1
1922_aug_4,6,1,1
1922_aug_5,6,1,1
1922_aug_6,6,1,1
1924,40,1,1
1924_aug_1,41,1,1
1924_aug_2,42,1,1
1924_aug_3,42,1,1
1924_aug_4,41,1,1
1924_aug_5,46,1,1
1924_aug_6,44,1,1
1926,9,1,1
1926_aug_1,9,1,1
1926_aug_2,12,1,1
1926_aug_3,12,1,1
1926_aug_4,9,1,1
1926_aug_5,9,1,1
1926_aug_6,10,1,1
1927,15,1,1
1927_aug_1,21,1,1
1927_aug_2,15,1,1
1927_aug_3,15,1,1
1927_aug_4,15,1,1
1927_aug_5,15,1,1
1927_aug_6,17,1,1
1928,11,1,1
1928_aug_1,13,1,1
1928_aug_2,17,1,1
1928_aug_3,13,1,1
1928_aug_4,14,1,1
1928_aug_5,11,1,1
1928_aug_6,11,1,1
1929,35,1,1
1929_aug_1,37,1,1
1929_aug_2,38,1,1
1929_aug_3,36,1,1
1929_aug_4,40,1,1
1929_aug_5,38,1,1
1929_aug_6,41,1,1
1930,29,1,1
1930_aug_1,30,1,1
1930_aug_2,32,1,1
1930_aug_3,33,1,1
1930_aug_4,32,1,1
1930_aug_5,37,1,1
1930_aug_6,36,1,1
1931,7,1,1
1931_aug_1,7,1,1
1931_aug_2,9,1,1
1931_aug_3,11,1,1
1931_aug_4,8,1,1
1931_aug_5,7,1,1
1931_aug_6,7,1,1
1933,20,1,1
1933_aug_1,23,1,1
1933_aug_2,22,1,1
1933_aug_3,25,1,1
1933_aug_4,25,1,1
1933_aug_5,23,1,1
1933_aug_6,28,1,1
1935,23,1,1
1935_aug_1,23,1,1
1935_aug_2,27,1,1
1935_aug_3,27,1,1
1935_aug_4,27,1,1
1935_aug_5,27,1,1
1935_aug_6,27,1,1
1936,30,1,1
1936_aug_1,31,1,1
1936_aug_2,32,1,1
1936_aug_3,34,1,1
1936_aug_4,34,1,1
1936_aug_5,34,1,1
1936_aug_6,32,1,1
1938,10,1,1
1938_aug_1,11,1,1
1938_aug_2,12,1,1
1938_aug_3,14,1,1
1938_aug_4,12,1,1
1938_aug_5,12,1,1
1938_aug_6,11,1,1
1939,15,1,1
1939_aug_1,14,1,1
1939_aug_2,22,1,1
1939_aug_3,15,1,1
1939_aug_4,15,1,1
1939_aug_5,16,1,1
1939_aug_6,19,1,1
1943,35,1,1
1943_aug_1,40,1,1
1943_aug_2,38,1,1
1943_aug_3,41,1,1
1943_aug_4,38,1,1
1943_aug_5,47,1,1
1943_aug_6,39,1,1
1944,0,0,1
1944_aug_1,0,0,1
1944_aug_2,0,0,1
1944_aug_3,0,0,1
1944_aug_4,0,0,1
1944_aug_5,0,0,1
1944_aug_6,0,0,1
1946,26,1,1
1946_aug_1,33,1,1
1946_aug_2,31,1,1
1946_aug_3,27,1,1
1946_aug_4,27,1,1
1946_aug_5,26,1,1
1946_aug_6,27,1,1
1948,25,1,1
1948_aug_1,26,1,1
1948_aug_2,28,1,1
1948_aug_3,27,1,1
1948_aug_4,28,1,1
1948_aug_5,32,1,1
1948_aug_6,30,1,1
1949,0,0,1
1949_aug_1,0,0,1
1949_aug_2,0,0,1
1949_aug_3,0,0,1
1949_aug_4,0,0,1
1949_aug_5,0,0,1
1949_aug_6,0,0,1
1950,19,1,1
1950_aug_1,19,1,1
1950_aug_2,21,1,1
1950_aug_3,20,1,1
1950_aug_4,22,1,1
1950_aug_5,23,1,1
1950_aug_6,22,1,1
1953,20,1,1
1953_aug_1,26,1,1
1953_aug_2,24,1,1
1953_aug_3,26,1,1
1953_aug_4,24,1,1
1953_aug_5,21,1,1
1953_aug_6,25,1,1
1954,7,1,1
1954_aug_1,7,1,1
1954_aug_2,8,1,1
1954_aug_3,9,1,1
1954_aug_4,13,1,1
1954_aug_5,7,1,1
1954_aug_6,9,1,1
1956,22,1,1
1956_aug_1,25,1,1
1956_aug_2,28,1,1
1956_aug_3,25,1,1
1956_aug_4,25,1,1
1956_aug_5,27,1,1
1956_aug_6,26,1,1
1957,23,1,1
1957_aug_1,25,1,1
1957_aug_2,23,1,1
1957_aug_3,23,1,1
1957_aug_4,24,1,1
1957_aug_5,24,1,1
1957_aug_6,23,1,1
1958,24,1,1
1958_aug_1,26,1,1
1958_aug_2,27,1,1
1958_aug_3,32,1,1
1958_aug_4,26,1,1
1958_aug_5,28,1,1
1958_aug_6,29,1,1
1960,11,1,1
1960_aug_1,12,1,1
1960_aug_2,11,1,1
1960_aug_3,14,1,1
1960_aug_4,14,1,1
1960_aug_5,11,1,1
1960_aug_6,11,1,1
1961,22,1,1
1961_aug_1,23,1,1
1961_aug_2,25,1,1
1961_aug_3,25,1,1
1961_aug_4,26,1,1
1961_aug_5,27,1,1
1961_aug_6,26,1,1
1963,25,1,1
1963_aug_1,27,1,1
1963_aug_2,27,1,1
1963_aug_3,27,1,1
1963_aug_4,27,1,1
1963_aug_5,29,1,1
1963_aug_6,32,1,1
1965,20,1,1
1965_aug_1,25,1,1
1965_aug_2,24,1,1
1965_aug_3,24,1,1
1965_aug_4,25,1,1
1965_aug_5,25,1,1
1965_aug_6,22,1,1
1968,25,1,1
1968_aug_1,33,1,1
1968_aug_2,27,1,1
1968_aug_3,30,1,1
1968_aug_4,27,1,1
1968_aug_5,27,1,1
1968_aug_6,29,1,1
1969,0,0,1
1969_aug_1,0,0,1
1969_aug_2,0,0,1
1969_aug_3,0,0,1
1969_aug_4,0,0,1
1969_aug_5,0,0,1
1969_aug_6,0,0,1
1972,17,1,1
1972_aug_1,20,1,1
1972_aug_2,18,1,1
1972_aug_3,20,1,1
1972_aug_4,19,1,1
1972_aug_5,21,1,1
1972_aug_6,19,1,1
1973,36,1,1
1973_aug_1,39,1,1
1973_aug_2,40,1,1
1973_aug_3,40,1,1
1973_aug_4,37,1,1
1973_aug_5,38,1,1
1973_aug_6,39,1,1
1974,11,1,1
1974_aug_1,14,1,1
1974_aug_2,14,1,1
1974_aug_3,19,1,1
1974_aug_4,15,1,1
1974_aug_5,16,1,1
1974_aug_6,11,1,1
1975,0,0,1
1975_aug_1,0,0,1
1975_aug_2,0,0,1
1975_aug_3,0,0,1
1975_aug_4,0,0,1
1975_aug_5,0,0,1
1975_aug_6,0,0,1
1976,0,0,1
1976_aug_1,0,0,1
1976_aug_2,0,0,1
1976_aug_3,0,0,1
1976_aug_4,0,0,1
1976_aug_5,0,0,1
1976_aug_6,0,0,1
1977,0,0,1
1977_aug_1,0,0,1
1977_aug_2,0,0,1
1977_aug_3,0,0,1
1977_aug_4,0,0,1
1977_aug_5,0,0,1
1977_aug_6,0,0,1
1978,18,1,1
1978_aug_1,20,1,1
1978_aug_2,22,1,1
1978_aug_3,20,1,1
1978_aug_4,20,1,1
1978_aug_5,22,1,1
1978_aug_6,22,1,1
1980,22,1,1
1980_aug_1,24,1,1
1980_aug_2,23,1,1
1980_aug_3,25,1,1
1980_aug_4,25,1,1
1980_aug_5,23,1,1
1980_aug_6,22,1,1
1982,0,0,1
1982_aug_1,0,0,1
1982_aug_2,0,0,1
1982_aug_3,0,0,1
1982_aug_4,0,0,1
1982_aug_5,0,0,1
1982_aug_6,0,0,1
1983,0,0,1
1983_aug_1,0,0,1
1983_aug_2,0,0,1
1983_aug_3,0,0,1
1983_aug_4,0,0,1
1983_aug_5,0,0,1
1983_aug_6,0,0,1
1985,20,1,1
1985_aug_1,24,1,1
1985_aug_2,23,1,1
1985_aug_3,28,1,1
1985_aug_4,23,1,1
1985_aug_5,20,1,1
1985_aug_6,23,1,1
1987,28,1,1
1987_aug_1,35,1,1
1987_aug_2,31,1,1
1987_aug_3,32,1,1
1987_aug_4,29,1,1
1987_aug_5,36,1,1
1987_aug_6,35,1,1
1988,0,0,1
1988_aug_1,0,0,1
1988_aug_2,0,0,1
1988_aug_3,0,0,1
1988_aug_4,0,0,1
1988_aug_5,0,0,1
1988_aug_6,0,0,1
1990,20,1,1
1990_aug_1,24,1,1
1990_aug_2,21,1,1
1990_aug_3,22,1,1
1990_aug_4,21,1,1
1990_aug_5,20,1,1
1990_aug_6,21,1,1
1991,27,1,1
1991_aug_1,33,1,1
1991_aug_2,35,1,1
1991_aug_3,32,1,1
1991_aug_4,30,1,1
1991_aug_5,29,1,1
1991_aug_6,31,1,1
1993,18,1,1
1993_aug_1,21,1,1
1993_aug_2,21,1,1
1993_aug_3,22,1,1
1993_aug_4,19,1,1
1993_aug_5,18,1,1
1993_aug_6,20,1,1
1994,16,1,1
1994_aug_1,19,1,1
1994_aug_2,20,1,1
1994_aug_3,27,1,1
1994_aug_4,19,1,1
1994_aug_5,19,1,1
1994_aug_6,18,1,1
2000,12,1,1
2000_aug_1,13,1,1
2000_aug_2,18,1,1
2000_aug_3,15,1,1
2000_aug_4,13,1,1
2000_aug_5,17,1,1
2000_aug_6,15,1,1
2003,29,1,1
2003_aug_1,36,1,1
2003_aug_2,33,1,1
2003_aug_3,33,1,1
2003_aug_4,37,1,1
2003_aug_5,31,1,1
2003_aug_6,34,1,1
2005,14,1,1
2005_aug_1,15,1,1
2005_aug_2,16,1,1
2005_aug_3,17,1,1
2005_aug_4,18,1,1
2005_aug_5,19,1,1
2005_aug_6,18,1,1
2006,34,1,1
2006_aug_1,37,1,1
2006_aug_2,38,1,1
2006_aug_3,40,1,1
2006_aug_4,39,1,1
2006_aug_5,36,1,1
2006_aug_6,40,1,1
2007,16,1,1
2007_aug_1,19,1,1
2007_aug_2,20,1,1
2007_aug_3,19,1,1
2007_aug_4,21,1,1
2007_aug_5,17,1,1
2007_aug_6,20,1,1
2008,15,1,1
2008_aug_1,23,1,1
2008_aug_2,17,1,1
2008_aug_3,19,1,1
2008_aug_4,17,1,1
2008_aug_5,20,1,1
2008_aug_6,17,1,1
2010,0,0,1
2010_aug_1,0,0,1
2010_aug_2,0,0,1
2010_aug_3,0,0,1
2010_aug_4,0,0,1
2010_aug_5,0,0,1
2010_aug_6,0,0,1
2012,10,1,1
2012_aug_1,14,1,1
2012_aug_2,13,1,1
2012_aug_3,13,1,1
2012_aug_4,12,1,1
2012_aug_5,14,1,1
2012_aug_6,13,1,1
2013,19,1,1
2013_aug_1,21,1,1
2013_aug_2,24,1,1
2013_aug_3,22,1,1
2013_aug_4,26,1,1
2013_aug_5,23,1,1
2013_aug_6,21,1,1
2014,27,1,1
2014_aug_1,29,1,1
2014_aug_2,32,1,1
2014_aug_3,30,1,1
2014_aug_4,30,1,1
2014_aug_5,28,1,1
2014_aug_6,34,1,1
2015,28,1,1
2015_aug_1,29,1,1
2015_aug_2,29,1,1
2015_aug_3,31,1,1
2015_aug_4,32,1,1
2015_aug_5,35,1,1
2015_aug_6,31,1,1
2016,20,1,1
2016_aug_1,23,1,1
2016_aug_2,21,1,1
2016_aug_3,22,1,1
2016_aug_4,23,1,1
2016_aug_5,27,1,1
2016_aug_6,23,1,1
2017,7,1,1
2017_aug_1,7,1,1
2017_aug_2,7,1,1
2017_aug_3,9,1,1
2017_aug_4,7,1,1
2017_aug_5,9,1,1
2017_aug_6,7,1,1
2019,15,1,1
2019_aug_1,17,1,1
2019_aug_2,16,1,1
2019_aug_3,17,1,1
2019_aug_4,17,1,1
2019_aug_5,17,1,1
2019_aug_6,18,1,1
2020,19,1,1
2020_aug_1,23,1,1
2020_aug_2,23,1,1
2020_aug_3,26,1,1
2020_aug_4,22,1,1
2020_aug_5,22,1,1
2020_aug_6,22,1,1
2021,18,1,1
2021_aug_1,23,1,1
2021_aug_2,22,1,1
2021_aug_3,23,1,1
2021_aug_4,19,1,1
2021_aug_5,23,1,1
2021_aug_6,20,1,1
2022,17,1,1
2022_aug_1,17,1,1
2022_aug_2,17,1,1
2022_aug_3,17,1,1
2022_aug_4,18,1,1
2022_aug_5,17,1,1
2022_aug_6,18,1,1
2024,0,0,1
2024_aug_1,0,0,1
2024_aug_2,0,0,1
2024_aug_3,0,0,1
2024_aug_4,0,0,1
2024_aug_5,0,0,1
2024_aug_6,0,0,1
2026,22,1,1
2026_aug_1,24,1,1
2026_aug_2,29,1,1
2026_aug_3,24,1,1
2026_aug_4,24,1,1
2026_aug_5,24,1,1
2026_aug_6,26,1,1
2027,35,1,1
2027_aug_1,36,1,1
2027_aug_2,37,1,1
2027_aug_3,39,1,1
2027_aug_4,38,1,1
2027_aug_5,37,1,1
2027_aug_6,38,1,1
2028,10,1,1
2028_aug_1,13,1,1
2028_aug_2,13,1,1
2028_aug_3,13,1,1
2028_aug_4,12,1,1
2028_aug_5,14,1,1
2028_aug_6,13,1,1
2029,18,1,1
2029_aug_1,21,1,1
2029_aug_2,25,1,1
2029_aug_3,22,1,1
2029_aug_4,21,1,1
2029_aug_5,21,1,1
2029_aug_6,22,1,1
2031,16,1,1
2031_aug_1,17,1,1
2031_aug_2,22,1,1
2031_aug_3,17,1,1
2031_aug_4,19,1,1
2031_aug_5,18,1,1
2031_aug_6,16,1,1
2032,14,1,1
2032_aug_1,18,1,1
2032_aug_2,21,1,1
2032_aug_3,17,1,1
2032_aug_4,18,1,1
2032_aug_5,16,1,1
2032_aug_6,17,1,1
2034,32,1,1
2034_aug_1,33,1,1
2034_aug_2,32,1,1
2034_aug_3,34,1,1
2034_aug_4,32,1,1
2034_aug_5,33,1,1
2034_aug_6,35,1,1
2035,26,1,1
2035_aug_1,28,1,1
2035_aug_2,29,1,1
2035_aug_3,28,1,1
2035_aug_4,28,1,1
2035_aug_5,27,1,1
2035_aug_6,30,1,1
2038,15,1,1
2038_aug_1,20,1,1
2038_aug_2,17,1,1
2038_aug_3,17,1,1
2038_aug_4,18,1,1
2038_aug_5,18,1,1
2038_aug_6,18,1,1
2039,18,1,1
2039_aug_1,23,1,1
2039_aug_2,18,1,1
2039_aug_3,23,1,1
2039_aug_4,18,1,1
2039_aug_5,20,1,1
2039_aug_6,21,1,1
2041,14,1,1
2041_aug_1,20,1,1
2041_aug_2,16,1,1
2041_aug_3,17,1,1
2041_aug_4,15,1,1
2041_aug_5,17,1,1
2041_aug_6,14,1,1
2044,22,1,1
2044_aug_1,27,1,1
2044_aug_2,28,1,1
2044_aug_3,25,1,1
2044_aug_4,26,1,1
2044_aug_5,26,1,1
2044_aug_6,27,1,1
2046,61,1,1
2046_aug_1,63,1,1
2046_aug_2,64,1,1
2046_aug_3,67,1,1
2046_aug_4,65,1,1
2046_aug_5,68,1,1
2046_aug_6,62,1,1
2047,20,1,1
2047_aug_1,21,1,1
2047_aug_2,26,1,1
2047_aug_3,21,1,1
2047_aug_4,21,1,1
2047_aug_5,23,1,1
2047_aug_6,26,1,1
2048,30,1,1
2048_aug_1,32,1,1
2048_aug_2,33,1,1
2048_aug_3,31,1,1
2048_aug_4,34,1,1
2048_aug_5,32,1,1
2048_aug_6,34,1,1
2050,0,0,1
2050_aug_1,0,0,1
2050_aug_2,0,0,1
2050_aug_3,0,0,1
2050_aug_4,0,0,1
2050_aug_5,0,0,1
2050_aug_6,0,0,1
2053,12,1,1
2053_aug_1,17,1,1
2053_aug_2,19,1,1
2053_aug_3,18,1,1
2053_aug_4,13,1,1
2053_aug_5,14,1,1
2053_aug_6,16,1,1
2055,0,0,1
2055_aug_1,0,0,1
2055_aug_2,0,0,1
2055_aug_3,0,0,1
2055_aug_4,0,0,1
2055_aug_5,0,0,1
2055_aug_6,0,0,1
2056,21,1,1
2056_aug_1,22,1,1
2056_aug_2,22,1,1
2056_aug_3,26,1,1
2056_aug_4,30,1,1
2056_aug_5,24,1,1
2056_aug_6,25,1,1
2059,22,1,1
2059_aug_1,27,1,1
2059_aug_2,28,1,1
2059_aug_3,24,1,1
2059_aug_4,26,1,1
2059_aug_5,24,1,1
2059_aug_6,26,1,1
2061,10,1,1
2061_aug_1,12,1,1
2061_aug_2,11,1,1
2061_aug_3,12,1,1
2061_aug_4,11,1,1
2061_aug_5,12,1,1
2061_aug_6,12,1,1
2062,32,1,1
2062_aug_1,38,1,1
2062_aug_2,38,1,1
2062_aug_3,35,1,1
2062_aug_4,37,1,1
2062_aug_5,34,1,1
2062_aug_6,34,1,1
2063,0,0,1
2063_aug_1,0,0,1
2063_aug_2,0,0,1
2063_aug_3,0,0,1
2063_aug_4,0,0,1
2063_aug_5,0,0,1
2063_aug_6,0,0,1
2065,25,1,1
2065_aug_1,29,1,1
2065_aug_2,30,1,1
2065_aug_3,27,1,1
2065_aug_4,28,1,1
2065_aug_5,27,1,1
2065_aug_6,27,1,1
2066,26,1,1
2066_aug_1,28,1,1
2066_aug_2,29,1,1
2066_aug_3,29,1,1
2066_aug_4,31,1,1
2066_aug_5,26,1,1
2066_aug_6,29,1,1
2067,13,1,1
2067_aug_1,18,1,1
2067_aug_2,19,1,1
2067_aug_3,16,1,1
2067_aug_4,19,1,1
2067_aug_5,18,1,1
2067_aug_6,13,1,1
2068,11,1,1
2068_aug_1,11,1,1
2068_aug_2,15,1,1
2068_aug_3,12,1,1
2068_aug_4,15,1,1
2068_aug_5,20,1,1
2068_aug_6,12,1,1
2069,14,1,1
2069_aug_1,19,1,1
2069_aug_2,21,1,1
2069_aug_3,20,1,1
2069_aug_4,18,1,1
2069_aug_5,18,1,1
2069_aug_6,22,1,1
2072,26,1,1
2072_aug_1,26,1,1
2072_aug_2,26,1,1
2072_aug_3,26,1,1
2072_aug_4,27,1,1
2072_aug_5,26,1,1
2072_aug_6,26,1,1
2074,34,1,1
2074_aug_1,37,1,1
2074_aug_2,34,1,1
2074_aug_3,35,1,1
2074_aug_4,39,1,1
2074_aug_5,41,1,1
2074_aug_6,36,1,1
2075,13,1,1
2075_aug_1,15,1,1
2075_aug_2,15,1,1
2075_aug_3,16,1,1
2075_aug_4,16,1,1
2075_aug_5,17,1,1
2075_aug_6,21,1,1
2077,47,1,1
2077_aug_1,50,1,1
2077_aug_2,53,1,1
2077_aug_3,51,1,1
2077_aug_4,54,1,1
2077_aug_5,56,1,1
2077_aug_6,55,1,1
2079,27,1,1
2079_aug_1,32,1,1
2079_aug_2,30,1,1
2079_aug_3,28,1,1
2079_aug_4,30,1,1
2079_aug_5,29,1,1
2079_aug_6,27,1,1
2080,0,0,1
2080_aug_1,0,0,1
2080_aug_2,0,0,1
2080_aug_3,0,0,1
2080_aug_4,0,0,1
2080_aug_5,0,0,1
2080_aug_6,0,0,1
2081,16,1,1
2081_aug_1,17,1,1
2081_aug_2,18,1,1
2081_aug_3,22,1,1
2081_aug_4,17,1,1
2081_aug_5,20,1,1
2081_aug_6,17,1,1
2082,24,1,1
2082_aug_1,25,1,1
2082_aug_2,25,1,1
2082_aug_3,29,1,1
2082_aug_4,28,1,1
2082_aug_5,27,1,1
2082_aug_6,26,1,1
2083,18,1,1
2083_aug_1,24,1,1
2083_aug_2,24,1,1
2083_aug_3,24,1,1
2083_aug_4,18,1,1
2083_aug_5,24,1,1
2083_aug_6,24,1,1
2084,29,1,1
2084_aug_1,31,1,1
2084_aug_2,33,1,1
2084_aug_3,31,1,1
2084_aug_4,31,1,1
2084_aug_5,29,1,1
2084_aug_6,32,1,1
2088,30,1,1
2088_aug_1,33,1,1
2088_aug_2,34,1,1
2088_aug_3,33,1,1
2088_aug_4,33,1,1
2088_aug_5,33,1,1
2088_aug_6,30,1,1
2089,0,0,1
2089_aug_1,0,0,1
2089_aug_2,0,0,1
2089_aug_3,0,0,1
2089_aug_4,0,0,1
2089_aug_5,0,0,1
2089_aug_6,0,0,1
2090,16,1,1
2090_aug_1,19,1,1
2090_aug_2,20,1,1
2090_aug_3,21,1,1
2090_aug_4,19,1,1
2090_aug_5,20,1,1
2090_aug_6,20,1,1
2092,33,1,1
2092_aug_1,36,1,1
2092_aug_2,39,1,1
2092_aug_3,38,1,1
2092_aug_4,35,1,1
2092_aug_5,45,1,1
2092_aug_6,38,1,1
2093,15,1,1
2093_aug_1,16,1,1
2093_aug_2,18,1,1
2093_aug_3,18,1,1
2093_aug_4,18,1,1
2093_aug_5,15,1,1
2093_aug_6,16,1,1
2094,31,1,1
2094_aug_1,36,1,1
2094_aug_2,32,1,1
2094_aug_3,32,1,1
2094_aug_4,34,1,1
2094_aug_5,35,1,1
2094_aug_6,35,1,1
2095,21,1,1
2095_aug_1,22,1,1
2095_aug_2,24,1,1
2095_aug_3,23,1,1
2095_aug_4,26,1,1
2095_aug_5,24,1,1
2095_aug_6,23,1,1
2096,12,1,1
2096_aug_1,17,1,1
2096_aug_2,16,1,1
2096_aug_3,13,1,1
2096_aug_4,13,1,1
2096_aug_5,12,1,1
2096_aug_6,14,1,1
2097,20,1,1
2097_aug_1,24,1,1
2097_aug_2,20,1,1
2097_aug_3,21,1,1
2097_aug_4,22,1,1
2097_aug_5,23,1,1
2097_aug_6,23,1,1
2102,25,1,1
2102_aug_1,26,1,1
2102_aug_2,27,1,1
2102_aug_3,26,1,1
2102_aug_4,38,1,1
2102_aug_5,31,1,1
2102_aug_6,29,1,1
2105,0,0,1
2105_aug_1,0,0,1
2105_aug_2,0,0,1
2105_aug_3,0,0,1
2105_aug_4,0,0,1
2105_aug_5,0,0,1
2105_aug_6,0,0,1
2106,6,1,1
2106_aug_1,6,1,1
2106_aug_2,6,1,1
2106_aug_3,6,1,1
2106_aug_4,6,1,1
2106_aug_5,6,1,1
2106_aug_6,8,1,1
2108,9,1,1
2108_aug_1,12,1,1
2108_aug_2,11,1,1
2108_aug_3,9,1,1
2108_aug_4,9,1,1
2108_aug_5,9,1,1
2108_aug_6,10,1,1
2109,26,1,1
2109_aug_1,29,1,1
2109_aug_2,32,1,1
2109_aug_3,28,1,1
2109_aug_4,27,1,1
2109_aug_5,26,1,1
2109_aug_6,27,1,1
2110,7,1,1
2110_aug_1,9,1,1
2110_aug_2,13,1,1
2110_aug_3,10,1,1
2110_aug_4,10,1,1
2110_aug_5,7,1,1
2110_aug_6,9,1,1
2111,17,1,1
2111_aug_1,18,1,1
2111_aug_2,18,1,1
2111_aug_3,17,1,1
2111_aug_4,19,1,1
2111_aug_5,18,1,1
2111_aug_6,17,1,1
2112,33,1,1
2112_aug_1,39,1,1
2112_aug_2,36,1,1
2112_aug_3,35,1,1
2112_aug_4,36,1,1
2112_aug_5,38,1,1
2112_aug_6,33,1,1
2113,37,1,1
2113_aug_1,46,1,1
2113_aug_2,44,1,1
2113_aug_3,43,1,1
2113_aug_4,47,1,1
2113_aug_5,38,1,1
2113_aug_6,43,1,1
2116,28,1,1
2116_aug_1,30,1,1
2116_aug_2,29,1,1
2116_aug_3,30,1,1
2116_aug_4,30,1,1
2116_aug_5,31,1,1
2116_aug_6,29,1,1
2120,7,1,1
2120_aug_1,7,1,1
2120_aug_2,7,1,1
2120_aug_3,12,1,1
2120_aug_4,11,1,1
2120_aug_5,9,1,1
2120_aug_6,7,1,1
2121,41,1,1
2121_aug_1,45,1,1
2121_aug_2,44,1,1
2121_aug_3,42,1,1
2121_aug_4,44,1,1
2121_aug_5,43,1,1
2121_aug_6,44,1,1
2123,15,1,1
2123_aug_1,15,1,1
2123_aug_2,15,1,1
2123_aug_3,16,1,1
2123_aug_4,16,1,1
2123_aug_5,15,1,1
2123_aug_6,15,1,1
2124,23,1,1
2124_aug_1,32,1,1
2124_aug_2,29,1,1
2124_aug_3,26,1,1
2124_aug_4,26,1,1
2124_aug_5,26,1,1
2124_aug_6,26,1,1
2125,0,0,1
2125_aug_1,0,0,1
2125_aug_2,0,0,1
2125_aug_3,0,0,1
2125_aug_4,0,0,1
2125_aug_5,0,0,1
2125_aug_6,0,0,1
2126,0,0,1
2126_aug_1,0,0,1
2126_aug_2,0,0,1
2126_aug_3,0,0,1
2126_aug_4,0,0,1
2126_aug_5,0,0,1
2126_aug_6,0,0,1
2127,17,1,1
2127_aug_1,17,1,1
2127_aug_2,17,1,1
2127_aug_3,18,1,1
2127_aug_4,17,1,1
2127_aug_5,19,1,1
2127_aug_6,18,1,1
2128,0,0,1
2128_aug_1,0,0,1
2128_aug_2,0,0,1
2128_aug_3,0,0,1
2128_aug_4,0,0,1
2128_aug_5,0,0,1
2128_aug_6,0,0,1
2131,22,1,1
2131_aug_1,25,1,1
2131_aug_2,22,1,1
2131_aug_3,27,1,1
2131_aug_4,31,1,1
2131_aug_5,29,1,1
2131_aug_6,28,1,1
2132,13,1,1
2132_aug_1,14,1,1
2132_aug_2,15,1,1
2132_aug_3,13,1,1
2132_aug_4,13,1,1
2132_aug_5,13,1,1
2132_aug_6,19,1,1
2133,0,0,1
2133_aug_1,0,0,1
2133_aug_2,0,0,1
2133_aug_3,0,0,1
2133_aug_4,0,0,1
2133_aug_5,0,0,1
2133_aug_6,0,0,1
2134,0,0,1
2134_aug_1,0,0,1
2134_aug_2,0,0,1
2134_aug_3,0,0,1
2134_aug_4,0,0,1
2134_aug_5,0,0,1
2134_aug_6,0,0,1
2138,32,1,1
2138_aug_1,33,1,1
2138_aug_2,32,1,1
2138_aug_3,34,1,1
2138_aug_4,35,1,1
2138_aug_5,37,1,1
2138_aug_6,35,1,1
2139,24,1,1
2139_aug_1,24,1,1
2139_aug_2,25,1,1
2139_aug_3,24,1,1
2139_aug_4,26,1,1
2139_aug_5,25,1,1
2139_aug_6,24,1,1
2140,21,1,1
2140_aug_1,25,1,1
2140_aug_2,22,1,1
2140_aug_3,28,1,1
2140_aug_4,22,1,1
2140_aug_5,24,1,1
2140_aug_6,22,1,1
2141,18,1,1
2141_aug_1,19,1,1
2141_aug_2,19,1,1
2141_aug_3,19,1,1
2141_aug_4,20,1,1
2141_aug_5,20,1,1
2141_aug_6,21,1,1
2144,19,1,1
2144_aug_1,22,1,1
2144_aug_2,20,1,1
2144_aug_3,23,1,1
2144_aug_4,22,1,1
2144_aug_5,20,1,1
2144_aug_6,26,1,1
2146,11,1,1
2146_aug_1,11,1,1
2146_aug_2,11,1,1
2146_aug_3,12,1,1
2146_aug_4,11,1,1
2146_aug_5,12,1,1
2146_aug_6,11,1,1
2148,11,1,1
2148_aug_1,11,1,1
2148_aug_2,11,1,1
2148_aug_3,11,1,1
2148_aug_4,11,1,1
2148_aug_5,11,1,1
2148_aug_6,15,1,1
2149,34,1,1
2149_aug_1,37,1,1
2149_aug_2,39,1,1
2149_aug_3,38,1,1
2149_aug_4,38,1,1
2149_aug_5,36,1,1
2149_aug_6,36,1,1
2151,29,1,1
2151_aug_1,32,1,1
2151_aug_2,36,1,1
2151_aug_3,33,1,1
2151_aug_4,32,1,1
2151_aug_5,32,1,1
2151_aug_6,35,1,1
2152,15,1,1
2152_aug_1,24,1,1
2152_aug_2,18,1,1
2152_aug_3,19,1,1
2152_aug_4,19,1,1
2152_aug_5,21,1,1
2152_aug_6,20,1,1
2153,21,1,1
2153_aug_1,30,1,1
2153_aug_2,26,1,1
2153_aug_3,21,1,1
2153_aug_4,24,1,1
2153_aug_5,24,1,1
2153_aug_6,27,1,1
2154,0,0,1
2154_aug_1,0,0,1
2154_aug_2,0,0,1
2154_aug_3,0,0,1
2154_aug_4,0,0,1
2154_aug_5,0,0,1
2154_aug_6,0,0,1
2157,0,0,1
2157_aug_1,0,0,1
2157_aug_2,0,0,1
2157_aug_3,0,0,1
2157_aug_4,0,0,1
2157_aug_5,0,0,1
2157_aug_6,0,0,1
2159,14,1,1
2159_aug_1,16,1,1
2159_aug_2,14,1,1
2159_aug_3,17,1,1
2159_aug_4,16,1,1
2159_aug_5,15,1,1
2159_aug_6,17,1,1
2161,27,1,1
2161_aug_1,39,1,1
2161_aug_2,39,1,1
2161_aug_3,36,1,1
2161_aug_4,34,1,1
2161_aug_5,30,1,1
2161_aug_6,36,1,1
2163,37,1,1
2163_aug_1,40,1,1
2163_aug_2,43,1,1
2163_aug_3,42,1,1
2163_aug_4,39,1,1
2163_aug_5,40,1,1
2163_aug_6,40,1,1
2164,0,0,1
2164_aug_1,0,0,1
2164_aug_2,0,0,1
2164_aug_3,0,0,1
2164_aug_4,0,0,1
2164_aug_5,0,0,1
2164_aug_6,0,0,1
2165,35,1,1
2165_aug_1,39,1,1
2165_aug_2,38,1,1
2165_aug_3,36,1,1
2165_aug_4,38,1,1
2165_aug_5,42,1,1
2165_aug_6,40,1,1
2166,9,1,1
2166_aug_1,9,1,1
2166_aug_2,10,1,1
2166_aug_3,9,1,1
2166_aug_4,11,1,1
2166_aug_5,9,1,1
2166_aug_6,12,1,1
2167,26,1,1
2167_aug_1,33,1,1
2167_aug_2,30,1,1
2167_aug_3,33,1,1
2167_aug_4,29,1,1
2167_aug_5,34,1,1
2167_aug_6,34,1,1
2169,31,1,1
2169_aug_1,38,1,1
2169_aug_2,36,1,1
2169_aug_3,35,1,1
2169_aug_4,39,1,1
2169_aug_5,38,1,1
2169_aug_6,33,1,1
2170,0,0,1
2170_aug_1,0,0,1
2170_aug_2,0,0,1
2170_aug_3,0,0,1
2170_aug_4,0,0,1
2170_aug_5,0,0,1
2170_aug_6,0,0,1
2171,17,1,1
2171_aug_1,18,1,1
2171_aug_2,18,1,1
2171_aug_3,19,1,1
2171_aug_4,18,1,1
2171_aug_5,18,1,1
2171_aug_6,22,1,1
2172,22,1,1
2172_aug_1,25,1,1
2172_aug_2,22,1,1
2172_aug_3,24,1,1
2172_aug_4,22,1,1
2172_aug_5,28,1,1
2172_aug_6,23,1,1
2173,26,1,1
2173_aug_1,36,1,1
2173_aug_2,30,1,1
2173_aug_3,26,1,1
2173_aug_4,29,1,1
2173_aug_5,28,1,1
2173_aug_6,29,1,1
2174,16,1,1
2174_aug_1,16,1,1
2174_aug_2,16,1,1
2174_aug_3,16,1,1
2174_aug_4,16,1,1
2174_aug_5,20,1,1
2174_aug_6,16,1,1
2175,25,1,1
2175_aug_1,29,1,1
2175_aug_2,29,1,1
2175_aug_3,28,1,1
2175_aug_4,27,1,1
2175_aug_5,26,1,1
2175_aug_6,28,1,1
2176,20,1,1
2176_aug_1,23,1,1
2176_aug_2,22,1,1
2176_aug_3,26,1,1
2176_aug_4,23,1,1
2176_aug_5,21,1,1
2176_aug_6,25,1,1
2177,25,1,1
2177_aug_1,28,1,1
2177_aug_2,28,1,1
2177_aug_3,29,1,1
2177_aug_4,26,1,1
2177_aug_5,26,1,1
2177_aug_6,29,1,1
2178,0,0,1
2178_aug_1,0,0,1
2178_aug_2,0,0,1
2178_aug_3,0,0,1
2178_aug_4,0,0,1
2178_aug_5,0,0,1
2178_aug_6,0,0,1
2180,0,0,1
2180_aug_1,0,0,1
2180_aug_2,0,0,1
2180_aug_3,0,0,1
2180_aug_4,0,0,1
2180_aug_5,0,0,1
2180_aug_6,0,0,1
2181,26,1,1
2181_aug_1,32,1,1
2181_aug_2,31,1,1
2181_aug_3,29,1,1
2181_aug_4,30,1,1
2181_aug_5,27,1,1
2181_aug_6,32,1,1
2183,11,1,1
2183_aug_1,14,1,1
2183_aug_2,12,1,1
2183_aug_3,13,1,1
2183_aug_4,11,1,1
2183_aug_5,13,1,1
2183_aug_6,13,1,1
2185,16,1,1
2185_aug_1,21,1,1
2185_aug_2,21,1,1
2185_aug_3,19,1,1
2185_aug_4,18,1,1
2185_aug_5,20,1,1
2185_aug_6,23,1,1
2186,13,1,1
2186_aug_1,13,1,1
2186_aug_2,14,1,1
2186_aug_3,15,1,1
2186_aug_4,16,1,1
2186_aug_5,18,1,1
2186_aug_6,15,1,1
2187,48,1,1
2187_aug_1,51,1,1
2187_aug_2,53,1,1
2187_aug_3,54,1,1
2187_aug_4,60,1,1
2187_aug_5,51,1,1
2187_aug_6,56,1,1
2188,0,0,1
2188_aug_1,0,0,1
2188_aug_2,0,0,1
2188_aug_3,0,0,1
2188_aug_4,0,0,1
2188_aug_5,0,0,1
2188_aug_6,0,0,1
2191,21,1,1
2191_aug_1,27,1,1
2191_aug_2,27,1,1
2191_aug_3,21,1,1
2191_aug_4,28,1,1
2191_aug_5,30,1,1
2191_aug_6,26,1,1
2192,33,1,1
2192_aug_1,37,1,1
2192_aug_2,39,1,1
2192_aug_3,40,1,1
2192_aug_4,37,1,1
2192_aug_5,35,1,1
2192_aug_6,43,1,1
2193,28,1,1
2193_aug_1,34,1,1
2193_aug_2,31,1,1
2193_aug_3,34,1,1
2193_aug_4,33,1,1
2193_aug_5,31,1,1
2193_aug_6,32,1,1
2194,0,0,1
2194_aug_1,0,0,1
2194_aug_2,0,0,1
2194_aug_3,0,0,1
2194_aug_4,0,0,1
2194_aug_5,0,0,1
2194_aug_6,0,0,1
2195,27,1,1
2195_aug_1,29,1,1
2195_aug_2,29,1,1
2195_aug_3,29,1,1
2195_aug_4,32,1,1
2195_aug_5,28,1,1
2195_aug_6,30,1,1
2197,16,1,1
2197_aug_1,20,1,1
2197_aug_2,16,1,1
2197_aug_3,20,1,1
2197_aug_4,18,1,1
2197_aug_5,19,1,1
2197_aug_6,17,1,1
2198,22,1,1
2198_aug_1,26,1,1
2198_aug_2,27,1,1
2198_aug_3,26,1,1
2198_aug_4,25,1,1
2198_aug_5,29,1,1
2198_aug_6,26,1,1
2200,25,1,1
2200_aug_1,28,1,1
2200_aug_2,30,1,1
2200_aug_3,30,1,1
2200_aug_4,28,1,1
2200_aug_5,28,1,1
2200_aug_6,29,1,1
2203,25,1,1
2203_aug_1,29,1,1
2203_aug_2,26,1,1
2203_aug_3,28,1,1
2203_aug_4,29,1,1
2203_aug_5,26,1,1
2203_aug_6,26,1,1
2206,14,1,1
2206_aug_1,16,1,1
2206_aug_2,17,1,1
2206_aug_3,17,1,1
2206_aug_4,17,1,1
2206_aug_5,17,1,1
2206_aug_6,17,1,1
2208,13,1,1
2208_aug_1,16,1,1
2208_aug_2,15,1,1
2208_aug_3,15,1,1
2208_aug_4,16,1,1
2208_aug_5,19,1,1
2208_aug_6,16,1,1
2209,12,1,1
2209_aug_1,12,1,1
2209_aug_2,14,1,1
2209_aug_3,12,1,1
2209_aug_4,12,1,1
2209_aug_5,14,1,1
2209_aug_6,14,1,1
2210,20,1,1
2210_aug_1,23,1,1
2210_aug_2,21,1,1
2210_aug_3,25,1,1
2210_aug_4,23,1,1
2210_aug_5,25,1,1
2210_aug_6,26,1,1
2211,21,1,1
2211_aug_1,24,1,1
2211_aug_2,23,1,1
2211_aug_3,22,1,1
2211_aug_4,24,1,1
2211_aug_5,25,1,1
2211_aug_6,25,1,1
2212,14,1,1
2212_aug_1,14,1,1
2212_aug_2,17,1,1
2212_aug_3,20,1,1
2212_aug_4,22,1,1
2212_aug_5,15,1,1
2212_aug_6,16,1,1
2217,26,1,1
2217_aug_1,28,1,1
2217_aug_2,27,1,1
2217_aug_3,30,1,1
2217_aug_4,29,1,1
2217_aug_5,30,1,1
2217_aug_6,29,1,1
2218,31,1,1
2218_aug_1,34,1,1
2218_aug_2,32,1,1
2218_aug_3,33,1,1
2218_aug_4,34,1,1
2218_aug_5,32,1,1
2218_aug_6,33,1,1
2220,35,1,1
2220_aug_1,36,1,1
2220_aug_2,38,1,1
2220_aug_3,36,1,1
2220_aug_4,38,1,1
2220_aug_5,36,1,1
2220_aug_6,37,1,1
2221,0,0,1
2221_aug_1,0,0,1
2221_aug_2,0,0,1
2221_aug_3,0,0,1
2221_aug_4,0,0,1
2221_aug_5,0,0,1
2221_aug_6,0,0,1
2224,29,1,1
2224_aug_1,36,1,1
2224_aug_2,32,1,1
2224_aug_3,32,1,1
2224_aug_4,32,1,1
2224_aug_5,31,1,1
2224_aug_6,35,1,1
2225,19,1,1
2225_aug_1,22,1,1
2225_aug_2,19,1,1
2225_aug_3,21,1,1
2225_aug_4,22,1,1
2225_aug_5,19,1,1
2225_aug_6,21,1,1
2226,19,1,1
2226_aug_1,19,1,1
2226_aug_2,19,1,1
2226_aug_3,19,1,1
2226_aug_4,21,1,1
2226_aug_5,19,1,1
2226_aug_6,19,1,1
2231,21,1,1
2231_aug_1,22,1,1
2231_aug_2,21,1,1
2231_aug_3,21,1,1
2231_aug_4,21,1,1
2231_aug_5,22,1,1
2231_aug_6,21,1,1
2232,21,1,1
2232_aug_1,22,1,1
2232_aug_2,21,1,1
2232_aug_3,22,1,1
2232_aug_4,21,1,1
2232_aug_5,24,1,1
2232_aug_6,23,1,1
2234,0,0,1
2234_aug_1,0,0,1
2234_aug_2,0,0,1
2234_aug_3,0,0,1
2234_aug_4,0,0,1
2234_aug_5,0,0,1
2234_aug_6,0,0,1
2235,19,1,1
2235_aug_1,22,1,1
2235_aug_2,22,1,1
2235_aug_3,29,1,1
2235_aug_4,22,1,1
2235_aug_5,27,1,1
2235_aug_6,21,1,1
2237,0,0,1
2237_aug_1,0,0,1
2237_aug_2,0,0,1
2237_aug_3,0,0,1
2237_aug_4,0,0,1
2237_aug_5,0,0,1
2237_aug_6,0,0,1
2239,33,1,1
2239_aug_1,43,1,1
2239_aug_2,37,1,1
2239_aug_3,38,1,1
2239_aug_4,41,1,1
2239_aug_5,37,1,1
2239_aug_6,35,1,1
2241,39,1,1
2241_aug_1,44,1,1
2241_aug_2,42,1,1
2241_aug_3,46,1,1
2241_aug_4,46,1,1
2241_aug_5,45,1,1
2241_aug_6,41,1,1
2245,16,1,1
2245_aug_1,16,1,1
2245_aug_2,16,1,1
2245_aug_3,16,1,1
2245_aug_4,19,1,1
2245_aug_5,19,1,1
2245_aug_6,17,1,1
2246,26,1,1
2246_aug_1,29,1,1
2246_aug_2,31,1,1
2246_aug_3,27,1,1
2246_aug_4,33,1,1
2246_aug_5,28,1,1
2246_aug_6,32,1,1
2247,11,1,1
2247_aug_1,16,1,1
2247_aug_2,13,1,1
2247_aug_3,14,1,1
2247_aug_4,14,1,1
2247_aug_5,12,1,1
2247_aug_6,15,1,1
2248,21,1,1
2248_aug_1,32,1,1
2248_aug_2,27,1,1
2248_aug_3,24,1,1
2248_aug_4,27,1,1
2248_aug_5,24,1,1
2248_aug_6,30,1,1
2251,7,1,1
2251_aug_1,7,1,1
2251_aug_2,7,1,1
2251_aug_3,12,1,1
2251_aug_4,9,1,1
2251_aug_5,7,1,1
2251_aug_6,7,1,1
2252,14,1,1
2252_aug_1,22,1,1
2252_aug_2,24,1,1
2252_aug_3,18,1,1
2252_aug_4,16,1,1
2252_aug_5,16,1,1
2252_aug_6,22,1,1
2254,13,1,1
2254_aug_1,16,1,1
2254_aug_2,16,1,1
2254_aug_3,14,1,1
2254_aug_4,15,1,1
2254_aug_5,17,1,1
2254_aug_6,17,1,1
2255,34,1,1
2255_aug_1,41,1,1
2255_aug_2,37,1,1
2255_aug_3,37,1,1
2255_aug_4,38,1,1
2255_aug_5,39,1,1
2255_aug_6,36,1,1
2257,18,1,1
2257_aug_1,24,1,1
2257_aug_2,24,1,1
2257_aug_3,18,1,1
2257_aug_4,23,1,1
2257_aug_5,20,1,1
2257_aug_6,22,1,1
2258,25,1,1
2258_aug_1,30,1,1
2258_aug_2,25,1,1
2258_aug_3,28,1,1
2258_aug_4,25,1,1
2258_aug_5,30,1,1
2258_aug_6,29,1,1
2259,47,1,1
2259_aug_1,49,1,1
2259_aug_2,49,1,1
2259_aug_3,54,1,1
2259_aug_4,51,1,1
2259_aug_5,51,1,1
2259_aug_6,53,1,1
2260,16,1,1
2260_aug_1,20,1,1
2260_aug_2,18,1,1
2260_aug_3,16,1,1
2260_aug_4,17,1,1
2260_aug_5,18,1,1
2260_aug_6,21,1,1
2261,37,1,1
2261_aug_1,39,1,1
2261_aug_2,38,1,1
2261_aug_3,39,1,1
2261_aug_4,45,1,1
2261_aug_5,45,1,1
2261_aug_6,43,1,1
2263,26,1,1
2263_aug_1,29,1,1
2263_aug_2,29,1,1
2263_aug_3,27,1,1
2263_aug_4,27,1,1
2263_aug_5,29,1,1
2263_aug_6,28,1,1
2264,21,1,1
2264_aug_1,25,1,1
2264_aug_2,24,1,1
2264_aug_3,22,1,1
2264_aug_4,27,1,1
2264_aug_5,23,1,1
2264_aug_6,26,1,1
2265,0,0,1
2265_aug_1,0,0,1
2265_aug_2,0,0,1
2265_aug_3,0,0,1
2265_aug_4,0,0,1
2265_aug_5,0,0,1
2265_aug_6,0,0,1
2266,0,0,1
2266_aug_1,0,0,1
2266_aug_2,0,0,1
2266_aug_3,0,0,1
2266_aug_4,0,0,1
2266_aug_5,0,0,1
2266_aug_6,0,0,1
2267,20,1,1
2267_aug_1,21,1,1
2267_aug_2,23,1,1
2267_aug_3,25,1,1
2267_aug_4,21,1,1
2267_aug_5,21,1,1
2267_aug_6,24,1,1
2270,39,1,1
2270_aug_1,48,1,1
2270_aug_2,45,1,1
2270_aug_3,44,1,1
2270_aug_4,46,1,1
2270_aug_5,41,1,1
2270_aug_6,43,1,1
2271,35,1,1
2271_aug_1,38,1,1
2271_aug_2,39,1,1
2271_aug_3,36,1,1
2271_aug_4,39,1,1
2271_aug_5,40,1,1
2271_aug_6,36,1,1
2272,0,0,1
2272_aug_1,0,0,1
2272_aug_2,0,0,1
2272_aug_3,0,0,1
2272_aug_4,0,0,1
2272_aug_5,0,0,1
2272_aug_6,0,0,1
2274,11,1,1
2274_aug_1,11,1,1
2274_aug_2,12,1,1
2274_aug_3,14,1,1
2274_aug_4,14,1,1
2274_aug_5,12,1,1
2274_aug_6,11,1,1
2275,29,1,1
2275_aug_1,35,1,1
2275_aug_2,36,1,1
2275_aug_3,29,1,1
2275_aug_4,32,1,1
2275_aug_5,35,1,1
2275_aug_6,33,1,1
2276,28,1,1
2276_aug_1,30,1,1
2276_aug_2,33,1,1
2276_aug_3,33,1,1
2276_aug_4,32,1,1
2276_aug_5,32,1,1
2276_aug_6,34,1,1
2278,22,1,1
2278_aug_1,25,1,1
2278_aug_2,23,1,1
2278_aug_3,23,1,1
2278_aug_4,24,1,1
2278_aug_5,26,1,1
2278_aug_6,24,1,1
2279,30,1,1
2279_aug_1,40,1,1
2279_aug_2,40,1,1
2279_aug_3,37,1,1
2279_aug_4,41,1,1
2279_aug_5,31,1,1
2279_aug_6,38,1,1
2280,0,0,1
2280_aug_1,0,0,1
2280_aug_2,0,0,1
2280_aug_3,0,0,1
2280_aug_4,0,0,1
2280_aug_5,0,0,1
2280_aug_6,0,0,1
2282,27,1,1
2282_aug_1,28,1,1
2282_aug_2,30,1,1
2282_aug_3,31,1,1
2282_aug_4,30,1,1
2282_aug_5,28,1,1
2282_aug_6,27,1,1
2283,25,1,1
2283_aug_1,28,1,1
2283_aug_2,28,1,1
2283_aug_3,31,1,1
2283_aug_4,27,1,1
2283_aug_5,25,1,1
2283_aug_6,32,1,1
2285,28,1,1
2285_aug_1,29,1,1
2285_aug_2,28,1,1
2285_aug_3,29,1,1
2285_aug_4,28,1,1
2285_aug_5,29,1,1
2285_aug_6,29,1,1
2286,18,1,1
2286_aug_1,22,1,1
2286_aug_2,24,1,1
2286_aug_3,21,1,1
2286_aug_4,23,1,1
2286_aug_5,26,1,1
2286_aug_6,20,1,1
2287,0,0,1
2287_aug_1,0,0,1
2287_aug_2,0,0,1
2287_aug_3,0,0,1
2287_aug_4,0,0,1
2287_aug_5,0,0,1
2287_aug_6,0,0,1
2288,22,1,1
2288_aug_1,24,1,1
2288_aug_2,25,1,1
2288_aug_3,25,1,1
2288_aug_4,25,1,1
2288_aug_5,27,1,1
2288_aug_6,26,1,1
2289,28,1,1
2289_aug_1,28,1,1
2289_aug_2,30,1,1
2289_aug_3,28,1,1
2289_aug_4,32,1,1
2289_aug_5,29,1,1
2289_aug_6,28,1,1
2290,22,1,1
2290_aug_1,27,1,1
2290_aug_2,23,1,1
2290_aug_3,29,1,1
2290_aug_4,26,1,1
2290_aug_5,25,1,1
2290_aug_6,25,1,1
2291,23,1,1
2291_aug_1,31,1,1
2291_aug_2,33,1,1
2291_aug_3,28,1,1
2291_aug_4,29,1,1
2291_aug_5,27,1,1
2291_aug_6,29,1,1
2293,25,1,1
2293_aug_1,31,1,1
2293_aug_2,27,1,1
2293_aug_3,27,1,1
2293_aug_4,29,1,1
2293_aug_5,26,1,1
2293_aug_6,26,1,1
2294,0,0,1
2294_aug_1,0,0,1
2294_aug_2,0,0,1
2294_aug_3,0,0,1
2294_aug_4,0,0,1
2294_aug_5,0,0,1
2294_aug_6,0,0,1
2296,26,1,1
2296_aug_1,30,1,1
2296_aug_2,31,1,1
2296_aug_3,32,1,1
2296_aug_4,29,1,1
2296_aug_5,27,1,1
2296_aug_6,32,1,1
2297,11,1,1
2297_aug_1,11,1,1
2297_aug_2,16,1,1
2297_aug_3,11,1,1
2297_aug_4,13,1,1
2297_aug_5,14,1,1
2297_aug_6,13,1,1
2300,15,1,1
2300_aug_1,16,1,1
2300_aug_2,19,1,1
2300_aug_3,16,1,1
2300_aug_4,21,1,1
2300_aug_5,21,1,1
2300_aug_6,19,1,1
2301,12,1,1
2301_aug_1,15,1,1
2301_aug_2,14,1,1
2301_aug_3,15,1,1
2301_aug_4,14,1,1
2301_aug_5,15,1,1
2301_aug_6,13,1,1
2302,22,1,1
2302_aug_1,25,1,1
2302_aug_2,27,1,1
2302_aug_3,24,1,1
2302_aug_4,24,1,1
2302_aug_5,27,1,1
2302_aug_6,26,1,1
2303,0,0,1
2303_aug_1,0,0,1
2303_aug_2,0,0,1
2303_aug_3,0,0,1
2303_aug_4,0,0,1
2303_aug_5,0,0,1
2303_aug_6,0,0,1
2305,11,1,1
2305_aug_1,11,1,1
2305_aug_2,16,1,1
2305_aug_3,13,1,1
2305_aug_4,14,1,1
2305_aug_5,11,1,1
2305_aug_6,11,1,1
2310,13,1,1
2310_aug_1,19,1,1
2310_aug_2,15,1,1
2310_aug_3,15,1,1
2310_aug_4,18,1,1
2310_aug_5,18,1,1
2310_aug_6,19,1,1
2312,7,1,1
2312_aug_1,9,1,1
2312_aug_2,7,1,1
2312_aug_3,7,1,1
2312_aug_4,9,1,1
2312_aug_5,10,1,1
2312_aug_6,8,1,1
2316,11,1,1
2316_aug_1,15,1,1
2316_aug_2,14,1,1
2316_aug_3,12,1,1
2316_aug_4,15,1,1
2316_aug_5,13,1,1
2316_aug_6,12,1,1
2319,0,0,1
2319_aug_1,0,0,1
2319_aug_2,0,0,1
2319_aug_3,0,0,1
2319_aug_4,0,0,1
2319_aug_5,0,0,1
2319_aug_6,0,0,1
2320,22,1,1
2320_aug_1,30,1,1
2320_aug_2,30,1,1
2320_aug_3,28,1,1
2320_aug_4,31,1,1
2320_aug_5,24,1,1
2320_aug_6,28,1,1
2321,7,1,1
2321_aug_1,12,1,1
2321_aug_2,9,1,1
2321_aug_3,10,1,1
2321_aug_4,7,1,1
2321_aug_5,7,1,1
2321_aug_6,7,1,1
2323,20,1,1
2323_aug_1,21,1,1
2323_aug_2,21,1,1
2323_aug_3,24,1,1
2323_aug_4,22,1,1
2323_aug_5,23,1,1
2323_aug_6,24,1,1
2325,0,0,1
2325_aug_1,0,0,1
2325_aug_2,0,0,1
2325_aug_3,0,0,1
2325_aug_4,0,0,1
2325_aug_5,0,0,1
2325_aug_6,0,0,1
2326,25,1,1
2326_aug_1,29,1,1
2326_aug_2,26,1,1
2326_aug_3,27,1,1
2326_aug_4,26,1,1
2326_aug_5,27,1,1
2326_aug_6,27,1,1
2327,24,1,1
2327_aug_1,27,1,1
2327_aug_2,29,1,1
2327_aug_3,27,1,1
2327_aug_4,25,1,1
2327_aug_5,27,1,1
2327_aug_6,25,1,1
2331,29,1,1
2331_aug_1,36,1,1
2331_aug_2,31,1,1
2331_aug_3,33,1,1
2331_aug_4,36,1,1
2331_aug_5,35,1,1
2331_aug_6,37,1,1
2334,27,1,1
2334_aug_1,28,1,1
2334_aug_2,29,1,1
2334_aug_3,28,1,1
2334_aug_4,32,1,1
2334_aug_5,29,1,1
2334_aug_6,30,1,1
2336,16,1,1
2336_aug_1,21,1,1
2336_aug_2,19,1,1
2336_aug_3,17,1,1
2336_aug_4,21,1,1
2336_aug_5,16,1,1
2336_aug_6,20,1,1
2338,51,1,1
2338_aug_1,55,1,1
2338_aug_2,53,1,1
2338_aug_3,55,1,1
2338_aug_4,55,1,1
2338_aug_5,58,1,1
2338_aug_6,55,1,1
2339,25,1,1
2339_aug_1,28,1,1
2339_aug_2,28,1,1
2339_aug_3,29,1,1
2339_aug_4,34,1,1
2339_aug_5,27,1,1
2339_aug_6,27,1,1
2340,24,1,1
2340_aug_1,26,1,1
2340_aug_2,24,1,1
2340_aug_3,25,1,1
2340_aug_4,28,1,1
2340_aug_5,28,1,1
2340_aug_6,25,1,1
2342,35,1,1
2342_aug_1,37,1,1
2342_aug_2,36,1,1
2342_aug_3,39,1,1
2342_aug_4,36,1,1
2342_aug_5,37,1,1
2342_aug_6,41,1,1
2343,18,1,1
2343_aug_1,22,1,1
2343_aug_2,19,1,1
2343_aug_3,20,1,1
2343_aug_4,20,1,1
2343_aug_5,22,1,1
2343_aug_6,20,1,1
2344,17,1,1
2344_aug_1,19,1,1
2344_aug_2,21,1,1
2344_aug_3,20,1,1
2344_aug_4,20,1,1
2344_aug_5,19,1,1
2344_aug_6,18,1,1
2347,16,1,1
2347_aug_1,20,1,1
2347_aug_2,20,1,1
2347_aug_3,18,1,1
2347_aug_4,19,1,1
2347_aug_5,17,1,1
2347_aug_6,17,1,1
2348,27,1,1
2348_aug_1,31,1,1
2348_aug_2,31,1,1
2348_aug_3,27,1,1
2348_aug_4,31,1,1
2348_aug_5,31,1,1
2348_aug_6,30,1,1
2349,12,1,1
2349_aug_1,18,1,1
2349_aug_2,14,1,1
2349_aug_3,18,1,1
2349_aug_4,15,1,1
2349_aug_5,13,1,1
2349_aug_6,13,1,1
2351,19,1,1
2351_aug_1,19,1,1
2351_aug_2,21,1,1
2351_aug_3,21,1,1
2351_aug_4,20,1,1
2351_aug_5,20,1,1
2351_aug_6,19,1,1
2352,0,0,1
2352_aug_1,0,0,1
2352_aug_2,0,0,1
2352_aug_3,0,0,1
2352_aug_4,0,0,1
2352_aug_5,0,0,1
2352_aug_6,0,0,1
2353,14,1,1
2353_aug_1,20,1,1
2353_aug_2,17,1,1
2353_aug_3,16,1,1
2353_aug_4,22,1,1
2353_aug_5,16,1,1
2353_aug_6,20,1,1
2354,16,1,1
2354_aug_1,16,1,1
2354_aug_2,22,1,1
2354_aug_3,22,1,1
2354_aug_4,26,1,1
2354_aug_5,22,1,1
2354_aug_6,24,1,1
2355,46,1,1
2355_aug_1,55,1,1
2355_aug_2,54,1,1
2355_aug_3,51,1,1
2355_aug_4,50,1,1
2355_aug_5,53,1,1
2355_aug_6,59,1,1
2356,17,1,1
2356_aug_1,20,1,1
2356_aug_2,21,1,1
2356_aug_3,20,1,1
2356_aug_4,21,1,1
2356_aug_5,24,1,1
2356_aug_6,21,1,1
2358,21,1,1
2358_aug_1,26,1,1
2358_aug_2,24,1,1
2358_aug_3,26,1,1
2358_aug_4,30,1,1
2358_aug_5,27,1,1
2358_aug_6,30,1,1
2361,21,1,1
2361_aug_1,23,1,1
2361_aug_2,24,1,1
2361_aug_3,26,1,1
2361_aug_4,25,1,1
2361_aug_5,28,1,1
2361_aug_6,25,1,1
2362,18,1,1
2362_aug_1,24,1,1
2362_aug_2,25,1,1
2362_aug_3,21,1,1
2362_aug_4,22,1,1
2362_aug_5,25,1,1
2362_aug_6,18,1,1
2363,19,1,1
2363_aug_1,21,1,1
2363_aug_2,19,1,1
2363_aug_3,24,1,1
2363_aug_4,28,1,1
2363_aug_5,23,1,1
2363_aug_6,23,1,1
2364,17,1,1
2364_aug_1,21,1,1
2364_aug_2,21,1,1
2364_aug_3,18,1,1
2364_aug_4,18,1,1
2364_aug_5,20,1,1
2364_aug_6,23,1,1
2366,0,0,1
2366_aug_1,0,0,1
2366_aug_2,0,0,1
2366_aug_3,0,0,1
2366_aug_4,0,0,1
2366_aug_5,0,0,1
2366_aug_6,0,0,1
2367,17,1,1
2367_aug_1,24,1,1
2367_aug_2,17,1,1
2367_aug_3,20,1,1
2367_aug_4,18,1,1
2367_aug_5,18,1,1
2367_aug_6,24,1,1
2368,15,1,1
2368_aug_1,18,1,1
2368_aug_2,17,1,1
2368_aug_3,16,1,1
2368_aug_4,17,1,1
2368_aug_5,16,1,1
2368_aug_6,17,1,1
2373,28,1,1
2373_aug_1,29,1,1
2373_aug_2,31,1,1
2373_aug_3,33,1,1
2373_aug_4,33,1,1
2373_aug_5,33,1,1
2373_aug_6,30,1,1
2374,0,0,1
2374_aug_1,0,0,1
2374_aug_2,0,0,1
2374_aug_3,0,0,1
2374_aug_4,0,0,1
2374_aug_5,0,0,1
2374_aug_6,0,0,1
2375,26,1,1
2375_aug_1,30,1,1
2375_aug_2,27,1,1
2375_aug_3,26,1,1
2375_aug_4,34,1,1
2375_aug_5,32,1,1
2375_aug_6,33,1,1
2381,17,1,1
2381_aug_1,17,1,1
2381_aug_2,19,1,1
2381_aug_3,17,1,1
2381_aug_4,19,1,1
2381_aug_5,20,1,1
2381_aug_6,17,1,1
2382,18,1,1
2382_aug_1,22,1,1
2382_aug_2,23,1,1
2382_aug_3,20,1,1
2382_aug_4,21,1,1
2382_aug_5,19,1,1
2382_aug_6,24,1,1
2383,22,1,1
2383_aug_1,25,1,1
2383_aug_2,24,1,1
2383_aug_3,26,1,1
2383_aug_4,24,1,1
2383_aug_5,25,1,1
2383_aug_6,23,1,1
2385,0,0,1
2385_aug_1,0,0,1
2385_aug_2,0,0,1
2385_aug_3,0,0,1
2385_aug_4,0,0,1
2385_aug_5,0,0,1
2385_aug_6,0,0,1
2387,38,1,1
2387_aug_1,42,1,1
2387_aug_2,41,1,1
2387_aug_3,43,1,1
2387_aug_4,43,1,1
2387_aug_5,43,1,1
2387_aug_6,42,1,1
2388,14,1,1
2388_aug_1,17,1,1
2388_aug_2,20,1,1
2388_aug_3,16,1,1
2388_aug_4,20,1,1
2388_aug_5,19,1,1
2388_aug_6,20,1,1
2389,25,1,1
2389_aug_1,29,1,1
2389_aug_2,29,1,1
2389_aug_3,30,1,1
2389_aug_4,27,1,1
2389_aug_5,30,1,1
2389_aug_6,28,1,1
2390,34,1,1
2390_aug_1,36,1,1
2390_aug_2,35,1,1
2390_aug_3,34,1,1
2390_aug_4,35,1,1
2390_aug_5,38,1,1
2390_aug_6,35,1,1
2391,18,1,1
2391_aug_1,23,1,1
2391_aug_2,21,1,1
2391_aug_3,21,1,1
2391_aug_4,24,1,1
2391_aug_5,20,1,1
2391_aug_6,21,1,1
2392,19,1,1
2392_aug_1,20,1,1
2392_aug_2,21,1,1
2392_aug_3,26,1,1
2392_aug_4,26,1,1
2392_aug_5,22,1,1
2392_aug_6,23,1,1
2394,22,1,1
2394_aug_1,25,1,1
2394_aug_2,23,1,1
2394_aug_3,26,1,1
2394_aug_4,26,1,1
2394_aug_5,24,1,1
2394_aug_6,31,1,1
2395,7,1,1
2395_aug_1,7,1,1
2395_aug_2,10,1,1
2395_aug_3,10,1,1
2395_aug_4,9,1,1
2395_aug_5,8,1,1
2395_aug_6,11,1,1
2397,19,1,1
2397_aug_1,21,1,1
2397_aug_2,24,1,1
2397_aug_3,27,1,1
2397_aug_4,24,1,1
2397_aug_5,19,1,1
2397_aug_6,22,1,1
2401,27,1,1
2401_aug_1,31,1,1
2401_aug_2,33,1,1
2401_aug_3,32,1,1
2401_aug_4,30,1,1
2401_aug_5,30,1,1
2401_aug_6,32,1,1
2402,25,1,1
2402_aug_1,29,1,1
2402_aug_2,26,1,1
2402_aug_3,28,1,1
2402_aug_4,34,1,1
2402_aug_5,29,1,1
2402_aug_6,30,1,1
2403,21,1,1
2403_aug_1,26,1,1
2403_aug_2,24,1,1
2403_aug_3,22,1,1
2403_aug_4,21,1,1
2403_aug_5,24,1,1
2403_aug_6,24,1,1
2405,0,0,1
2405_aug_1,0,0,1
2405_aug_2,0,0,1
2405_aug_3,0,0,1
2405_aug_4,0,0,1
2405_aug_5,0,0,1
2405_aug_6,0,0,1
2406,12,1,1
2406_aug_1,13,1,1
2406_aug_2,13,1,1
2406_aug_3,15,1,1
2406_aug_4,13,1,1
2406_aug_5,15,1,1
2406_aug_6,15,1,1
2407,18,1,1
2407_aug_1,25,1,1
2407_aug_2,22,1,1
2407_aug_3,19,1,1
2407_aug_4,18,1,1
2407_aug_5,27,1,1
2407_aug_6,20,1,1
2408,47,1,1
2408_aug_1,53,1,1
2408_aug_2,52,1,1
2408_aug_3,49,1,1
2408_aug_4,52,1,1
2408_aug_5,51,1,1
2408_aug_6,53,1,1
2409,31,1,1
2409_aug_1,38,1,1
2409_aug_2,37,1,1
2409_aug_3,33,1,1
2409_aug_4,36,1,1
2409_aug_5,33,1,1
2409_aug_6,34,1,1
2410,26,1,1
2410_aug_1,28,1,1
2410_aug_2,29,1,1
2410_aug_3,33,1,1
2410_aug_4,28,1,1
2410_aug_5,28,1,1
2410_aug_6,32,1,1
2412,26,1,1
2412_aug_1,30,1,1
2412_aug_2,31,1,1
2412_aug_3,29,1,1
2412_aug_4,34,1,1
2412_aug_5,30,1,1
2412_aug_6,31,1,1
2413,14,1,1
2413_aug_1,17,1,1
2413_aug_2,21,1,1
2413_aug_3,16,1,1
2413_aug_4,18,1,1
2413_aug_5,19,1,1
2413_aug_6,17,1,1
2415,35,1,1
2415_aug_1,36,1,1
2415_aug_2,37,1,1
2415_aug_3,36,1,1
2415_aug_4,35,1,1
2415_aug_5,36,1,1
2415_aug_6,37,1,1
2417,18,1,1
2417_aug_1,19,1,1
2417_aug_2,19,1,1
2417_aug_3,18,1,1
2417_aug_4,19,1,1
2417_aug_5,19,1,1
2417_aug_6,19,1,1
2419,0,0,1
2419_aug_1,0,0,1
2419_aug_2,0,0,1
2419_aug_3,0,0,1
2419_aug_4,0,0,1
2419_aug_5,0,0,1
2419_aug_6,0,0,1
2422,15,1,1
2422_aug_1,15,1,1
2422_aug_2,17,1,1
2422_aug_3,18,1,1
2422_aug_4,15,1,1
2422_aug_5,15,1,1
2422_aug_6,15,1,1
2423,7,1,1
2423_aug_1,7,1,1
2423_aug_2,7,1,1
2423_aug_3,7,1,1
2423_aug_4,7,1,1
2423_aug_5,10,1,1
2423_aug_6,7,1,1
2424,17,1,1
2424_aug_1,25,1,1
2424_aug_2,19,1,1
2424_aug_3,20,1,1
2424_aug_4,22,1,1
2424_aug_5,21,1,1
2424_aug_6,20,1,1
2425,8,1,1
2425_aug_1,9,1,1
2425_aug_2,8,1,1
2425_aug_3,9,1,1
2425_aug_4,9,1,1
2425_aug_5,9,1,1
2425_aug_6,8,1,1
2427,27,1,1
2427_aug_1,27,1,1
2427_aug_2,31,1,1
2427_aug_3,31,1,1
2427_aug_4,29,1,1
2427_aug_5,27,1,1
2427_aug_6,31,1,1
2428,47,1,1
2428_aug_1,53,1,1
2428_aug_2,50,1,1
2428_aug_3,51,1,1
2428_aug_4,49,1,1
2428_aug_5,56,1,1
2428_aug_6,50,1,1
2431,15,1,1
2431_aug_1,22,1,1
2431_aug_2,21,1,1
2431_aug_3,18,1,1
2431_aug_4,17,1,1
2431_aug_5,17,1,1
2431_aug_6,17,1,1
2432,20,1,1
2432_aug_1,24,1,1
2432_aug_2,23,1,1
2432_aug_3,25,1,1
2432_aug_4,27,1,1
2432_aug_5,25,1,1
2432_aug_6,27,1,1
2433,21,1,1
2433_aug_1,22,1,1
2433_aug_2,22,1,1
2433_aug_3,25,1,1
2433_aug_4,22,1,1
2433_aug_5,22,1,1
2433_aug_6,22,1,1
2434,10,1,1
2434_aug_1,11,1,1
2434_aug_2,11,1,1
2434_aug_3,11,1,1
2434_aug_4,11,1,1
2434_aug_5,10,1,1
2434_aug_6,10,1,1
2435,0,0,1
2435_aug_1,0,0,1
2435_aug_2,0,0,1
2435_aug_3,0,0,1
2435_aug_4,0,0,1
2435_aug_5,0,0,1
2435_aug_6,0,0,1
2436,0,0,1
2436_aug_1,0,0,1
2436_aug_2,0,0,1
2436_aug_3,0,0,1
2436_aug_4,0,0,1
2436_aug_5,0,0,1
2436_aug_6,0,0,1
2437,12,1,1
2437_aug_1,15,1,1
2437_aug_2,12,1,1
2437_aug_3,14,1,1
2437_aug_4,12,1,1
2437_aug_5,16,1,1
2437_aug_6,12,1,1
2439,15,1,1
2439_aug_1,17,1,1
2439_aug_2,19,1,1
2439_aug_3,17,1,1
2439_aug_4,20,1,1
2439_aug_5,21,1,1
2439_aug_6,16,1,1
2441,47,1,1
2441_aug_1,52,1,1
2441_aug_2,51,1,1
2441_aug_3,51,1,1
2441_aug_4,48,1,1
2441_aug_5,52,1,1
2441_aug_6,51,1,1
2442,38,1,1
2442_aug_1,39,1,1
2442_aug_2,39,1,1
2442_aug_3,39,1,1
2442_aug_4,39,1,1
2442_aug_5,40,1,1
2442_aug_6,40,1,1
2443,21,1,1
2443_aug_1,23,1,1
2443_aug_2,22,1,1
2443_aug_3,22,1,1
2443_aug_4,24,1,1
2443_aug_5,27,1,1
2443_aug_6,23,1,1
2444,21,1,1
2444_aug_1,26,1,1
2444_aug_2,28,1,1
2444_aug_3,29,1,1
2444_aug_4,27,1,1
2444_aug_5,26,1,1
2444_aug_6,22,1,1
2445,7,1,1
2445_aug_1,7,1,1
2445_aug_2,10,1,1
2445_aug_3,10,1,1
2445_aug_4,7,1,1
2445_aug_5,10,1,1
2445_aug_6,10,1,1
2447,30,1,1
2447_aug_1,34,1,1
2447_aug_2,36,1,1
2447_aug_3,32,1,1
2447_aug_4,31,1,1
2447_aug_5,35,1,1
2447_aug_6,35,1,1
2448,10,1,1
2448_aug_1,10,1,1
2448_aug_2,12,1,1
2448_aug_3,11,1,1
2448_aug_4,11,1,1
2448_aug_5,11,1,1
2448_aug_6,12,1,1
2451,41,1,1
2451_aug_1,45,1,1
2451_aug_2,47,1,1
2451_aug_3,47,1,1
2451_aug_4,48,1,1
2451_aug_5,43,1,1
2451_aug_6,46,1,1
2454,25,1,1
2454_aug_1,26,1,1
2454_aug_2,27,1,1
2454_aug_3,27,1,1
2454_aug_4,28,1,1
2454_aug_5,27,1,1
2454_aug_6,27,1,1
2455,0,0,1
2455_aug_1,0,0,1
2455_aug_2,0,0,1
2455_aug_3,0,0,1
2455_aug_4,0,0,1
2455_aug_5,0,0,1
2455_aug_6,0,0,1
2456,25,1,1
2456_aug_1,28,1,1
2456_aug_2,25,1,1
2456_aug_3,29,1,1
2456_aug_4,29,1,1
2456_aug_5,26,1,1
2456_aug_6,26,1,1
2457,16,1,1
2457_aug_1,22,1,1
2457_aug_2,16,1,1
2457_aug_3,16,1,1
2457_aug_4,16,1,1
2457_aug_5,16,1,1
2457_aug_6,16,1,1
2458,17,1,1
2458_aug_1,17,1,1
2458_aug_2,21,1,1
2458_aug_3,20,1,1
2458_aug_4,22,1,1
2458_aug_5,18,1,1
2458_aug_6,21,1,1
2459,10,1,1
2459_aug_1,14,1,1
2459_aug_2,12,1,1
2459_aug_3,13,1,1
2459_aug_4,11,1,1
2459_aug_5,12,1,1
2459_aug_6,11,1,1
2460,0,0,1
2460_aug_1,0,0,1
2460_aug_2,0,0,1
2460_aug_3,0,0,1
2460_aug_4,0,0,1
2460_aug_5,0,0,1
2460_aug_6,0,0,1
2462,21,1,1
2462_aug_1,22,1,1
2462_aug_2,24,1,1
2462_aug_3,21,1,1
2462_aug_4,24,1,1
2462_aug_5,22,1,1
2462_aug_6,24,1,1
2465,23,1,1
2465_aug_1,25,1,1
2465_aug_2,26,1,1
2465_aug_3,27,1,1
2465_aug_4,23,1,1
2465_aug_5,24,1,1
2465_aug_6,24,1,1
2467,18,1,1
2467_aug_1,19,1,1
2467_aug_2,18,1,1
2467_aug_3,19,1,1
2467_aug_4,19,1,1
2467_aug_5,19,1,1
2467_aug_6,19,1,1
2468,0,0,1
2468_aug_1,0,0,1
2468_aug_2,0,0,1
2468_aug_3,0,0,1
2468_aug_4,0,0,1
2468_aug_5,0,0,1
2468_aug_6,0,0,1
2469,26,1,1
2469_aug_1,31,1,1
2469_aug_2,31,1,1
2469_aug_3,32,1,1
2469_aug_4,30,1,1
2469_aug_5,35,1,1
2469_aug_6,32,1,1
2470,17,1,1
2470_aug_1,22,1,1
2470_aug_2,21,1,1
2470_aug_3,21,1,1
2470_aug_4,24,1,1
2470_aug_5,21,1,1
2470_aug_6,24,1,1
2471,25,1,1
2471_aug_1,26,1,1
2471_aug_2,29,1,1
2471_aug_3,26,1,1
2471_aug_4,27,1,1
2471_aug_5,26,1,1
2471_aug_6,26,1,1
2474,16,1,1
2474_aug_1,16,1,1
2474_aug_2,19,1,1
2474_aug_3,18,1,1
2474_aug_4,16,1,1
2474_aug_5,16,1,1
2474_aug_6,21,1,1
2475,9,1,1
2475_aug_1,11,1,1
2475_aug_2,9,1,1
2475_aug_3,9,1,1
2475_aug_4,9,1,1
2475_aug_5,9,1,1
2475_aug_6,14,1,1
2476,22,1,1
2476_aug_1,23,1,1
2476_aug_2,28,1,1
2476_aug_3,26,1,1
2476_aug_4,23,1,1
2476_aug_5,30,1,1
2476_aug_6,23,1,1
2477,39,1,1
2477_aug_1,39,1,1
2477_aug_2,45,1,1
2477_aug_3,45,1,1
2477_aug_4,42,1,1
2477_aug_5,40,1,1
2477_aug_6,43,1,1
2478,32,1,1
2478_aug_1,36,1,1
2478_aug_2,39,1,1
2478_aug_3,35,1,1
2478_aug_4,36,1,1
2478_aug_5,36,1,1
2478_aug_6,38,1,1
2480,16,1,1
2480_aug_1,20,1,1
2480_aug_2,17,1,1
2480_aug_3,17,1,1
2480_aug_4,18,1,1
2480_aug_5,22,1,1
2480_aug_6,21,1,1
2482,0,0,1
2482_aug_1,0,0,1
2482_aug_2,0,0,1
2482_aug_3,0,0,1
2482_aug_4,0,0,1
2482_aug_5,0,0,1
2482_aug_6,0,0,1
2484,26,1,1
2484_aug_1,29,1,1
2484_aug_2,28,1,1
2484_aug_3,30,1,1
2484_aug_4,30,1,1
2484_aug_5,31,1,1
2484_aug_6,28,1,1
2486,36,1,1
2486_aug_1,45,1,1
2486_aug_2,46,1,1
2486_aug_3,45,1,1
2486_aug_4,44,1,1
2486_aug_5,47,1,1
2486_aug_6,48,1,1
2487,71,1,1
2487_aug_1,72,1,1
2487_aug_2,75,1,1
2487_aug_3,75,1,1
2487_aug_4,72,1,1
2487_aug_5,78,1,1
2487_aug_6,73,1,1
2488,0,0,1
2488_aug_1,0,0,1
2488_aug_2,0,0,1
2488_aug_3,0,0,1
2488_aug_4,0,0,1
2488_aug_5,0,0,1
2488_aug_6,0,0,1
2491,15,1,1
2491_aug_1,17,1,1
2491_aug_2,16,1,1
2491_aug_3,17,1,1
2491_aug_4,18,1,1
2491_aug_5,18,1,1
2491_aug_6,18,1,1
2492,28,1,1
2492_aug_1,32,1,1
2492_aug_2,33,1,1
2492_aug_3,30,1,1
2492_aug_4,31,1,1
2492_aug_5,29,1,1
2492_aug_6,33,1,1
2493,23,1,1
2493_aug_1,31,1,1
2493_aug_2,29,1,1
2493_aug_3,27,1,1
2493_aug_4,25,1,1
2493_aug_5,30,1,1
2493_aug_6,29,1,1
2497,0,0,1
2497_aug_1,0,0,1
2497_aug_2,0,0,1
2497_aug_3,0,0,1
2497_aug_4,0,0,1
2497_aug_5,0,0,1
2497_aug_6,0,0,1
2498,0,0,1
2498_aug_1,0,0,1
2498_aug_2,0,0,1
2498_aug_3,0,0,1
2498_aug_4,0,0,1
2498_aug_5,0,0,1
2498_aug_6,0,0,1
2501,27,1,1
2501_aug_1,33,1,1
2501_aug_2,36,1,1
2501_aug_3,27,1,1
2501_aug_4,27,1,1
2501_aug_5,31,1,1
2501_aug_6,32,1,1
2502,33,1,1
2502_aug_1,34,1,1
2502_aug_2,37,1,1
2502_aug_3,36,1,1
2502_aug_4,34,1,1
2502_aug_5,35,1,1
2502_aug_6,34,1,1
2504,18,1,1
2504_aug_1,24,1,1
2504_aug_2,24,1,1
2504_aug_3,28,1,1
2504_aug_4,22,1,1
2504_aug_5,22,1,1
2504_aug_6,20,1,1
2505,20,1,1
2505_aug_1,22,1,1
2505_aug_2,21,1,1
2505_aug_3,26,1,1
2505_aug_4,23,1,1
2505_aug_5,23,1,1
2505_aug_6,22,1,1
2506,13,1,1
2506_aug_1,16,1,1
2506_aug_2,18,1,1
2506_aug_3,20,1,1
2506_aug_4,15,1,1
2506_aug_5,20,1,1
2506_aug_6,22,1,1
2507,16,1,1
2507_aug_1,20,1,1
2507_aug_2,18,1,1
2507_aug_3,17,1,1
2507_aug_4,17,1,1
2507_aug_5,20,1,1
2507_aug_6,20,1,1
2509,15,1,1
2509_aug_1,19,1,1
2509_aug_2,16,1,1
2509_aug_3,16,1,1
2509_aug_4,16,1,1
2509_aug_5,18,1,1
2509_aug_6,19,1,1
2511,27,1,1
2511_aug_1,33,1,1
2511_aug_2,29,1,1
2511_aug_3,29,1,1
2511_aug_4,29,1,1
2511_aug_5,30,1,1
2511_aug_6,31,1,1
2512,0,0,1
2512_aug_1,0,0,1
2512_aug_2,0,0,1
2512_aug_3,0,0,1
2512_aug_4,0,0,1
2512_aug_5,0,0,1
2512_aug_6,0,0,1
2513,26,1,1
2513_aug_1,27,1,1
2513_aug_2,34,1,1
2513_aug_3,32,1,1
2513_aug_4,31,1,1
2513_aug_5,30,1,1
2513_aug_6,31,1,1
2514,23,1,1
2514_aug_1,24,1,1
2514_aug_2,23,1,1
2514_aug_3,24,1,1
2514_aug_4,27,1,1
2514_aug_5,23,1,1
2514_aug_6,30,1,1
2515,19,1,1
2515_aug_1,24,1,1
2515_aug_2,20,1,1
2515_aug_3,24,1,1
2515_aug_4,19,1,1
2515_aug_5,21,1,1
2515_aug_6,20,1,1
2516,34,1,1
2516_aug_1,37,1,1
2516_aug_2,39,1,1
2516_aug_3,38,1,1
2516_aug_4,42,1,1
2516_aug_5,36,1,1
2516_aug_6,39,1,1
2518,18,1,1
2518_aug_1,26,1,1
2518_aug_2,18,1,1
2518_aug_3,25,1,1
2518_aug_4,25,1,1
2518_aug_5,28,1,1
2518_aug_6,25,1,1
2522,27,1,1
2522_aug_1,32,1,1
2522_aug_2,34,1,1
2522_aug_3,28,1,1
2522_aug_4,30,1,1
2522_aug_5,28,1,1
2522_aug_6,33,1,1
2523,21,1,1
2523_aug_1,27,1,1
2523_aug_2,29,1,1
2523_aug_3,26,1,1
2523_aug_4,25,1,1
2523_aug_5,24,1,1
2523_aug_6,27,1,1
2524,10,1,1
2524_aug_1,10,1,1
2524_aug_2,14,1,1
2524_aug_3,10,1,1
2524_aug_4,12,1,1
2524_aug_5,10,1,1
2524_aug_6,10,1,1
2527,22,1,1
2527_aug_1,23,1,1
2527_aug_2,26,1,1
2527_aug_3,26,1,1
2527_aug_4,23,1,1
2527_aug_5,25,1,1
2527_aug_6,24,1,1
2528,7,1,1
2528_aug_1,7,1,1
2528_aug_2,7,1,1
2528_aug_3,7,1,1
2528_aug_4,7,1,1
2528_aug_5,10,1,1
2528_aug_6,7,1,1
2529,22,1,1
2529_aug_1,22,1,1
2529_aug_2,23,1,1
2529_aug_3,23,1,1
2529_aug_4,26,1,1
2529_aug_5,23,1,1
2529_aug_6,24,1,1
2530,46,1,1
2530_aug_1,50,1,1
2530_aug_2,47,1,1
2530_aug_3,51,1,1
2530_aug_4,50,1,1
2530_aug_5,47,1,1
2530_aug_6,48,1,1
2532,15,1,1
2532_aug_1,15,1,1
2532_aug_2,15,1,1
2532_aug_3,15,1,1
2532_aug_4,16,1,1
2532_aug_5,15,1,1
2532_aug_6,15,1,1
2533,23,1,1
2533_aug_1,28,1,1
2533_aug_2,30,1,1
2533_aug_3,26,1,1
2533_aug_4,30,1,1
2533_aug_5,26,1,1
2533_aug_6,26,1,1
2536,26,1,1
2536_aug_1,31,1,1
2536_aug_2,31,1,1
2536_aug_3,27,1,1
2536_aug_4,28,1,1
2536_aug_5,26,1,1
2536_aug_6,26,1,1
2537,35,1,1
2537_aug_1,42,1,1
2537_aug_2,37,1,1
2537_aug_3,39,1,1
2537_aug_4,40,1,1
2537_aug_5,46,1,1
2537_aug_6,40,1,1
2538,18,1,1
2538_aug_1,18,1,1
2538_aug_2,21,1,1
2538_aug_3,20,1,1
2538_aug_4,21,1,1
2538_aug_5,19,1,1
2538_aug_6,19,1,1
2539,11,1,1
2539_aug_1,11,1,1
2539_aug_2,13,1,1
2539_aug_3,15,1,1
2539_aug_4,14,1,1
2539_aug_5,17,1,1
2539_aug_6,16,1,1
2541,26,1,1
2541_aug_1,30,1,1
2541_aug_2,31,1,1
2541_aug_3,30,1,1
2541_aug_4,31,1,1
2541_aug_5,30,1,1
2541_aug_6,32,1,1
2542,29,1,1
2542_aug_1,36,1,1
2542_aug_2,33,1,1
2542_aug_3,31,1,1
2542_aug_4,29,1,1
2542_aug_5,31,1,1
2542_aug_6,34,1,1
2543,0,0,1
2543_aug_1,0,0,1
2543_aug_2,0,0,1
2543_aug_3,0,0,1
2543_aug_4,0,0,1
2543_aug_5,0,0,1
2543_aug_6,0,0,1
2544,28,1,1
2544_aug_1,33,1,1
2544_aug_2,29,1,1
2544_aug_3,32,1,1
2544_aug_4,31,1,1
2544_aug_5,32,1,1
2544_aug_6,35,1,1
2545,21,1,1
2545_aug_1,25,1,1
2545_aug_2,25,1,1
2545_aug_3,26,1,1
2545_aug_4,25,1,1
2545_aug_5,27,1,1
2545_aug_6,21,1,1
2546,21,1,1
2546_aug_1,24,1,1
2546_aug_2,25,1,1
2546_aug_3,23,1,1
2546_aug_4,24,1,1
2546_aug_5,24,1,1
2546_aug_6,28,1,1
2547,24,1,1
2547_aug_1,30,1,1
2547_aug_2,25,1,1
2547_aug_3,31,1,1
2547_aug_4,27,1,1
2547_aug_5,26,1,1
2547_aug_6,27,1,1
2548,0,0,1
2548_aug_1,0,0,1
2548_aug_2,0,0,1
2548_aug_3,0,0,1
2548_aug_4,0,0,1
2548_aug_5,0,0,1
2548_aug_6,0,0,1
2551,14,1,1
2551_aug_1,18,1,1
2551_aug_2,19,1,1
2551_aug_3,16,1,1
2551_aug_4,17,1,1
2551_aug_5,15,1,1
2551_aug_6,20,1,1
2552,16,1,1
2552_aug_1,19,1,1
2552_aug_2,18,1,1
2552_aug_3,17,1,1
2552_aug_4,20,1,1
2552_aug_5,19,1,1
2552_aug_6,18,1,1
2553,32,1,1
2553_aug_1,34,1,1
2553_aug_2,40,1,1
2553_aug_3,34,1,1
2553_aug_4,42,1,1
2553_aug_5,39,1,1
2553_aug_6,35,1,1
2554,21,1,1
2554_aug_1,26,1,1
2554_aug_2,26,1,1
2554_aug_3,26,1,1
2554_aug_4,27,1,1
2554_aug_5,28,1,1
2554_aug_6,24,1,1
2555,24,1,1
2555_aug_1,34,1,1
2555_aug_2,30,1,1
2555_aug_3,29,1,1
2555_aug_4,26,1,1
2555_aug_5,28,1,1
2555_aug_6,30,1,1
2557,0,0,1
2557_aug_1,0,0,1
2557_aug_2,0,0,1
2557_aug_3,0,0,1
2557_aug_4,0,0,1
2557_aug_5,0,0,1
2557_aug_6,0,0,1
2558,17,1,1
2558_aug_1,20,1,1
2558_aug_2,21,1,1
2558_aug_3,18,1,1
2558_aug_4,23,1,1
2558_aug_5,22,1,1
2558_aug_6,19,1,1
2559,18,1,1
2559_aug_1,20,1,1
2559_aug_2,20,1,1
2559_aug_3,19,1,1
2559_aug_4,21,1,1
2559_aug_5,20,1,1
2559_aug_6,22,1,1
2563,20,1,1
2563_aug_1,27,1,1
2563_aug_2,26,1,1
2563_aug_3,22,1,1
2563_aug_4,26,1,1
2563_aug_5,26,1,1
2563_aug_6,22,1,1
2565,18,1,1
2565_aug_1,20,1,1
2565_aug_2,18,1,1
2565_aug_3,19,1,1
2565_aug_4,19,1,1
2565_aug_5,22,1,1
2565_aug_6,22,1,1
2566,0,0,1
2566_aug_1,0,0,1
2566_aug_2,0,0,1
2566_aug_3,0,0,1
2566_aug_4,0,0,1
2566_aug_5,0,0,1
2566_aug_6,0,0,1
2568,26,1,1
2568_aug_1,29,1,1
2568_aug_2,33,1,1
2568_aug_3,29,1,1
2568_aug_4,30,1,1
2568_aug_5,31,1,1
2568_aug_6,30,1,1
2569,36,1,1
2569_aug_1,40,1,1
2569_aug_2,41,1,1
2569_aug_3,42,1,1
2569_aug_4,38,1,1
2569_aug_5,39,1,1
2569_aug_6,37,1,1
2570,38,1,1
2570_aug_1,42,1,1
2570_aug_2,38,1,1
2570_aug_3,41,1,1
2570_aug_4,42,1,1
2570_aug_5,42,1,1
2570_aug_6,43,1,1
2572,19,1,1
2572_aug_1,19,1,1
2572_aug_2,25,1,1
2572_aug_3,22,1,1
2572_aug_4,23,1,1
2572_aug_5,20,1,1
2572_aug_6,20,1,1
2574,0,0,1
2574_aug_1,0,0,1
2574_aug_2,0,0,1
2574_aug_3,0,0,1
2574_aug_4,0,0,1
2574_aug_5,0,0,1
2574_aug_6,0,0,1
2575,11,1,1
2575_aug_1,13,1,1
2575_aug_2,16,1,1
2575_aug_3,13,1,1
2575_aug_4,12,1,1
2575_aug_5,15,1,1
2575_aug_6,14,1,1
2577,18,1,1
2577_aug_1,19,1,1
2577_aug_2,22,1,1
2577_aug_3,25,1,1
2577_aug_4,22,1,1
2577_aug_5,24,1,1
2577_aug_6,22,1,1
2578,36,1,1
2578_aug_1,44,1,1
2578_aug_2,41,1,1
2578_aug_3,40,1,1
2578_aug_4,43,1,1
2578_aug_5,41,1,1
2578_aug_6,43,1,1
2579,13,1,1
2579_aug_1,13,1,1
2579_aug_2,13,1,1
2579_aug_3,15,1,1
2579_aug_4,15,1,1
2579_aug_5,16,1,1
2579_aug_6,15,1,1
2580,19,1,1
2580_aug_1,23,1,1
2580_aug_2,24,1,1
2580_aug_3,23,1,1
2580_aug_4,23,1,1
2580_aug_5,20,1,1
2580_aug_6,22,1,1
2581,36,1,1
2581_aug_1,42,1,1
2581_aug_2,40,1,1
2581_aug_3,46,1,1
2581_aug_4,43,1,1
2581_aug_5,43,1,1
2581_aug_6,45,1,1
2583,7,1,1
2583_aug_1,10,1,1
2583_aug_2,11,1,1
2583_aug_3,7,1,1
2583_aug_4,7,1,1
2583_aug_5,7,1,1
2583_aug_6,9,1,1
2584,25,1,1
2584_aug_1,28,1,1
2584_aug_2,30,1,1
2584_aug_3,29,1,1
2584_aug_4,31,1,1
2584_aug_5,30,1,1
2584_aug_6,28,1,1
2585,41,1,1
2585_aug_1,51,1,1
2585_aug_2,45,1,1
2585_aug_3,48,1,1
2585_aug_4,50,1,1
2585_aug_5,44,1,1
2585_aug_6,46,1,1
2589,28,1,1
2589_aug_1,28,1,1
2589_aug_2,35,1,1
2589_aug_3,34,1,1
2589_aug_4,33,1,1
2589_aug_5,33,1,1
2589_aug_6,33,1,1
2591,19,1,1
2591_aug_1,22,1,1
2591_aug_2,23,1,1
2591_aug_3,21,1,1
2591_aug_4,25,1,1
2591_aug_5,26,1,1
2591_aug_6,24,1,1
2592,12,1,1
2592_aug_1,15,1,1
2592_aug_2,18,1,1
2592_aug_3,22,1,1
2592_aug_4,12,1,1
2592_aug_5,15,1,1
2592_aug_6,16,1,1
2594,42,1,1
2594_aug_1,48,1,1
2594_aug_2,50,1,1
2594_aug_3,47,1,1
2594_aug_4,54,1,1
2594_aug_5,47,1,1
2594_aug_6,55,1,1
2596,20,1,1
2596_aug_1,26,1,1
2596_aug_2,23,1,1
2596_aug_3,24,1,1
2596_aug_4,24,1,1
2596_aug_5,23,1,1
2596_aug_6,25,1,1
2599,28,1,1
2599_aug_1,34,1,1
2599_aug_2,31,1,1
2599_aug_3,31,1,1
2599_aug_4,36,1,1
2599_aug_5,33,1,1
2599_aug_6,30,1,1
2604,0,0,1
2604_aug_1,0,0,1
2604_aug_2,0,0,1
2604_aug_3,0,0,1
2604_aug_4,0,0,1
2604_aug_5,0,0,1
2604_aug_6,0,0,1
2605,23,1,1
2605_aug_1,24,1,1
2605_aug_2,25,1,1
2605_aug_3,25,1,1
2605_aug_4,24,1,1
2605_aug_5,28,1,1
2605_aug_6,27,1,1
2607,0,0,1
2607_aug_1,0,0,1
2607_aug_2,0,0,1
2607_aug_3,0,0,1
2607_aug_4,0,0,1
2607_aug_5,0,0,1
2607_aug_6,0,0,1
2608,12,1,1
2608_aug_1,14,1,1
2608_aug_2,13,1,1
2608_aug_3,15,1,1
2608_aug_4,15,1,1
2608_aug_5,12,1,1
2608_aug_6,13,1,1
2609,0,0,1
2609_aug_1,0,0,1
2609_aug_2,0,0,1
2609_aug_3,0,0,1
2609_aug_4,0,0,1
2609_aug_5,0,0,1
2609_aug_6,0,0,1
2610,21,1,1
2610_aug_1,26,1,1
2610_aug_2,23,1,1
2610_aug_3,24,1,1
2610_aug_4,27,1,1
2610_aug_5,25,1,1
2610_aug_6,23,1,1
2611,14,1,1
2611_aug_1,18,1,1
2611_aug_2,18,1,1
2611_aug_3,14,1,1
2611_aug_4,19,1,1
2611_aug_5,14,1,1
2611_aug_6,18,1,1
2612,20,1,1
2612_aug_1,23,1,1
2612_aug_2,22,1,1
2612_aug_3,26,1,1
2612_aug_4,24,1,1
2612_aug_5,24,1,1
2612_aug_6,22,1,1
2613,0,0,1
2613_aug_1,0,0,1
2613_aug_2,0,0,1
2613_aug_3,0,0,1
2613_aug_4,0,0,1
2613_aug_5,0,0,1
2613_aug_6,0,0,1
2614,23,1,1
2614_aug_1,29,1,1
2614_aug_2,27,1,1
2614_aug_3,28,1,1
2614_aug_4,24,1,1
2614_aug_5,25,1,1
2614_aug_6,25,1,1
2615,29,1,1
2615_aug_1,29,1,1
2615_aug_2,29,1,1
2615_aug_3,32,1,1
2615_aug_4,31,1,1
2615_aug_5,32,1,1
2615_aug_6,29,1,1
2617,20,1,1
2617_aug_1,23,1,1
2617_aug_2,21,1,1
2617_aug_3,21,1,1
2617_aug_4,24,1,1
2617_aug_5,23,1,1
2617_aug_6,26,1,1
2618,13,1,1
2618_aug_1,15,1,1
2618_aug_2,14,1,1
2618_aug_3,15,1,1
2618_aug_4,14,1,1
2618_aug_5,13,1,1
2618_aug_6,14,1,1
2619,0,0,1
2619_aug_1,0,0,1
2619_aug_2,0,0,1
2619_aug_3,0,0,1
2619_aug_4,0,0,1
2619_aug_5,0,0,1
2619_aug_6,0,0,1
2620,23,1,1
2620_aug_1,25,1,1
2620_aug_2,25,1,1
2620_aug_3,26,1,1
2620_aug_4,29,1,1
2620_aug_5,27,1,1
2620_aug_6,27,1,1
2621,6,1,1
2621_aug_1,6,1,1
2621_aug_2,6,1,1
2621_aug_3,7,1,1
2621_aug_4,8,1,1
2621_aug_5,6,1,1
2621_aug_6,6,1,1
2622,18,1,1
2622_aug_1,22,1,1
2622_aug_2,24,1,1
2622_aug_3,23,1,1
2622_aug_4,20,1,1
2622_aug_5,22,1,1
2622_aug_6,19,1,1
2623,20,1,1
2623_aug_1,22,1,1
2623_aug_2,22,1,1
2623_aug_3,20,1,1
2623_aug_4,22,1,1
2623_aug_5,27,1,1
2623_aug_6,23,1,1
2624,20,1,1
2624_aug_1,21,1,1
2624_aug_2,22,1,1
2624_aug_3,24,1,1
2624_aug_4,26,1,1
2624_aug_5,27,1,1
2624_aug_6,25,1,1
2625,15,1,1
2625_aug_1,19,1,1
2625_aug_2,21,1,1
2625_aug_3,19,1,1
2625_aug_4,18,1,1
2625_aug_5,20,1,1
2625_aug_6,21,1,1
2626,0,0,1
2626_aug_1,0,0,1
2626_aug_2,0,0,1
2626_aug_3,0,0,1
2626_aug_4,0,0,1
2626_aug_5,0,0,1
2626_aug_6,0,0,1
2627,26,1,1
2627_aug_1,27,1,1
2627_aug_2,30,1,1
2627_aug_3,28,1,1
2627_aug_4,32,1,1
2627_aug_5,30,1,1
2627_aug_6,28,1,1
2628,38,1,1
2628_aug_1,43,1,1
2628_aug_2,43,1,1
2628_aug_3,45,1,1
2628_aug_4,43,1,1
2628_aug_5,43,1,1
2628_aug_6,44,1,1
2629,10,1,1
2629_aug_1,14,1,1
2629_aug_2,13,1,1
2629_aug_3,10,1,1
2629_aug_4,17,1,1
2629_aug_5,10,1,1
2629_aug_6,15,1,1
2631,25,1,1
2631_aug_1,28,1,1
2631_aug_2,29,1,1
2631_aug_3,26,1,1
2631_aug_4,28,1,1
2631_aug_5,29,1,1
2631_aug_6,29,1,1
2632,25,1,1
2632_aug_1,34,1,1
2632_aug_2,26,1,1
2632_aug_3,28,1,1
2632_aug_4,29,1,1
2632_aug_5,28,1,1
2632_aug_6,28,1,1
2633,33,1,1
2633_aug_1,37,1,1
2633_aug_2,34,1,1
2633_aug_3,37,1,1
2633_aug_4,36,1,1
2633_aug_5,36,1,1
2633_aug_6,36,1,1
2637,24,1,1
2637_aug_1,25,1,1
2637_aug_2,24,1,1
2637_aug_3,26,1,1
2637_aug_4,25,1,1
2637_aug_5,24,1,1
2637_aug_6,24,1,1
2638,25,1,1
2638_aug_1,25,1,1
2638_aug_2,25,1,1
2638_aug_3,30,1,1
2638_aug_4,25,1,1
2638_aug_5,29,1,1
2638_aug_6,26,1,1
2639,25,1,1
2639_aug_1,27,1,1
2639_aug_2,27,1,1
2639_aug_3,29,1,1
2639_aug_4,27,1,1
2639_aug_5,27,1,1
2639_aug_6,31,1,1
2640,22,1,1
2640_aug_1,23,1,1
2640_aug_2,23,1,1
2640_aug_3,26,1,1
2640_aug_4,24,1,1
2640_aug_5,24,1,1
2640_aug_6,25,1,1
2646,26,1,1
2646_aug_1,28,1,1
2646_aug_2,30,1,1
2646_aug_3,28,1,1
2646_aug_4,29,1,1
2646_aug_5,34,1,1
2646_aug_6,29,1,1
2647,24,1,1
2647_aug_1,27,1,1
2647_aug_2,26,1,1
2647_aug_3,29,1,1
2647_aug_4,29,1,1
2647_aug_5,27,1,1
2647_aug_6,32,1,1
2651,16,1,1
2651_aug_1,19,1,1
2651_aug_2,17,1,1
2651_aug_3,18,1,1
2651_aug_4,19,1,1
2651_aug_5,23,1,1
2651_aug_6,19,1,1
2652,21,1,1
2652_aug_1,24,1,1
2652_aug_2,25,1,1
2652_aug_3,23,1,1
2652_aug_4,22,1,1
2652_aug_5,22,1,1
2652_aug_6,21,1,1
2653,28,1,1
2653_aug_1,29,1,1
2653_aug_2,33,1,1
2653_aug_3,35,1,1
2653_aug_4,32,1,1
2653_aug_5,37,1,1
2653_aug_6,37,1,1
2654,9,1,1
2654_aug_1,9,1,1
2654_aug_2,11,1,1
2654_aug_3,10,1,1
2654_aug_4,9,1,1
2654_aug_5,9,1,1
2654_aug_6,10,1,1
2655,17,1,1
2655_aug_1,17,1,1
2655_aug_2,19,1,1
2655_aug_3,23,1,1
2655_aug_4,19,1,1
2655_aug_5,17,1,1
2655_aug_6,24,1,1
2657,0,0,1
2657_aug_1,0,0,1
2657_aug_2,0,0,1
2657_aug_3,0,0,1
2657_aug_4,0,0,1
2657_aug_5,0,0,1
2657_aug_6,0,0,1
2660,14,1,1
2660_aug_1,15,1,1
2660_aug_2,22,1,1
2660_aug_3,16,1,1
2660_aug_4,18,1,1
2660_aug_5,17,1,1
2660_aug_6,19,1,1
2661,16,1,1
2661_aug_1,18,1,1
2661_aug_2,17,1,1
2661_aug_3,17,1,1
2661_aug_4,19,1,1
2661_aug_5,19,1,1
2661_aug_6,16,1,1
2665,19,1,1
2665_aug_1,24,1,1
2665_aug_2,23,1,1
2665_aug_3,21,1,1
2665_aug_4,25,1,1
2665_aug_5,25,1,1
2665_aug_6,25,1,1
2666,0,0,1
2666_aug_1,0,0,1
2666_aug_2,0,0,1
2666_aug_3,0,0,1
2666_aug_4,0,0,1
2666_aug_5,0,0,1
2666_aug_6,0,0,1
2667,13,1,1
2667_aug_1,16,1,1
2667_aug_2,16,1,1
2667_aug_3,20,1,1
2667_aug_4,14,1,1
2667_aug_5,16,1,1
2667_aug_6,17,1,1
2670,28,1,1
2670_aug_1,30,1,1
2670_aug_2,29,1,1
2670_aug_3,29,1,1
2670_aug_4,30,1,1
2670_aug_5,28,1,1
2670_aug_6,31,1,1
2671,0,0,1
2671_aug_1,0,0,1
2671_aug_2,0,0,1
2671_aug_3,0,0,1
2671_aug_4,0,0,1
2671_aug_5,0,0,1
2671_aug_6,0,0,1
2672,10,1,1
2672_aug_1,12,1,1
2672_aug_2,12,1,1
2672_aug_3,13,1,1
2672_aug_4,10,1,1
2672_aug_5,13,1,1
2672_aug_6,12,1,1
2673,12,1,1
2673_aug_1,12,1,1
2673_aug_2,12,1,1
2673_aug_3,12,1,1
2673_aug_4,12,1,1
2673_aug_5,12,1,1
2673_aug_6,12,1,1
2674,0,0,1
2674_aug_1,0,0,1
2674_aug_2,0,0,1
2674_aug_3,0,0,1
2674_aug_4,0,0,1
2674_aug_5,0,0,1
2674_aug_6,0,0,1
2676,33,1,1
2676_aug_1,35,1,1
2676_aug_2,34,1,1
2676_aug_3,35,1,1
2676_aug_4,36,1,1
2676_aug_5,36,1,1
2676_aug_6,34,1,1
2677,26,1,1
2677_aug_1,29,1,1
2677_aug_2,30,1,1
2677_aug_3,27,1,1
2677_aug_4,30,1,1
2677_aug_5,31,1,1
2677_aug_6,30,1,1
2679,0,0,1
2679_aug_1,0,0,1
2679_aug_2,0,0,1
2679_aug_3,0,0,1
2679_aug_4,0,0,1
2679_aug_5,0,0,1
2679_aug_6,0,0,1
2680,12,1,1
2680_aug_1,17,1,1
2680_aug_2,15,1,1
2680_aug_3,20,1,1
2680_aug_4,15,1,1
2680_aug_5,22,1,1
2680_aug_6,18,1,1
2681,31,1,1
2681_aug_1,33,1,1
2681_aug_2,34,1,1
2681_aug_3,35,1,1
2681_aug_4,36,1,1
2681_aug_5,36,1,1
2681_aug_6,35,1,1
2683,14,1,1
2683_aug_1,15,1,1
2683_aug_2,15,1,1
2683_aug_3,18,1,1
2683_aug_4,19,1,1
2683_aug_5,19,1,1
2683_aug_6,19,1,1
2684,36,1,1
2684_aug_1,38,1,1
2684_aug_2,41,1,1
2684_aug_3,43,1,1
2684_aug_4,45,1,1
2684_aug_5,39,1,1
2684_aug_6,43,1,1
2685,15,1,1
2685_aug_1,15,1,1
2685_aug_2,18,1,1
2685_aug_3,19,1,1
2685_aug_4,16,1,1
2685_aug_5,20,1,1
2685_aug_6,16,1,1
2686,12,1,1
2686_aug_1,17,1,1
2686_aug_2,14,1,1
2686_aug_3,15,1,1
2686_aug_4,14,1,1
2686_aug_5,13,1,1
2686_aug_6,15,1,1
2687,31,1,1
2687_aug_1,33,1,1
2687_aug_2,32,1,1
2687_aug_3,35,1,1
2687_aug_4,37,1,1
2687_aug_5,37,1,1
2687_aug_6,33,1,1
2688,28,1,1
2688_aug_1,32,1,1
2688_aug_2,30,1,1
2688_aug_3,30,1,1
2688_aug_4,33,1,1
2688_aug_5,30,1,1
2688_aug_6,30,1,1
2690,22,1,1
2690_aug_1,24,1,1
2690_aug_2,29,1,1
2690_aug_3,25,1,1
2690_aug_4,28,1,1
2690_aug_5,23,1,1
2690_aug_6,27,1,1
2691,0,0,1
2691_aug_1,0,0,1
2691_aug_2,0,0,1
2691_aug_3,0,0,1
2691_aug_4,0,0,1
2691_aug_5,0,0,1
2691_aug_6,0,0,1
2692,0,0,1
2692_aug_1,0,0,1
2692_aug_2,0,0,1
2692_aug_3,0,0,1
2692_aug_4,0,0,1
2692_aug_5,0,0,1
2692_aug_6,0,0,1
2693,19,1,1
2693_aug_1,24,1,1
2693_aug_2,21,1,1
2693_aug_3,21,1,1
2693_aug_4,23,1,1
2693_aug_5,22,1,1
2693_aug_6,25,1,1
2694,12,1,1
2694_aug_1,13,1,1
2694_aug_2,16,1,1
2694_aug_3,13,1,1
2694_aug_4,18,1,1
2694_aug_5,17,1,1
2694_aug_6,18,1,1
2695,13,1,1
2695_aug_1,16,1,1
2695_aug_2,15,1,1
2695_aug_3,15,1,1
2695_aug_4,15,1,1
2695_aug_5,14,1,1
2695_aug_6,15,1,1
2698,12,1,1
2698_aug_1,17,1,1
2698_aug_2,14,1,1
2698_aug_3,14,1,1
2698_aug_4,12,1,1
2698_aug_5,15,1,1
2698_aug_6,15,1,1
2700,14,1,1
2700_aug_1,14,1,1
2700_aug_2,14,1,1
2700_aug_3,14,1,1
2700_aug_4,14,1,1
2700_aug_5,16,1,1
2700_aug_6,19,1,1
2701,9,1,1
2701_aug_1,9,1,1
2701_aug_2,9,1,1
2701_aug_3,11,1,1
2701_aug_4,9,1,1
2701_aug_5,9,1,1
2701_aug_6,11,1,1
2704,46,1,1
2704_aug_1,49,1,1
2704_aug_2,48,1,1
2704_aug_3,52,1,1
2704_aug_4,48,1,1
2704_aug_5,48,1,1
2704_aug_6,49,1,1
2705,0,0,1
2705_aug_1,0,0,1
2705_aug_2,0,0,1
2705_aug_3,0,0,1
2705_aug_4,0,0,1
2705_aug_5,0,0,1
2705_aug_6,0,0,1
2706,13,1,1
2706_aug_1,19,1,1
2706_aug_2,16,1,1
2706_aug_3,17,1,1
2706_aug_4,14,1,1
2706_aug_5,17,1,1
2706_aug_6,20,1,1
2709,21,1,1
2709_aug_1,28,1,1
2709_aug_2,32,1,1
2709_aug_3,26,1,1
2709_aug_4,25,1,1
2709_aug_5,25,1,1
2709_aug_6,31,1,1
2712,0,0,1
2712_aug_1,0,0,1
2712_aug_2,0,0,1
2712_aug_3,0,0,1
2712_aug_4,0,0,1
2712_aug_5,0,0,1
2712_aug_6,0,0,1
2713,24,1,1
2713_aug_1,28,1,1
2713_aug_2,25,1,1
2713_aug_3,28,1,1
2713_aug_4,29,1,1
2713_aug_5,32,1,1
2713_aug_6,27,1,1
2714,0,0,1
2714_aug_1,0,0,1
2714_aug_2,0,0,1
2714_aug_3,0,0,1
2714_aug_4,0,0,1
2714_aug_5,0,0,1
2714_aug_6,0,0,1
2715,30,1,1
2715_aug_1,35,1,1
2715_aug_2,38,1,1
2715_aug_3,34,1,1
2715_aug_4,36,1,1
2715_aug_5,32,1,1
2715_aug_6,39,1,1
2717,7,1,1
2717_aug_1,7,1,1
2717_aug_2,10,1,1
2717_aug_3,11,1,1
2717_aug_4,9,1,1
2717_aug_5,8,1,1
2717_aug_6,7,1,1
2718,28,1,1
2718_aug_1,32,1,1
2718_aug_2,33,1,1
2718_aug_3,31,1,1
2718_aug_4,34,1,1
2718_aug_5,32,1,1
2718_aug_6,28,1,1
2719,35,1,1
2719_aug_1,37,1,1
2719_aug_2,37,1,1
2719_aug_3,38,1,1
2719_aug_4,37,1,1
2719_aug_5,41,1,1
2719_aug_6,37,1,1
2720,6,1,1
2720_aug_1,8,1,1
2720_aug_2,6,1,1
2720_aug_3,6,1,1
2720_aug_4,8,1,1
2720_aug_5,9,1,1
2720_aug_6,6,1,1
2722,28,1,1
2722_aug_1,31,1,1
2722_aug_2,28,1,1
2722_aug_3,30,1,1
2722_aug_4,29,1,1
2722_aug_5,30,1,1
2722_aug_6,29,1,1
2724,15,1,1
2724_aug_1,15,1,1
2724_aug_2,15,1,1
2724_aug_3,18,1,1
2724_aug_4,17,1,1
2724_aug_5,16,1,1
2724_aug_6,18,1,1
2725,18,1,1
2725_aug_1,19,1,1
2725_aug_2,18,1,1
2725_aug_3,18,1,1
2725_aug_4,18,1,1
2725_aug_5,20,1,1
2725_aug_6,21,1,1
2726,14,1,1
2726_aug_1,18,1,1
2726_aug_2,17,1,1
2726_aug_3,17,1,1
2726_aug_4,20,1,1
2726_aug_5,20,1,1
2726_aug_6,17,1,1
2728,16,1,1
2728_aug_1,17,1,1
2728_aug_2,18,1,1
2728_aug_3,18,1,1
2728_aug_4,19,1,1
2728_aug_5,17,1,1
2728_aug_6,16,1,1
2729,43,1,1
2729_aug_1,47,1,1
2729_aug_2,48,1,1
2729_aug_3,44,1,1
2729_aug_4,46,1,1
2729_aug_5,44,1,1
2729_aug_6,47,1,1
2731,0,0,1
2731_aug_1,0,0,1
2731_aug_2,0,0,1
2731_aug_3,0,0,1
2731_aug_4,0,0,1
2731_aug_5,0,0,1
2731_aug_6,0,0,1
2733,19,1,1
2733_aug_1,20,1,1
2733_aug_2,24,1,1
2733_aug_3,20,1,1
2733_aug_4,22,1,1
2733_aug_5,20,1,1
2733_aug_6,20,1,1
2734,25,1,1
2734_aug_1,27,1,1
2734_aug_2,27,1,1
2734_aug_3,29,1,1
2734_aug_4,35,1,1
2734_aug_5,32,1,1
2734_aug_6,30,1,1
2735,6,1,1
2735_aug_1,6,1,1
2735_aug_2,8,1,1
2735_aug_3,11,1,1
2735_aug_4,6,1,1
2735_aug_5,6,1,1
2735_aug_6,8,1,1
2737,17,1,1
2737_aug_1,23,1,1
2737_aug_2,20,1,1
2737_aug_3,18,1,1
2737_aug_4,18,1,1
2737_aug_5,20,1,1
2737_aug_6,18,1,1
2738,16,1,1
2738_aug_1,18,1,1
2738_aug_2,17,1,1
2738_aug_3,17,1,1
2738_aug_4,18,1,1
2738_aug_5,24,1,1
2738_aug_6,18,1,1
2740,28,1,1
2740_aug_1,29,1,1
2740_aug_2,32,1,1
2740_aug_3,32,1,1
2740_aug_4,31,1,1
2740_aug_5,30,1,1
2740_aug_6,30,1,1
2743,24,1,1
2743_aug_1,27,1,1
2743_aug_2,25,1,1
2743_aug_3,33,1,1
2743_aug_4,28,1,1
2743_aug_5,25,1,1
2743_aug_6,31,1,1
2746,15,1,1
2746_aug_1,16,1,1
2746_aug_2,18,1,1
2746_aug_3,17,1,1
2746_aug_4,21,1,1
2746_aug_5,16,1,1
2746_aug_6,17,1,1
2747,11,1,1
2747_aug_1,16,1,1
2747_aug_2,13,1,1
2747_aug_3,13,1,1
2747_aug_4,11,1,1
2747_aug_5,14,1,1
2747_aug_6,13,1,1
2748,23,1,1
2748_aug_1,25,1,1
2748_aug_2,30,1,1
2748_aug_3,29,1,1
2748_aug_4,29,1,1
2748_aug_5,27,1,1
2748_aug_6,29,1,1
2749,16,1,1
2749_aug_1,18,1,1
2749_aug_2,21,1,1
2749_aug_3,17,1,1
2749_aug_4,20,1,1
2749_aug_5,17,1,1
2749_aug_6,17,1,1
2750,0,0,1
2750_aug_1,0,0,1
2750_aug_2,0,0,1
2750_aug_3,0,0,1
2750_aug_4,0,0,1
2750_aug_5,0,0,1
2750_aug_6,0,0,1
2751,12,1,1
2751_aug_1,14,1,1
2751_aug_2,18,1,1
2751_aug_3,13,1,1
2751_aug_4,13,1,1
2751_aug_5,16,1,1
2751_aug_6,16,1,1
2752,28,1,1
2752_aug_1,33,1,1
2752_aug_2,31,1,1
2752_aug_3,32,1,1
2752_aug_4,33,1,1
2752_aug_5,30,1,1
2752_aug_6,32,1,1
2754,11,1,1
2754_aug_1,21,1,1
2754_aug_2,15,1,1
2754_aug_3,11,1,1
2754_aug_4,14,1,1
2754_aug_5,13,1,1
2754_aug_6,11,1,1
2755,41,1,1
2755_aug_1,43,1,1
2755_aug_2,44,1,1
2755_aug_3,42,1,1
2755_aug_4,42,1,1
2755_aug_5,48,1,1
2755_aug_6,46,1,1
2756,22,1,1
2756_aug_1,26,1,1
2756_aug_2,23,1,1
2756_aug_3,24,1,1
2756_aug_4,27,1,1
2756_aug_5,24,1,1
2756_aug_6,22,1,1
2758,20,1,1
2758_aug_1,23,1,1
2758_aug_2,23,1,1
2758_aug_3,21,1,1
2758_aug_4,24,1,1
2758_aug_5,22,1,1
2758_aug_6,26,1,1
2760,14,1,1
2760_aug_1,18,1,1
2760_aug_2,20,1,1
2760_aug_3,16,1,1
2760_aug_4,17,1,1
2760_aug_5,15,1,1
2760_aug_6,19,1,1
2762,22,1,1
2762_aug_1,26,1,1
2762_aug_2,30,1,1
2762_aug_3,27,1,1
2762_aug_4,25,1,1
2762_aug_5,24,1,1
2762_aug_6,24,1,1
2763,23,1,1
2763_aug_1,25,1,1
2763_aug_2,28,1,1
2763_aug_3,26,1,1
2763_aug_4,29,1,1
2763_aug_5,27,1,1
2763_aug_6,23,1,1
2764,0,0,1
2764_aug_1,0,0,1
2764_aug_2,0,0,1
2764_aug_3,0,0,1
2764_aug_4,0,0,1
2764_aug_5,0,0,1
2764_aug_6,0,0,1
2767,13,1,1
2767_aug_1,16,1,1
2767_aug_2,13,1,1
2767_aug_3,18,1,1
2767_aug_4,18,1,1
2767_aug_5,18,1,1
2767_aug_6,14,1,1
2769,22,1,1
2769_aug_1,22,1,1
2769_aug_2,25,1,1
2769_aug_3,26,1,1
2769_aug_4,23,1,1
2769_aug_5,25,1,1
2769_aug_6,27,1,1
2770,16,1,1
2770_aug_1,19,1,1
2770_aug_2,20,1,1
2770_aug_3,19,1,1
2770_aug_4,18,1,1
2770_aug_5,20,1,1
2770_aug_6,18,1,1
2772,0,0,1
2772_aug_1,0,0,1
2772_aug_2,0,0,1
2772_aug_3,0,0,1
2772_aug_4,0,0,1
2772_aug_5,0,0,1
2772_aug_6,0,0,1
2774,16,1,1
2774_aug_1,17,1,1
2774_aug_2,17,1,1
2774_aug_3,20,1,1
2774_aug_4,21,1,1
2774_aug_5,19,1,1
2774_aug_6,19,1,1
2775,21,1,1
2775_aug_1,24,1,1
2775_aug_2,24,1,1
2775_aug_3,23,1,1
2775_aug_4,22,1,1
2775_aug_5,23,1,1
2775_aug_6,22,1,1
2776,0,0,1
2776_aug_1,0,0,1
2776_aug_2,0,0,1
2776_aug_3,0,0,1
2776_aug_4,0,0,1
2776_aug_5,0,0,1
2776_aug_6,0,0,1
2777,27,1,1
2777_aug_1,28,1,1
2777_aug_2,29,1,1
2777_aug_3,29,1,1
2777_aug_4,30,1,1
2777_aug_5,34,1,1
2777_aug_6,33,1,1
2783,39,1,1
2783_aug_1,42,1,1
2783_aug_2,41,1,1
2783_aug_3,48,1,1
2783_aug_4,40,1,1
2783_aug_5,44,1,1
2783_aug_6,42,1,1
2784,16,1,1
2784_aug_1,19,1,1
2784_aug_2,19,1,1
2784_aug_3,19,1,1
2784_aug_4,19,1,1
2784_aug_5,18,1,1
2784_aug_6,16,1,1
2786,22,1,1
2786_aug_1,22,1,1
2786_aug_2,22,1,1
2786_aug_3,23,1,1
2786_aug_4,22,1,1
2786_aug_5,24,1,1
2786_aug_6,24,1,1
2788,17,1,1
2788_aug_1,20,1,1
2788_aug_2,19,1,1
2788_aug_3,18,1,1
2788_aug_4,19,1,1
2788_aug_5,18,1,1
2788_aug_6,20,1,1
2789,34,1,1
2789_aug_1,36,1,1
2789_aug_2,35,1,1
2789_aug_3,36,1,1
2789_aug_4,37,1,1
2789_aug_5,41,1,1
2789_aug_6,34,1,1
2792,16,1,1
2792_aug_1,19,1,1
2792_aug_2,17,1,1
2792_aug_3,21,1,1
2792_aug_4,20,1,1
2792_aug_5,21,1,1
2792_aug_6,22,1,1
2793,15,1,1
2793_aug_1,15,1,1
2793_aug_2,19,1,1
2793_aug_3,15,1,1
2793_aug_4,15,1,1
2793_aug_5,18,1,1
2793_aug_6,18,1,1
2795,23,1,1
2795_aug_1,32,1,1
2795_aug_2,30,1,1
2795_aug_3,26,1,1
2795_aug_4,27,1,1
2795_aug_5,28,1,1
2795_aug_6,35,1,1
2796,11,1,1
2796_aug_1,11,1,1
2796_aug_2,16,1,1
2796_aug_3,13,1,1
2796_aug_4,12,1,1
2796_aug_5,16,1,1
2796_aug_6,15,1,1
2797,21,1,1
2797_aug_1,27,1,1
2797_aug_2,24,1,1
2797_aug_3,23,1,1
2797_aug_4,22,1,1
2797_aug_5,26,1,1
2797_aug_6,23,1,1
2798,0,0,1
2798_aug_1,0,0,1
2798_aug_2,0,0,1
2798_aug_3,0,0,1
2798_aug_4,0,0,1
2798_aug_5,0,0,1
2798_aug_6,0,0,1
2799,18,1,1
2799_aug_1,20,1,1
2799_aug_2,24,1,1
2799_aug_3,23,1,1
2799_aug_4,25,1,1
2799_aug_5,23,1,1
2799_aug_6,19,1,1
2801,0,0,1
2801_aug_1,0,0,1
2801_aug_2,0,0,1
2801_aug_3,0,0,1
2801_aug_4,0,0,1
2801_aug_5,0,0,1
2801_aug_6,0,0,1
2802,17,1,1
2802_aug_1,18,1,1
2802_aug_2,21,1,1
2802_aug_3,22,1,1
2802_aug_4,22,1,1
2802_aug_5,25,1,1
2802_aug_6,24,1,1
2803,19,1,1
2803_aug_1,19,1,1
2803_aug_2,25,1,1
2803_aug_3,25,1,1
2803_aug_4,22,1,1
2803_aug_5,23,1,1
2803_aug_6,23,1,1
2805,21,1,1
2805_aug_1,21,1,1
2805_aug_2,26,1,1
2805_aug_3,24,1,1
2805_aug_4,23,1,1
2805_aug_5,22,1,1
2805_aug_6,22,1,1
2806,8,1,1
2806_aug_1,9,1,1
2806_aug_2,9,1,1
2806_aug_3,11,1,1
2806_aug_4,11,1,1
2806_aug_5,8,1,1
2806_aug_6,14,1,1
2807,22,1,1
2807_aug_1,22,1,1
2807_aug_2,26,1,1
2807_aug_3,27,1,1
2807_aug_4,26,1,1
2807_aug_5,26,1,1
2807_aug_6,22,1,1
2808,18,1,1
2808_aug_1,21,1,1
2808_aug_2,19,1,1
2808_aug_3,18,1,1
2808_aug_4,21,1,1
2808_aug_5,21,1,1
2808_aug_6,19,1,1
2809,0,0,1
2809_aug_1,0,0,1
2809_aug_2,0,0,1
2809_aug_3,0,0,1
2809_aug_4,0,0,1
2809_aug_5,0,0,1
2809_aug_6,0,0,1
2810,21,1,1
2810_aug_1,25,1,1
2810_aug_2,21,1,1
2810_aug_3,22,1,1
2810_aug_4,21,1,1
2810_aug_5,22,1,1
2810_aug_6,23,1,1
2811,0,0,1
2811_aug_1,0,0,1
2811_aug_2,0,0,1
2811_aug_3,0,0,1
2811_aug_4,0,0,1
2811_aug_5,0,0,1
2811_aug_6,0,0,1
2812,13,1,1
2812_aug_1,15,1,1
2812_aug_2,13,1,1
2812_aug_3,13,1,1
2812_aug_4,16,1,1
2812_aug_5,13,1,1
2812_aug_6,15,1,1
2814,0,0,1
2814_aug_1,0,0,1
2814_aug_2,0,0,1
2814_aug_3,0,0,1
2814_aug_4,0,0,1
2814_aug_5,0,0,1
2814_aug_6,0,0,1
2815,11,1,1
2815_aug_1,12,1,1
2815_aug_2,11,1,1
2815_aug_3,12,1,1
2815_aug_4,14,1,1
2815_aug_5,11,1,1
2815_aug_6,17,1,1
2818,20,1,1
2818_aug_1,23,1,1
2818_aug_2,22,1,1
2818_aug_3,22,1,1
2818_aug_4,21,1,1
2818_aug_5,25,1,1
2818_aug_6,24,1,1
2820,19,1,1
2820_aug_1,25,1,1
2820_aug_2,25,1,1
2820_aug_3,23,1,1
2820_aug_4,22,1,1
2820_aug_5,27,1,1
2820_aug_6,22,1,1
2821,24,1,1
2821_aug_1,27,1,1
2821_aug_2,27,1,1
2821_aug_3,30,1,1
2821_aug_4,30,1,1
2821_aug_5,27,1,1
2821_aug_6,29,1,1
2824,26,1,1
2824_aug_1,29,1,1
2824_aug_2,27,1,1
2824_aug_3,27,1,1
2824_aug_4,26,1,1
2824_aug_5,27,1,1
2824_aug_6,26,1,1
2826,11,1,1
2826_aug_1,13,1,1
2826_aug_2,11,1,1
2826_aug_3,13,1,1
2826_aug_4,12,1,1
2826_aug_5,14,1,1
2826_aug_6,14,1,1
2827,51,1,1
2827_aug_1,55,1,1
2827_aug_2,51,1,1
2827_aug_3,59,1,1
2827_aug_4,55,1,1
2827_aug_5,53,1,1
2827_aug_6,62,1,1
2828,19,1,1
2828_aug_1,22,1,1
2828_aug_2,20,1,1
2828_aug_3,23,1,1
2828_aug_4,23,1,1
2828_aug_5,20,1,1
2828_aug_6,19,1,1
2829,10,1,1
2829_aug_1,11,1,1
2829_aug_2,12,1,1
2829_aug_3,10,1,1
2829_aug_4,11,1,1
2829_aug_5,14,1,1
2829_aug_6,13,1,1
2831,0,0,1
2831_aug_1,0,0,1
2831_aug_2,0,0,1
2831_aug_3,0,0,1
2831_aug_4,0,0,1
2831_aug_5,0,0,1
2831_aug_6,0,0,1
2832,23,1,1
2832_aug_1,26,1,1
2832_aug_2,26,1,1
2832_aug_3,28,1,1
2832_aug_4,26,1,1
2832_aug_5,26,1,1
2832_aug_6,24,1,1
2833,25,1,1
2833_aug_1,28,1,1
2833_aug_2,28,1,1
2833_aug_3,32,1,1
2833_aug_4,32,1,1
2833_aug_5,27,1,1
2833_aug_6,32,1,1
2835,16,1,1
2835_aug_1,19,1,1
2835_aug_2,16,1,1
2835_aug_3,19,1,1
2835_aug_4,21,1,1
2835_aug_5,25,1,1
2835_aug_6,19,1,1
2836,29,1,1
2836_aug_1,30,1,1
2836_aug_2,31,1,1
2836_aug_3,32,1,1
2836_aug_4,31,1,1
2836_aug_5,29,1,1
2836_aug_6,30,1,1
2837,23,1,1
2837_aug_1,26,1,1
2837_aug_2,25,1,1
2837_aug_3,27,1,1
2837_aug_4,27,1,1
2837_aug_5,28,1,1
2837_aug_6,27,1,1
2838,11,1,1
2838_aug_1,12,1,1
2838_aug_2,14,1,1
2838_aug_3,17,1,1
2838_aug_4,14,1,1
2838_aug_5,13,1,1
2838_aug_6,14,1,1
2842,22,1,1
2842_aug_1,24,1,1
2842_aug_2,24,1,1
2842_aug_3,24,1,1
2842_aug_4,27,1,1
2842_aug_5,24,1,1
2842_aug_6,22,1,1
2843,20,1,1
2843_aug_1,24,1,1
2843_aug_2,24,1,1
2843_aug_3,24,1,1
2843_aug_4,22,1,1
2843_aug_5,21,1,1
2843_aug_6,21,1,1
2847,46,1,1
2847_aug_1,48,1,1
2847_aug_2,52,1,1
2847_aug_3,50,1,1
2847_aug_4,48,1,1
2847_aug_5,51,1,1
2847_aug_6,49,1,1
2848,14,1,1
2848_aug_1,16,1,1
2848_aug_2,14,1,1
2848_aug_3,18,1,1
2848_aug_4,16,1,1
2848_aug_5,15,1,1
2848_aug_6,18,1,1
2850,0,0,1
2850_aug_1,0,0,1
2850_aug_2,0,0,1
2850_aug_3,0,0,1
2850_aug_4,0,0,1
2850_aug_5,0,0,1
2850_aug_6,0,0,1
2852,21,1,1
2852_aug_1,25,1,1
2852_aug_2,25,1,1
2852_aug_3,26,1,1
2852_aug_4,25,1,1
2852_aug_5,26,1,1
2852_aug_6,28,1,1
2854,18,1,1
2854_aug_1,23,1,1
2854_aug_2,22,1,1
2854_aug_3,22,1,1
2854_aug_4,23,1,1
2854_aug_5,22,1,1
2854_aug_6,24,1,1
2855,22,1,1
2855_aug_1,23,1,1
2855_aug_2,23,1,1
2855_aug_3,23,1,1
2855_aug_4,22,1,1
2855_aug_5,24,1,1
2855_aug_6,23,1,1
2857,30,1,1
2857_aug_1,36,1,1
2857_aug_2,36,1,1
2857_aug_3,35,1,1
2857_aug_4,35,1,1
2857_aug_5,37,1,1
2857_aug_6,34,1,1
2858,15,1,1
2858_aug_1,15,1,1
2858_aug_2,18,1,1
2858_aug_3,15,1,1
2858_aug_4,15,1,1
2858_aug_5,17,1,1
2858_aug_6,15,1,1
2859,23,1,1
2859_aug_1,31,1,1
2859_aug_2,28,1,1
2859_aug_3,33,1,1
2859_aug_4,24,1,1
2859_aug_5,31,1,1
2859_aug_6,25,1,1
2860,28,1,1
2860_aug_1,29,1,1
2860_aug_2,28,1,1
2860_aug_3,30,1,1
2860_aug_4,28,1,1
2860_aug_5,32,1,1
2860_aug_6,31,1,1
2861,18,1,1
2861_aug_1,18,1,1
2861_aug_2,23,1,1
2861_aug_3,23,1,1
2861_aug_4,21,1,1
2861_aug_5,21,1,1
2861_aug_6,20,1,1
2862,25,1,1
2862_aug_1,31,1,1
2862_aug_2,25,1,1
2862_aug_3,29,1,1
2862_aug_4,29,1,1
2862_aug_5,32,1,1
2862_aug_6,29,1,1
2863,22,1,1
2863_aug_1,22,1,1
2863_aug_2,26,1,1
2863_aug_3,24,1,1
2863_aug_4,25,1,1
2863_aug_5,22,1,1
2863_aug_6,23,1,1
2864,0,0,1
2864_aug_1,0,0,1
2864_aug_2,0,0,1
2864_aug_3,0,0,1
2864_aug_4,0,0,1
2864_aug_5,0,0,1
2864_aug_6,0,0,1
2865,26,1,1
2865_aug_1,27,1,1
2865_aug_2,33,1,1
2865_aug_3,27,1,1
2865_aug_4,32,1,1
2865_aug_5,32,1,1
2865_aug_6,30,1,1
2867,42,1,1
2867_aug_1,44,1,1
2867_aug_2,44,1,1
2867_aug_3,47,1,1
2867_aug_4,43,1,1
2867_aug_5,44,1,1
2867_aug_6,45,1,1
2868,20,1,1
2868_aug_1,23,1,1
2868_aug_2,23,1,1
2868_aug_3,25,1,1
2868_aug_4,23,1,1
2868_aug_5,21,1,1
2868_aug_6,25,1,1
2870,29,1,1
2870_aug_1,36,1,1
2870_aug_2,33,1,1
2870_aug_3,33,1,1
2870_aug_4,35,1,1
2870_aug_5,32,1,1
2870_aug_6,32,1,1
2871,21,1,1
2871_aug_1,26,1,1
2871_aug_2,26,1,1
2871_aug_3,25,1,1
2871_aug_4,28,1,1
2871_aug_5,28,1,1
2871_aug_6,28,1,1
2874,31,1,1
2874_aug_1,33,1,1
2874_aug_2,37,1,1
2874_aug_3,34,1,1
2874_aug_4,35,1,1
2874_aug_5,34,1,1
2874_aug_6,31,1,1
2877,13,1,1
2877_aug_1,15,1,1
2877_aug_2,14,1,1
2877_aug_3,19,1,1
2877_aug_4,15,1,1
2877_aug_5,15,1,1
2877_aug_6,17,1,1
2879,12,1,1
2879_aug_1,13,1,1
2879_aug_2,13,1,1
2879_aug_3,12,1,1
2879_aug_4,12,1,1
2879_aug_5,13,1,1
2879_aug_6,13,1,1
2880,13,1,1
2880_aug_1,14,1,1
2880_aug_2,13,1,1
2880_aug_3,13,1,1
2880_aug_4,14,1,1
2880_aug_5,16,1,1
2880_aug_6,14,1,1
2882,22,1,1
2882_aug_1,25,1,1
2882_aug_2,28,1,1
2882_aug_3,24,1,1
2882_aug_4,25,1,1
2882_aug_5,30,1,1
2882_aug_6,27,1,1
2884,36,1,1
2884_aug_1,40,1,1
2884_aug_2,40,1,1
2884_aug_3,43,1,1
2884_aug_4,42,1,1
2884_aug_5,39,1,1
2884_aug_6,44,1,1
2885,19,1,1
2885_aug_1,20,1,1
2885_aug_2,21,1,1
2885_aug_3,24,1,1
2885_aug_4,21,1,1
2885_aug_5,23,1,1
2885_aug_6,19,1,1
2886,16,1,1
2886_aug_1,16,1,1
2886_aug_2,20,1,1
2886_aug_3,17,1,1
2886_aug_4,18,1,1
2886_aug_5,19,1,1
2886_aug_6,17,1,1
2887,20,1,1
2887_aug_1,23,1,1
2887_aug_2,25,1,1
2887_aug_3,22,1,1
2887_aug_4,25,1,1
2887_aug_5,23,1,1
2887_aug_6,25,1,1
2889,25,1,1
2889_aug_1,28,1,1
2889_aug_2,28,1,1
2889_aug_3,31,1,1
2889_aug_4,30,1,1
2889_aug_5,30,1,1
2889_aug_6,29,1,1
2890,30,1,1
2890_aug_1,33,1,1
2890_aug_2,30,1,1
2890_aug_3,36,1,1
2890_aug_4,33,1,1
2890_aug_5,36,1,1
2890_aug_6,31,1,1
2891,37,1,1
2891_aug_1,43,1,1
2891_aug_2,47,1,1
2891_aug_3,41,1,1
2891_aug_4,44,1,1
2891_aug_5,40,1,1
2891_aug_6,43,1,1
2892,18,1,1
2892_aug_1,19,1,1
2892_aug_2,21,1,1
2892_aug_3,25,1,1
2892_aug_4,23,1,1
2892_aug_5,26,1,1
2892_aug_6,24,1,1
2893,17,1,1
2893_aug_1,26,1,1
2893_aug_2,21,1,1
2893_aug_3,19,1,1
2893_aug_4,20,1,1
2893_aug_5,18,1,1
2893_aug_6,20,1,1
2894,29,1,1
2894_aug_1,29,1,1
2894_aug_2,32,1,1
2894_aug_3,33,1,1
2894_aug_4,30,1,1
2894_aug_5,33,1,1
2894_aug_6,32,1,1
2895,0,0,1
2895_aug_1,0,0,1
2895_aug_2,0,0,1
2895_aug_3,0,0,1
2895_aug_4,0,0,1
2895_aug_5,0,0,1
2895_aug_6,0,0,1
2898,19,1,1
2898_aug_1,23,1,1
2898_aug_2,23,1,1
2898_aug_3,23,1,1
2898_aug_4,26,1,1
2898_aug_5,22,1,1
2898_aug_6,24,1,1
2899,20,1,1
2899_aug_1,26,1,1
2899_aug_2,26,1,1
2899_aug_3,22,1,1
2899_aug_4,22,1,1
2899_aug_5,23,1,1
2899_aug_6,21,1,1
2901,0,0,1
2901_aug_1,0,0,1
2901_aug_2,0,0,1
2901_aug_3,0,0,1
2901_aug_4,0,0,1
2901_aug_5,0,0,1
2901_aug_6,0,0,1
2902,21,1,1
2902_aug_1,22,1,1
2902_aug_2,22,1,1
2902_aug_3,27,1,1
2902_aug_4,24,1,1
2902_aug_5,24,1,1
2902_aug_6,22,1,1
2904,30,1,1
2904_aug_1,31,1,1
2904_aug_2,31,1,1
2904_aug_3,31,1,1
2904_aug_4,32,1,1
2904_aug_5,33,1,1
2904_aug_6,31,1,1
2905,0,0,1
2905_aug_1,0,0,1
2905_aug_2,0,0,1
2905_aug_3,0,0,1
2905_aug_4,0,0,1
2905_aug_5,0,0,1
2905_aug_6,0,0,1
2906,0,0,1
2906_aug_1,0,0,1
2906_aug_2,0,0,1
2906_aug_3,0,0,1
2906_aug_4,0,0,1
2906_aug_5,0,0,1
2906_aug_6,0,0,1
2908,25,1,1
2908_aug_1,33,1,1
2908_aug_2,28,1,1
2908_aug_3,30,1,1
2908_aug_4,27,1,1
2908_aug_5,28,1,1
2908_aug_6,32,1,1
2909,21,1,1
2909_aug_1,24,1,1
2909_aug_2,22,1,1
2909_aug_3,22,1,1
2909_aug_4,24,1,1
2909_aug_5,23,1,1
2909_aug_6,25,1,1
2910,30,1,1
2910_aug_1,39,1,1
2910_aug_2,36,1,1
2910_aug_3,39,1,1
2910_aug_4,37,1,1
2910_aug_5,43,1,1
2910_aug_6,35,1,1
2911,0,0,1
2911_aug_1,0,0,1
2911_aug_2,0,0,1
2911_aug_3,0,0,1
2911_aug_4,0,0,1
2911_aug_5,0,0,1
2911_aug_6,0,0,1
2915,30,1,1
2915_aug_1,39,1,1
2915_aug_2,40,1,1
2915_aug_3,35,1,1
2915_aug_4,39,1,1
2915_aug_5,35,1,1
2915_aug_6,34,1,1
2916,21,1,1
2916_aug_1,25,1,1
2916_aug_2,26,1,1
2916_aug_3,28,1,1
2916_aug_4,26,1,1
2916_aug_5,31,1,1
2916_aug_6,24,1,1
2918,17,1,1
2918_aug_1,23,1,1
2918_aug_2,25,1,1
2918_aug_3,25,1,1
2918_aug_4,18,1,1
2918_aug_5,20,1,1
2918_aug_6,21,1,1
2919,23,1,1
2919_aug_1,28,1,1
2919_aug_2,25,1,1
2919_aug_3,25,1,1
2919_aug_4,27,1,1
2919_aug_5,25,1,1
2919_aug_6,27,1,1
2920,13,1,1
2920_aug_1,20,1,1
2920_aug_2,18,1,1
2920_aug_3,13,1,1
2920_aug_4,16,1,1
2920_aug_5,15,1,1
2920_aug_6,16,1,1
2922,28,1,1
2922_aug_1,30,1,1
2922_aug_2,37,1,1
2922_aug_3,30,1,1
2922_aug_4,32,1,1
2922_aug_5,31,1,1
2922_aug_6,29,1,1
2925,11,1,1
2925_aug_1,16,1,1
2925_aug_2,11,1,1
2925_aug_3,16,1,1
2925_aug_4,13,1,1
2925_aug_5,11,1,1
2925_aug_6,13,1,1
2926,11,1,1
2926_aug_1,11,1,1
2926_aug_2,11,1,1
2926_aug_3,11,1,1
2926_aug_4,13,1,1
2926_aug_5,14,1,1
2926_aug_6,14,1,1
2927,0,0,1
2927_aug_1,0,0,1
2927_aug_2,0,0,1
2927_aug_3,0,0,1
2927_aug_4,0,0,1
2927_aug_5,0,0,1
2927_aug_6,0,0,1
2928,29,1,1
2928_aug_1,31,1,1
2928_aug_2,31,1,1
2928_aug_3,30,1,1
2928_aug_4,32,1,1
2928_aug_5,31,1,1
2928_aug_6,36,1,1
2929,15,1,1
2929_aug_1,15,1,1
2929_aug_2,16,1,1
2929_aug_3,15,1,1
2929_aug_4,17,1,1
2929_aug_5,17,1,1
2929_aug_6,15,1,1
2930,17,1,1
2930_aug_1,23,1,1
2930_aug_2,18,1,1
2930_aug_3,20,1,1
2930_aug_4,22,1,1
2930_aug_5,21,1,1
2930_aug_6,22,1,1
2931,22,1,1
2931_aug_1,28,1,1
2931_aug_2,33,1,1
2931_aug_3,24,1,1
2931_aug_4,24,1,1
2931_aug_5,26,1,1
2931_aug_6,26,1,1
2932,26,1,1
2932_aug_1,29,1,1
2932_aug_2,28,1,1
2932_aug_3,34,1,1
2932_aug_4,30,1,1
2932_aug_5,29,1,1
2932_aug_6,32,1,1
2934,12,1,1
2934_aug_1,14,1,1
2934_aug_2,15,1,1
2934_aug_3,13,1,1
2934_aug_4,12,1,1
2934_aug_5,13,1,1
2934_aug_6,15,1,1
2937,19,1,1
2937_aug_1,22,1,1
2937_aug_2,20,1,1
2937_aug_3,24,1,1
2937_aug_4,23,1,1
2937_aug_5,20,1,1
2937_aug_6,22,1,1
2939,27,1,1
2939_aug_1,29,1,1
2939_aug_2,28,1,1
2939_aug_3,31,1,1
2939_aug_4,30,1,1
2939_aug_5,29,1,1
2939_aug_6,37,1,1
2940,18,1,1
2940_aug_1,20,1,1
2940_aug_2,22,1,1
2940_aug_3,24,1,1
2940_aug_4,18,1,1
2940_aug_5,27,1,1
2940_aug_6,19,1,1
2941,19,1,1
2941_aug_1,21,1,1
2941_aug_2,20,1,1
2941_aug_3,24,1,1
2941_aug_4,23,1,1
2941_aug_5,22,1,1
2941_aug_6,21,1,1
2942,25,1,1
2942_aug_1,28,1,1
2942_aug_2,30,1,1
2942_aug_3,28,1,1
2942_aug_4,32,1,1
2942_aug_5,32,1,1
2942_aug_6,26,1,1
2943,0,0,1
2943_aug_1,0,0,1
2943_aug_2,0,0,1
2943_aug_3,0,0,1
2943_aug_4,0,0,1
2943_aug_5,0,0,1
2943_aug_6,0,0,1
2945,23,1,1
2945_aug_1,25,1,1
2945_aug_2,24,1,1
2945_aug_3,25,1,1
2945_aug_4,27,1,1
2945_aug_5,24,1,1
2945_aug_6,27,1,1
2947,0,0,1
2947_aug_1,0,0,1
2947_aug_2,0,0,1
2947_aug_3,0,0,1
2947_aug_4,0,0,1
2947_aug_5,0,0,1
2947_aug_6,0,0,1
2949,29,1,1
2949_aug_1,31,1,1
2949_aug_2,30,1,1
2949_aug_3,35,1,1
2949_aug_4,38,1,1
2949_aug_5,31,1,1
2949_aug_6,31,1,1
2950,7,1,1
2950_aug_1,7,1,1
2950_aug_2,7,1,1
2950_aug_3,9,1,1
2950_aug_4,8,1,1
2950_aug_5,7,1,1
2950_aug_6,7,1,1
2951,19,1,1
2951_aug_1,25,1,1
2951_aug_2,19,1,1
2951_aug_3,20,1,1
2951_aug_4,23,1,1
2951_aug_5,21,1,1
2951_aug_6,19,1,1
2953,12,1,1
2953_aug_1,15,1,1
2953_aug_2,18,1,1
2953_aug_3,18,1,1
2953_aug_4,16,1,1
2953_aug_5,14,1,1
2953_aug_6,15,1,1
2955,0,0,1
2955_aug_1,0,0,1
2955_aug_2,0,0,1
2955_aug_3,0,0,1
2955_aug_4,0,0,1
2955_aug_5,0,0,1
2955_aug_6,0,0,1
2956,14,1,1
2956_aug_1,15,1,1
2956_aug_2,22,1,1
2956_aug_3,16,1,1
2956_aug_4,16,1,1
2956_aug_5,18,1,1
2956_aug_6,17,1,1
2958,0,0,1
2958_aug_1,0,0,1
2958_aug_2,0,0,1
2958_aug_3,0,0,1
2958_aug_4,0,0,1
2958_aug_5,0,0,1
2958_aug_6,0,0,1
2959,6,1,1
2959_aug_1,6,1,1
2959_aug_2,11,1,1
2959_aug_3,7,1,1
2959_aug_4,10,1,1
2959_aug_5,11,1,1
2959_aug_6,6,1,1
2960,10,1,1
2960_aug_1,11,1,1
2960_aug_2,11,1,1
2960_aug_3,16,1,1
2960_aug_4,11,1,1
2960_aug_5,12,1,1
2960_aug_6,10,1,1
2961,36,1,1
2961_aug_1,37,1,1
2961_aug_2,37,1,1
2961_aug_3,39,1,1
2961_aug_4,39,1,1
2961_aug_5,37,1,1
2961_aug_6,41,1,1
2962,27,1,1
2962_aug_1,31,1,1
2962_aug_2,30,1,1
2962_aug_3,31,1,1
2962_aug_4,29,1,1
2962_aug_5,30,1,1
2962_aug_6,31,1,1
2964,15,1,1
2964_aug_1,19,1,1
2964_aug_2,16,1,1
2964_aug_3,19,1,1
2964_aug_4,17,1,1
2964_aug_5,17,1,1
2964_aug_6,16,1,1
2965,14,1,1
2965_aug_1,18,1,1
2965_aug_2,19,1,1
2965_aug_3,21,1,1
2965_aug_4,22,1,1
2965_aug_5,16,1,1
2965_aug_6,19,1,1
2966,23,1,1
2966_aug_1,25,1,1
2966_aug_2,25,1,1
2966_aug_3,28,1,1
2966_aug_4,27,1,1
2966_aug_5,25,1,1
2966_aug_6,23,1,1
2969,32,1,1
2969_aug_1,35,1,1
2969_aug_2,34,1,1
2969_aug_3,35,1,1
2969_aug_4,34,1,1
2969_aug_5,36,1,1
2969_aug_6,36,1,1
2971,20,1,1
2971_aug_1,25,1,1
2971_aug_2,23,1,1
2971_aug_3,21,1,1
2971_aug_4,24,1,1
2971_aug_5,21,1,1
2971_aug_6,22,1,1
2972,18,1,1
2972_aug_1,22,1,1
2972_aug_2,18,1,1
2972_aug_3,19,1,1
2972_aug_4,18,1,1
2972_aug_5,24,1,1
2972_aug_6,20,1,1
2975,0,0,1
2975_aug_1,0,0,1
2975_aug_2,0,0,1
2975_aug_3,0,0,1
2975_aug_4,0,0,1
2975_aug_5,0,0,1
2975_aug_6,0,0,1
2977,0,0,1
2977_aug_1,0,0,1
2977_aug_2,0,0,1
2977_aug_3,0,0,1
2977_aug_4,0,0,1
2977_aug_5,0,0,1
2977_aug_6,0,0,1
2981,26,1,1
2981_aug_1,28,1,1
2981_aug_2,29,1,1
2981_aug_3,32,1,1
2981_aug_4,33,1,1
2981_aug_5,29,1,1
2981_aug_6,32,1,1
2984,34,1,1
2984_aug_1,37,1,1
2984_aug_2,35,1,1
2984_aug_3,36,1,1
2984_aug_4,35,1,1
2984_aug_5,37,1,1
2984_aug_6,35,1,1
2985,37,1,1
2985_aug_1,40,1,1
2985_aug_2,38,1,1
2985_aug_3,38,1,1
2985_aug_4,38,1,1
2985_aug_5,38,1,1
2985_aug_6,37,1,1
2988,18,1,1
2988_aug_1,20,1,1
2988_aug_2,24,1,1
2988_aug_3,20,1,1
2988_aug_4,23,1,1
2988_aug_5,22,1,1
2988_aug_6,21,1,1
2989,23,1,1
2989_aug_1,29,1,1
2989_aug_2,26,1,1
2989_aug_3,26,1,1
2989_aug_4,29,1,1
2989_aug_5,29,1,1
2989_aug_6,29,1,1
2993,16,1,1
2993_aug_1,24,1,1
2993_aug_2,19,1,1
2993_aug_3,20,1,1
2993_aug_4,17,1,1
2993_aug_5,17,1,1
2993_aug_6,20,1,1
2995,0,0,1
2995_aug_1,0,0,1
2995_aug_2,0,0,1
2995_aug_3,0,0,1
2995_aug_4,0,0,1
2995_aug_5,0,0,1
2995_aug_6,0,0,1
2996,0,0,1
2996_aug_1,0,0,1
2996_aug_2,0,0,1
2996_aug_3,0,0,1
2996_aug_4,0,0,1
2996_aug_5,0,0,1
2996_aug_6,0,0,1
2997,15,1,1
2997_aug_1,17,1,1
2997_aug_2,16,1,1
2997_aug_3,17,1,1
2997_aug_4,15,1,1
2997_aug_5,22,1,1
2997_aug_6,19,1,1
2998,27,1,1
2998_aug_1,31,1,1
2998_aug_2,27,1,1
2998_aug_3,28,1,1
2998_aug_4,27,1,1
2998_aug_5,27,1,1
2998_aug_6,30,1,1
2999,23,1,1
2999_aug_1,28,1,1
2999_aug_2,27,1,1
2999_aug_3,27,1,1
2999_aug_4,25,1,1
2999_aug_5,27,1,1
2999_aug_6,33,1,1
3000,31,1,1
3000_aug_1,32,1,1
3000_aug_2,35,1,1
3000_aug_3,34,1,1
3000_aug_4,35,1,1
3000_aug_5,35,1,1
3000_aug_6,35,1,1
3001,21,1,1
3001_aug_1,23,1,1
3001_aug_2,21,1,1
3001_aug_3,23,1,1
3001_aug_4,21,1,1
3001_aug_5,24,1,1
3001_aug_6,21,1,1
3002,16,1,1
3002_aug_1,17,1,1
3002_aug_2,21,1,1
3002_aug_3,17,1,1
3002_aug_4,23,1,1
3002_aug_5,20,1,1
3002_aug_6,18,1,1
3004,33,1,1
3004_aug_1,39,1,1
3004_aug_2,36,1,1
3004_aug_3,40,1,1
3004_aug_4,38,1,1
3004_aug_5,38,1,1
3004_aug_6,38,1,1
3005,35,1,1
3005_aug_1,37,1,1
3005_aug_2,36,1,1
3005_aug_3,37,1,1
3005_aug_4,41,1,1
3005_aug_5,36,1,1
3005_aug_6,39,1,1
3006,37,1,1
3006_aug_1,39,1,1
3006_aug_2,41,1,1
3006_aug_3,39,1,1
3006_aug_4,40,1,1
3006_aug_5,42,1,1
3006_aug_6,42,1,1
3008,0,0,1
3008_aug_1,0,0,1
3008_aug_2,0,0,1
3008_aug_3,0,0,1
3008_aug_4,0,0,1
3008_aug_5,0,0,1
3008_aug_6,0,0,1
3009,19,1,1
3009_aug_1,21,1,1
3009_aug_2,20,1,1
3009_aug_3,21,1,1
3009_aug_4,20,1,1
3009_aug_5,23,1,1
3009_aug_6,20,1,1
3010,21,1,1
3010_aug_1,26,1,1
3010_aug_2,26,1,1
3010_aug_3,24,1,1
3010_aug_4,24,1,1
3010_aug_5,25,1,1
3010_aug_6,31,1,1
3011,18,1,1
3011_aug_1,21,1,1
3011_aug_2,18,1,1
3011_aug_3,22,1,1
3011_aug_4,21,1,1
3011_aug_5,20,1,1
3011_aug_6,22,1,1
3012,17,1,1
3012_aug_1,19,1,1
3012_aug_2,17,1,1
3012_aug_3,22,1,1
3012_aug_4,18,1,1
3012_aug_5,21,1,1
3012_aug_6,18,1,1
3014,24,1,1
3014_aug_1,30,1,1
3014_aug_2,29,1,1
3014_aug_3,30,1,1
3014_aug_4,30,1,1
3014_aug_5,28,1,1
3014_aug_6,34,1,1
3016,13,1,1
3016_aug_1,13,1,1
3016_aug_2,13,1,1
3016_aug_3,17,1,1
3016_aug_4,13,1,1
3016_aug_5,18,1,1
3016_aug_6,15,1,1
3017,27,1,1
3017_aug_1,34,1,1
3017_aug_2,29,1,1
3017_aug_3,34,1,1
3017_aug_4,36,1,1
3017_aug_5,29,1,1
3017_aug_6,28,1,1
3018,20,1,1
3018_aug_1,24,1,1
3018_aug_2,25,1,1
3018_aug_3,23,1,1
3018_aug_4,22,1,1
3018_aug_5,21,1,1
3018_aug_6,24,1,1
3019,23,1,1
3019_aug_1,27,1,1
3019_aug_2,31,1,1
3019_aug_3,24,1,1
3019_aug_4,24,1,1
3019_aug_5,26,1,1
3019_aug_6,30,1,1
3020,21,1,1
3020_aug_1,25,1,1
3020_aug_2,28,1,1
3020_aug_3,29,1,1
3020_aug_4,23,1,1
3020_aug_5,24,1,1
3020_aug_6,22,1,1
3024,29,1,1
3024_aug_1,32,1,1
3024_aug_2,34,1,1
3024_aug_3,36,1,1
3024_aug_4,29,1,1
3024_aug_5,31,1,1
3024_aug_6,33,1,1
3028,33,1,1
3028_aug_1,33,1,1
3028_aug_2,34,1,1
3028_aug_3,34,1,1
3028_aug_4,35,1,1
3028_aug_5,33,1,1
3028_aug_6,37,1,1
3029,15,1,1
3029_aug_1,17,1,1
3029_aug_2,18,1,1
3029_aug_3,15,1,1
3029_aug_4,16,1,1
3029_aug_5,20,1,1
3029_aug_6,19,1,1
3032,16,1,1
3032_aug_1,19,1,1
3032_aug_2,16,1,1
3032_aug_3,16,1,1
3032_aug_4,16,1,1
3032_aug_5,19,1,1
3032_aug_6,20,1,1
3037,14,1,1
3037_aug_1,15,1,1
3037_aug_2,17,1,1
3037_aug_3,17,1,1
3037_aug_4,21,1,1
3037_aug_5,19,1,1
3037_aug_6,18,1,1
3038,34,1,1
3038_aug_1,36,1,1
3038_aug_2,39,1,1
3038_aug_3,40,1,1
3038_aug_4,37,1,1
3038_aug_5,36,1,1
3038_aug_6,37,1,1
3039,10,1,1
3039_aug_1,12,1,1
3039_aug_2,17,1,1
3039_aug_3,11,1,1
3039_aug_4,15,1,1
3039_aug_5,10,1,1
3039_aug_6,15,1,1
3041,14,1,1
3041_aug_1,17,1,1
3041_aug_2,14,1,1
3041_aug_3,18,1,1
3041_aug_4,18,1,1
3041_aug_5,20,1,1
3041_aug_6,18,1,1
3043,18,1,1
3043_aug_1,21,1,1
3043_aug_2,20,1,1
3043_aug_3,19,1,1
3043_aug_4,23,1,1
3043_aug_5,20,1,1
3043_aug_6,20,1,1
3044,33,1,1
3044_aug_1,34,1,1
3044_aug_2,37,1,1
3044_aug_3,38,1,1
3044_aug_4,43,1,1
3044_aug_5,39,1,1
3044_aug_6,37,1,1
3046,38,1,1
3046_aug_1,39,1,1
3046_aug_2,43,1,1
3046_aug_3,40,1,1
3046_aug_4,39,1,1
3046_aug_5,45,1,1
3046_aug_6,38,1,1
3050,6,1,1
3050_aug_1,6,1,1
3050_aug_2,6,1,1
3050_aug_3,9,1,1
3050_aug_4,6,1,1
3050_aug_5,7,1,1
3050_aug_6,6,1,1
3052,25,1,1
3052_aug_1,26,1,1
3052_aug_2,26,1,1
3052_aug_3,25,1,1
3052_aug_4,29,1,1
3052_aug_5,26,1,1
3052_aug_6,28,1,1
3053,0,0,1
3053_aug_1,0,0,1
3053_aug_2,0,0,1
3053_aug_3,0,0,1
3053_aug_4,0,0,1
3053_aug_5,0,0,1
3053_aug_6,0,0,1
3054,30,1,1
3054_aug_1,33,1,1
3054_aug_2,36,1,1
3054_aug_3,31,1,1
3054_aug_4,35,1,1
3054_aug_5,34,1,1
3054_aug_6,36,1,1
3058,21,1,1
3058_aug_1,26,1,1
3058_aug_2,24,1,1
3058_aug_3,25,1,1
3058_aug_4,23,1,1
3058_aug_5,24,1,1
3058_aug_6,24,1,1
3060,8,1,1
3060_aug_1,11,1,1
3060_aug_2,10,1,1
3060_aug_3,8,1,1
3060_aug_4,8,1,1
3060_aug_5,9,1,1
3060_aug_6,8,1,1
3065,25,1,1
3065_aug_1,27,1,1
3065_aug_2,26,1,1
3065_aug_3,26,1,1
3065_aug_4,29,1,1
3065_aug_5,29,1,1
3065_aug_6,28,1,1
3067,18,1,1
3067_aug_1,27,1,1
3067_aug_2,26,1,1
3067_aug_3,22,1,1
3067_aug_4,23,1,1
3067_aug_5,22,1,1
3067_aug_6,22,1,1
3071,21,1,1
3071_aug_1,25,1,1
3071_aug_2,28,1,1
3071_aug_3,23,1,1
3071_aug_4,23,1,1
3071_aug_5,24,1,1
3071_aug_6,26,1,1
3073,18,1,1
3073_aug_1,19,1,1
3073_aug_2,19,1,1
3073_aug_3,21,1,1
3073_aug_4,23,1,1
3073_aug_5,20,1,1
3073_aug_6,18,1,1
3075,27,1,1
3075_aug_1,32,1,1
3075_aug_2,29,1,1
3075_aug_3,30,1,1
3075_aug_4,31,1,1
3075_aug_5,34,1,1
3075_aug_6,28,1,1
3077,26,1,1
3077_aug_1,28,1,1
3077_aug_2,32,1,1
3077_aug_3,30,1,1
3077_aug_4,27,1,1
3077_aug_5,30,1,1
3077_aug_6,30,1,1
3078,19,1,1
3078_aug_1,27,1,1
3078_aug_2,28,1,1
3078_aug_3,28,1,1
3078_aug_4,23,1,1
3078_aug_5,25,1,1
3078_aug_6,21,1,1
3079,45,1,1
3079_aug_1,51,1,1
3079_aug_2,47,1,1
3079_aug_3,48,1,1
3079_aug_4,46,1,1
3079_aug_5,52,1,1
3079_aug_6,51,1,1
3081,18,1,1
3081_aug_1,20,1,1
3081_aug_2,18,1,1
3081_aug_3,20,1,1
3081_aug_4,18,1,1
3081_aug_5,18,1,1
3081_aug_6,19,1,1
3082,13,1,1
3082_aug_1,14,1,1
3082_aug_2,16,1,1
3082_aug_3,16,1,1
3082_aug_4,18,1,1
3082_aug_5,14,1,1
3082_aug_6,15,1,1
3083,14,1,1
3083_aug_1,18,1,1
3083_aug_2,15,1,1
3083_aug_3,14,1,1
3083_aug_4,15,1,1
3083_aug_5,15,1,1
3083_aug_6,14,1,1
3084,19,1,1
3084_aug_1,24,1,1
3084_aug_2,22,1,1
3084_aug_3,23,1,1
3084_aug_4,22,1,1
3084_aug_5,22,1,1
3084_aug_6,22,1,1
3085,10,1,1
3085_aug_1,13,1,1
3085_aug_2,12,1,1
3085_aug_3,10,1,1
3085_aug_4,10,1,1
3085_aug_5,11,1,1
3085_aug_6,15,1,1
3086,35,1,1
3086_aug_1,37,1,1
3086_aug_2,37,1,1
3086_aug_3,42,1,1
3086_aug_4,36,1,1
3086_aug_5,39,1,1
3086_aug_6,37,1,1
3089,18,1,1
3089_aug_1,19,1,1
3089_aug_2,22,1,1
3089_aug_3,22,1,1
3089_aug_4,24,1,1
3089_aug_5,25,1,1
3089_aug_6,19,1,1
3090,12,1,1
3090_aug_1,14,1,1
3090_aug_2,14,1,1
3090_aug_3,14,1,1
3090_aug_4,12,1,1
3090_aug_5,15,1,1
3090_aug_6,13,1,1
3091,31,1,1
3091_aug_1,31,1,1
3091_aug_2,34,1,1
3091_aug_3,36,1,1
3091_aug_4,39,1,1
3091_aug_5,42,1,1
3091_aug_6,37,1,1
3092,22,1,1
3092_aug_1,28,1,1
3092_aug_2,25,1,1
3092_aug_3,27,1,1
3092_aug_4,28,1,1
3092_aug_5,25,1,1
3092_aug_6,25,1,1
3096,35,1,1
3096_aug_1,37,1,1
3096_aug_2,38,1,1
3096_aug_3,38,1,1
3096_aug_4,37,1,1
3096_aug_5,35,1,1
3096_aug_6,36,1,1
3099,19,1,1
3099_aug_1,24,1,1
3099_aug_2,19,1,1
3099_aug_3,22,1,1
3099_aug_4,21,1,1
3099_aug_5,19,1,1
3099_aug_6,20,1,1
3100,15,1,1
3100_aug_1,18,1,1
3100_aug_2,16,1,1
3100_aug_3,19,1,1
3100_aug_4,17,1,1
3100_aug_5,18,1,1
3100_aug_6,16,1,1
3101,31,1,1
3101_aug_1,35,1,1
3101_aug_2,34,1,1
3101_aug_3,32,1,1
3101_aug_4,38,1,1
3101_aug_5,40,1,1
3101_aug_6,35,1,1
3103,31,1,1
3103_aug_1,33,1,1
3103_aug_2,32,1,1
3103_aug_3,31,1,1
3103_aug_4,31,1,1
3103_aug_5,33,1,1
3103_aug_6,34,1,1
3106,11,1,1
3106_aug_1,13,1,1
3106_aug_2,11,1,1
3106_aug_3,11,1,1
3106_aug_4,11,1,1
3106_aug_5,11,1,1
3106_aug_6,13,1,1
3109,18,1,1
3109_aug_1,23,1,1
3109_aug_2,19,1,1
3109_aug_3,19,1,1
3109_aug_4,23,1,1
3109_aug_5,20,1,1
3109_aug_6,19,1,1
3111,22,1,1
3111_aug_1,23,1,1
3111_aug_2,22,1,1
3111_aug_3,25,1,1
3111_aug_4,25,1,1
3111_aug_5,22,1,1
3111_aug_6,26,1,1
3112,7,1,1
3112_aug_1,10,1,1
3112_aug_2,8,1,1
3112_aug_3,9,1,1
3112_aug_4,9,1,1
3112_aug_5,7,1,1
3112_aug_6,9,1,1
3113,19,1,1
3113_aug_1,22,1,1
3113_aug_2,29,1,1
3113_aug_3,23,1,1
3113_aug_4,25,1,1
3113_aug_5,24,1,1
3113_aug_6,24,1,1
3114,0,0,1
3114_aug_1,0,0,1
3114_aug_2,0,0,1
3114_aug_3,0,0,1
3114_aug_4,0,0,1
3114_aug_5,0,0,1
3114_aug_6,0,0,1
3115,12,1,1
3115_aug_1,16,1,1
3115_aug_2,17,1,1
3115_aug_3,13,1,1
3115_aug_4,13,1,1
3115_aug_5,17,1,1
3115_aug_6,15,1,1
3116,16,1,1
3116_aug_1,17,1,1
3116_aug_2,21,1,1
3116_aug_3,19,1,1
3116_aug_4,16,1,1
3116_aug_5,18,1,1
3116_aug_6,17,1,1
3117,10,1,1
3117_aug_1,10,1,1
3117_aug_2,10,1,1
3117_aug_3,10,1,1
3117_aug_4,10,1,1
3117_aug_5,14,1,1
3117_aug_6,12,1,1
3118,23,1,1
3118_aug_1,26,1,1
3118_aug_2,25,1,1
3118_aug_3,23,1,1
3118_aug_4,27,1,1
3118_aug_5,24,1,1
3118_aug_6,27,1,1
3119,15,1,1
3119_aug_1,24,1,1
3119_aug_2,21,1,1
3119_aug_3,20,1,1
3119_aug_4,19,1,1
3119_aug_5,18,1,1
3119_aug_6,19,1,1
3121,23,1,1
3121_aug_1,24,1,1
3121_aug_2,26,1,1
3121_aug_3,25,1,1
3121_aug_4,25,1,1
3121_aug_5,25,1,1
3121_aug_6,27,1,1
3122,18,1,1
3122_aug_1,21,1,1
3122_aug_2,23,1,1
3122_aug_3,25,1,1
3122_aug_4,23,1,1
3122_aug_5,19,1,1
3122_aug_6,25,1,1
3123,27,1,1
3123_aug_1,28,1,1
3123_aug_2,31,1,1
3123_aug_3,31,1,1
3123_aug_4,30,1,1
3123_aug_5,28,1,1
3123_aug_6,32,1,1
3124,21,1,1
3124_aug_1,29,1,1
3124_aug_2,23,1,1
3124_aug_3,25,1,1
3124_aug_4,26,1,1
3124_aug_5,22,1,1
3124_aug_6,23,1,1
3125,17,1,1
3125_aug_1,24,1,1
3125_aug_2,20,1,1
3125_aug_3,19,1,1
3125_aug_4,18,1,1
3125_aug_5,20,1,1
3125_aug_6,20,1,1
3129,33,1,1
3129_aug_1,39,1,1
3129_aug_2,35,1,1
3129_aug_3,37,1,1
3129_aug_4,39,1,1
3129_aug_5,40,1,1
3129_aug_6,37,1,1
3130,29,1,1
3130_aug_1,33,1,1
3130_aug_2,29,1,1
3130_aug_3,31,1,1
3130_aug_4,32,1,1
3130_aug_5,30,1,1
3130_aug_6,32,1,1
3131,16,1,1
3131_aug_1,19,1,1
3131_aug_2,19,1,1
3131_aug_3,16,1,1
3131_aug_4,17,1,1
3131_aug_5,19,1,1
3131_aug_6,17,1,1
3134,15,1,1
3134_aug_1,17,1,1
3134_aug_2,16,1,1
3134_aug_3,22,1,1
3134_aug_4,20,1,1
3134_aug_5,22,1,1
3134_aug_6,19,1,1
3135,21,1,1
3135_aug_1,24,1,1
3135_aug_2,23,1,1
3135_aug_3,22,1,1
3135_aug_4,22,1,1
3135_aug_5,22,1,1
3135_aug_6,23,1,1
3137,33,1,1
3137_aug_1,35,1,1
3137_aug_2,37,1,1
3137_aug_3,34,1,1
3137_aug_4,38,1,1
3137_aug_5,36,1,1
3137_aug_6,40,1,1
3138,25,1,1
3138_aug_1,30,1,1
3138_aug_2,27,1,1
3138_aug_3,31,1,1
3138_aug_4,30,1,1
3138_aug_5,32,1,1
3138_aug_6,29,1,1
3139,18,1,1
3139_aug_1,19,1,1
3139_aug_2,19,1,1
3139_aug_3,21,1,1
3139_aug_4,26,1,1
3139_aug_5,23,1,1
3139_aug_6,19,1,1
3140,0,0,1
3140_aug_1,0,0,1
3140_aug_2,0,0,1
3140_aug_3,0,0,1
3140_aug_4,0,0,1
3140_aug_5,0,0,1
3140_aug_6,0,0,1
3141,11,1,1
3141_aug_1,15,1,1
3141_aug_2,11,1,1
3141_aug_3,13,1,1
3141_aug_4,13,1,1
3141_aug_5,16,1,1
3141_aug_6,16,1,1
3142,18,1,1
3142_aug_1,20,1,1
3142_aug_2,20,1,1
3142_aug_3,20,1,1
3142_aug_4,22,1,1
3142_aug_5,20,1,1
3142_aug_6,19,1,1
3143,20,1,1
3143_aug_1,23,1,1
3143_aug_2,22,1,1
3143_aug_3,21,1,1
3143_aug_4,22,1,1
3143_aug_5,22,1,1
3143_aug_6,23,1,1
3144,19,1,1
3144_aug_1,21,1,1
3144_aug_2,21,1,1
3144_aug_3,25,1,1
3144_aug_4,19,1,1
3144_aug_5,19,1,1
3144_aug_6,20,1,1
3146,19,1,1
3146_aug_1,22,1,1
3146_aug_2,26,1,1
3146_aug_3,21,1,1
3146_aug_4,27,1,1
3146_aug_5,21,1,1
3146_aug_6,21,1,1
3148,22,1,1
3148_aug_1,24,1,1
3148_aug_2,26,1,1
3148_aug_3,25,1,1
3148_aug_4,25,1,1
3148_aug_5,25,1,1
3148_aug_6,24,1,1
3149,18,1,1
3149_aug_1,22,1,1
3149_aug_2,20,1,1
3149_aug_3,21,1,1
3149_aug_4,21,1,1
3149_aug_5,21,1,1
3149_aug_6,23,1,1
3150,21,1,1
3150_aug_1,27,1,1
3150_aug_2,26,1,1
3150_aug_3,27,1,1
3150_aug_4,23,1,1
3150_aug_5,25,1,1
3150_aug_6,23,1,1
3152,37,1,1
3152_aug_1,49,1,1
3152_aug_2,41,1,1
3152_aug_3,45,1,1
3152_aug_4,41,1,1
3152_aug_5,40,1,1
3152_aug_6,47,1,1
3153,0,0,1
3153_aug_1,0,0,1
3153_aug_2,0,0,1
3153_aug_3,0,0,1
3153_aug_4,0,0,1
3153_aug_5,0,0,1
3153_aug_6,0,0,1
3156,22,1,1
3156_aug_1,24,1,1
3156_aug_2,24,1,1
3156_aug_3,24,1,1
3156_aug_4,23,1,1
3156_aug_5,24,1,1
3156_aug_6,24,1,1
3157,14,1,1
3157_aug_1,20,1,1
3157_aug_2,15,1,1
3157_aug_3,14,1,1
3157_aug_4,17,1,1
3157_aug_5,19,1,1
3157_aug_6,16,1,1
3158,41,1,1
3158_aug_1,45,1,1
3158_aug_2,45,1,1
3158_aug_3,47,1,1
3158_aug_4,46,1,1
3158_aug_5,47,1,1
3158_aug_6,44,1,1
3163,7,1,1
3163_aug_1,10,1,1
3163_aug_2,9,1,1
3163_aug_3,7,1,1
3163_aug_4,7,1,1
3163_aug_5,8,1,1
3163_aug_6,10,1,1
3164,0,0,1
3164_aug_1,0,0,1
3164_aug_2,0,0,1
3164_aug_3,0,0,1
3164_aug_4,0,0,1
3164_aug_5,0,0,1
3164_aug_6,0,0,1
3166,20,1,1
3166_aug_1,20,1,1
3166_aug_2,26,1,1
3166_aug_3,23,1,1
3166_aug_4,22,1,1
3166_aug_5,21,1,1
3166_aug_6,22,1,1
3167,18,1,1
3167_aug_1,24,1,1
3167_aug_2,27,1,1
3167_aug_3,20,1,1
3167_aug_4,20,1,1
3167_aug_5,26,1,1
3167_aug_6,25,1,1
3168,19,1,1
3168_aug_1,22,1,1
3168_aug_2,25,1,1
3168_aug_3,23,1,1
3168_aug_4,26,1,1
3168_aug_5,24,1,1
3168_aug_6,24,1,1
3170,23,1,1
3170_aug_1,25,1,1
3170_aug_2,29,1,1
3170_aug_3,32,1,1
3170_aug_4,24,1,1
3170_aug_5,25,1,1
3170_aug_6,28,1,1
3171,9,1,1
3171_aug_1,11,1,1
3171_aug_2,11,1,1
3171_aug_3,11,1,1
3171_aug_4,14,1,1
3171_aug_5,9,1,1
3171_aug_6,9,1,1
3174,33,1,1
3174_aug_1,35,1,1
3174_aug_2,35,1,1
3174_aug_3,39,1,1
3174_aug_4,40,1,1
3174_aug_5,38,1,1
3174_aug_6,36,1,1
3176,6,1,1
3176_aug_1,8,1,1
3176_aug_2,9,1,1
3176_aug_3,6,1,1
3176_aug_4,6,1,1
3176_aug_5,7,1,1
3176_aug_6,6,1,1
3177,16,1,1
3177_aug_1,19,1,1
3177_aug_2,21,1,1
3177_aug_3,18,1,1
3177_aug_4,19,1,1
3177_aug_5,20,1,1
3177_aug_6,21,1,1
3178,0,0,1
3178_aug_1,0,0,1
3178_aug_2,0,0,1
3178_aug_3,0,0,1
3178_aug_4,0,0,1
3178_aug_5,0,0,1
3178_aug_6,0,0,1
3179,29,1,1
3179_aug_1,39,1,1
3179_aug_2,35,1,1
3179_aug_3,31,1,1
3179_aug_4,38,1,1
3179_aug_5,40,1,1
3179_aug_6,34,1,1
3181,7,1,1
3181_aug_1,8,1,1
3181_aug_2,10,1,1
3181_aug_3,10,1,1
3181_aug_4,7,1,1
3181_aug_5,9,1,1
3181_aug_6,10,1,1
3182,32,1,1
3182_aug_1,39,1,1
3182_aug_2,37,1,1
3182_aug_3,41,1,1
3182_aug_4,40,1,1
3182_aug_5,41,1,1
3182_aug_6,39,1,1
3185,16,1,1
3185_aug_1,20,1,1
3185_aug_2,22,1,1
3185_aug_3,18,1,1
3185_aug_4,18,1,1
3185_aug_5,21,1,1
3185_aug_6,22,1,1
3186,15,1,1
3186_aug_1,19,1,1
3186_aug_2,18,1,1
3186_aug_3,19,1,1
3186_aug_4,22,1,1
3186_aug_5,18,1,1
3186_aug_6,22,1,1
3189,9,1,1
3189_aug_1,9,1,1
3189_aug_2,9,1,1
3189_aug_3,12,1,1
3189_aug_4,10,1,1
3189_aug_5,9,1,1
3189_aug_6,9,1,1
3190,40,1,1
3190_aug_1,43,1,1
3190_aug_2,43,1,1
3190_aug_3,47,1,1
3190_aug_4,41,1,1
3190_aug_5,47,1,1
3190_aug_6,44,1,1
3191,14,1,1
3191_aug_1,15,1,1
3191_aug_2,15,1,1
3191_aug_3,15,1,1
3191_aug_4,15,1,1
3191_aug_5,15,1,1
3191_aug_6,15,1,1
3193,24,1,1
3193_aug_1,28,1,1
3193_aug_2,26,1,1
3193_aug_3,26,1,1
3193_aug_4,26,1,1
3193_aug_5,27,1,1
3193_aug_6,29,1,1
3194,15,1,1
3194_aug_1,19,1,1
3194_aug_2,15,1,1
3194_aug_3,16,1,1
3194_aug_4,18,1,1
3194_aug_5,19,1,1
3194_aug_6,20,1,1
3196,6,1,1
3196_aug_1,6,1,1
3196_aug_2,9,1,1
3196_aug_3,7,1,1
3196_aug_4,6,1,1
3196_aug_5,6,1,1
3196_aug_6,6,1,1
3198,0,0,1
3198_aug_1,0,0,1
3198_aug_2,0,0,1
3198_aug_3,0,0,1
3198_aug_4,0,0,1
3198_aug_5,0,0,1
3198_aug_6,0,0,1
3201,11,1,1
3201_aug_1,20,1,1
3201_aug_2,11,1,1
3201_aug_3,13,1,1
3201_aug_4,12,1,1
3201_aug_5,15,1,1
3201_aug_6,17,1,1
3203,11,1,1
3203_aug_1,11,1,1
3203_aug_2,14,1,1
3203_aug_3,11,1,1
3203_aug_4,14,1,1
3203_aug_5,12,1,1
3203_aug_6,11,1,1
3207,19,1,1
3207_aug_1,21,1,1
3207_aug_2,22,1,1
3207_aug_3,21,1,1
3207_aug_4,19,1,1
3207_aug_5,19,1,1
3207_aug_6,19,1,1
3208,15,1,1
3208_aug_1,18,1,1
3208_aug_2,19,1,1
3208_aug_3,16,1,1
3208_aug_4,16,1,1
3208_aug_5,19,1,1
3208_aug_6,21,1,1
3209,22,1,1
3209_aug_1,29,1,1
3209_aug_2,28,1,1
3209_aug_3,29,1,1
3209_aug_4,25,1,1
3209_aug_5,27,1,1
3209_aug_6,23,1,1
3210,25,1,1
3210_aug_1,30,1,1
3210_aug_2,28,1,1
3210_aug_3,34,1,1
3210_aug_4,28,1,1
3210_aug_5,30,1,1
3210_aug_6,26,1,1
3212,14,1,1
3212_aug_1,14,1,1
3212_aug_2,16,1,1
3212_aug_3,14,1,1
3212_aug_4,14,1,1
3212_aug_5,18,1,1
3212_aug_6,16,1,1
3213,23,1,1
3213_aug_1,27,1,1
3213_aug_2,30,1,1
3213_aug_3,31,1,1
3213_aug_4,28,1,1
3213_aug_5,30,1,1
3213_aug_6,27,1,1
3214,28,1,1
3214_aug_1,31,1,1
3214_aug_2,31,1,1
3214_aug_3,36,1,1
3214_aug_4,31,1,1
3214_aug_5,31,1,1
3214_aug_6,33,1,1
3215,0,0,1
3215_aug_1,0,0,1
3215_aug_2,0,0,1
3215_aug_3,0,0,1
3215_aug_4,0,0,1
3215_aug_5,0,0,1
3215_aug_6,0,0,1
3216,13,1,1
3216_aug_1,15,1,1
3216_aug_2,16,1,1
3216_aug_3,14,1,1
3216_aug_4,15,1,1
3216_aug_5,16,1,1
3216_aug_6,15,1,1
3218,24,1,1
3218_aug_1,27,1,1
3218_aug_2,28,1,1
3218_aug_3,25,1,1
3218_aug_4,28,1,1
3218_aug_5,26,1,1
3218_aug_6,27,1,1
3219,0,0,1
3219_aug_1,0,0,1
3219_aug_2,0,0,1
3219_aug_3,0,0,1
3219_aug_4,0,0,1
3219_aug_5,0,0,1
3219_aug_6,0,0,1
3220,14,1,1
3220_aug_1,14,1,1
3220_aug_2,17,1,1
3220_aug_3,18,1,1
3220_aug_4,16,1,1
3220_aug_5,16,1,1
3220_aug_6,17,1,1
3224,16,1,1
3224_aug_1,16,1,1
3224_aug_2,17,1,1
3224_aug_3,18,1,1
3224_aug_4,19,1,1
3224_aug_5,21,1,1
3224_aug_6,17,1,1
3225,0,0,1
3225_aug_1,0,0,1
3225_aug_2,0,0,1
3225_aug_3,0,0,1
3225_aug_4,0,0,1
3225_aug_5,0,0,1
3225_aug_6,0,0,1
3227,22,1,1
3227_aug_1,25,1,1
3227_aug_2,26,1,1
3227_aug_3,26,1,1
3227_aug_4,23,1,1
3227_aug_5,28,1,1
3227_aug_6,23,1,1
3228,17,1,1
3228_aug_1,19,1,1
3228_aug_2,20,1,1
3228_aug_3,19,1,1
3228_aug_4,20,1,1
3228_aug_5,18,1,1
3228_aug_6,17,1,1
3230,31,1,1
3230_aug_1,34,1,1
3230_aug_2,38,1,1
3230_aug_3,34,1,1
3230_aug_4,36,1,1
3230_aug_5,34,1,1
3230_aug_6,36,1,1
3231,34,1,1
3231_aug_1,35,1,1
3231_aug_2,37,1,1
3231_aug_3,36,1,1
3231_aug_4,35,1,1
3231_aug_5,35,1,1
3231_aug_6,37,1,1
3233,38,1,1
3233_aug_1,42,1,1
3233_aug_2,42,1,1
3233_aug_3,42,1,1
3233_aug_4,42,1,1
3233_aug_5,41,1,1
3233_aug_6,41,1,1
3234,11,1,1
3234_aug_1,12,1,1
3234_aug_2,17,1,1
3234_aug_3,13,1,1
3234_aug_4,15,1,1
3234_aug_5,13,1,1
3234_aug_6,16,1,1
3235,9,1,1
3235_aug_1,10,1,1
3235_aug_2,12,1,1
3235_aug_3,11,1,1
3235_aug_4,11,1,1
3235_aug_5,11,1,1
3235_aug_6,12,1,1
3236,14,1,1
3236_aug_1,16,1,1
3236_aug_2,14,1,1
3236_aug_3,17,1,1
3236_aug_4,15,1,1
3236_aug_5,18,1,1
3236_aug_6,14,1,1
3241,24,1,1
3241_aug_1,31,1,1
3241_aug_2,33,1,1
3241_aug_3,26,1,1
3241_aug_4,30,1,1
3241_aug_5,28,1,1
3241_aug_6,31,1,1
3242,19,1,1
3242_aug_1,23,1,1
3242_aug_2,22,1,1
3242_aug_3,23,1,1
3242_aug_4,22,1,1
3242_aug_5,23,1,1
3242_aug_6,24,1,1
3243,19,1,1
3243_aug_1,19,1,1
3243_aug_2,22,1,1
3243_aug_3,26,1,1
3243_aug_4,23,1,1
3243_aug_5,24,1,1
3243_aug_6,24,1,1
3244,20,1,1
3244_aug_1,21,1,1
3244_aug_2,24,1,1
3244_aug_3,27,1,1
3244_aug_4,22,1,1
3244_aug_5,21,1,1
3244_aug_6,24,1,1
3247,0,0,1
3247_aug_1,0,0,1
3247_aug_2,0,0,1
3247_aug_3,0,0,1
3247_aug_4,0,0,1
3247_aug_5,0,0,1
3247_aug_6,0,0,1
3248,0,0,1
3248_aug_1,0,0,1
3248_aug_2,0,0,1
3248_aug_3,0,0,1
3248_aug_4,0,0,1
3248_aug_5,0,0,1
3248_aug_6,0,0,1
3249,29,1,1
3249_aug_1,32,1,1
3249_aug_2,29,1,1
3249_aug_3,31,1,1
3249_aug_4,30,1,1
3249_aug_5,31,1,1
3249_aug_6,30,1,1
3252,20,1,1
3252_aug_1,23,1,1
3252_aug_2,27,1,1
3252_aug_3,26,1,1
3252_aug_4,23,1,1
3252_aug_5,26,1,1
3252_aug_6,23,1,1
3253,21,1,1
3253_aug_1,27,1,1
3253_aug_2,26,1,1
3253_aug_3,26,1,1
3253_aug_4,24,1,1
3253_aug_5,25,1,1
3253_aug_6,27,1,1
3256,25,1,1
3256_aug_1,28,1,1
3256_aug_2,29,1,1
3256_aug_3,30,1,1
3256_aug_4,25,1,1
3256_aug_5,33,1,1
3256_aug_6,28,1,1
3257,7,1,1
3257_aug_1,10,1,1
3257_aug_2,11,1,1
3257_aug_3,7,1,1
3257_aug_4,9,1,1
3257_aug_5,13,1,1
3257_aug_6,10,1,1
3258,12,1,1
3258_aug_1,14,1,1
3258_aug_2,15,1,1
3258_aug_3,13,1,1
3258_aug_4,16,1,1
3258_aug_5,14,1,1
3258_aug_6,16,1,1
3260,38,1,0
3260_aug_1,40,1,0
3260_aug_2,42,1,0
3260_aug_3,40,1,0
3260_aug_4,41,1,0
3260_aug_5,43,1,0
3260_aug_6,44,1,0
3261,14,1,1
3261_aug_1,17,1,1
3261_aug_2,16,1,1
3261_aug_3,18,1,1
3261_aug_4,19,1,1
3261_aug_5,16,1,1
3261_aug_6,23,1,1
3262,15,1,1
3262_aug_1,16,1,1
3262_aug_2,15,1,1
3262_aug_3,17,1,1
3262_aug_4,16,1,1
3262_aug_5,19,1,1
3262_aug_6,15,1,1
3264,24,1,1
3264_aug_1,24,1,1
3264_aug_2,25,1,1
3264_aug_3,25,1,1
3264_aug_4,24,1,1
3264_aug_5,25,1,1
3264_aug_6,25,1,1
3265,19,1,1
3265_aug_1,24,1,1
3265_aug_2,22,1,1
3265_aug_3,19,1,1
3265_aug_4,21,1,1
3265_aug_5,21,1,1
3265_aug_6,25,1,1
3268,16,1,1
3268_aug_1,18,1,1
3268_aug_2,18,1,1
3268_aug_3,20,1,1
3268_aug_4,20,1,1
3268_aug_5,19,1,1
3268_aug_6,23,1,1
3270,11,1,1
3270_aug_1,13,1,1
3270_aug_2,14,1,1
3270_aug_3,12,1,1
3270_aug_4,13,1,1
3270_aug_5,13,1,1
3270_aug_6,17,1,1
3271,22,1,1
3271_aug_1,24,1,1
3271_aug_2,25,1,1
3271_aug_3,23,1,1
3271_aug_4,22,1,1
3271_aug_5,23,1,1
3271_aug_6,25,1,1
3272,17,1,1
3272_aug_1,20,1,1
3272_aug_2,19,1,1
3272_aug_3,19,1,1
3272_aug_4,17,1,1
3272_aug_5,17,1,1
3272_aug_6,17,1,1
3277,25,1,1
3277_aug_1,29,1,1
3277_aug_2,25,1,1
3277_aug_3,28,1,1
3277_aug_4,27,1,1
3277_aug_5,28,1,1
3277_aug_6,26,1,1
3278,78,1,1
3278_aug_1,86,1,1
3278_aug_2,86,1,1
3278_aug_3,81,1,1
3278_aug_4,86,1,1
3278_aug_5,90,1,1
3278_aug_6,81,1,1
3279,19,1,1
3279_aug_1,23,1,1
3279_aug_2,29,1,1
3279_aug_3,24,1,1
3279_aug_4,25,1,1
3279_aug_5,21,1,1
3279_aug_6,21,1,1
3280,18,1,1
3280_aug_1,24,1,1
3280_aug_2,20,1,1
3280_aug_3,21,1,1
3280_aug_4,22,1,1
3280_aug_5,23,1,1
3280_aug_6,21,1,1
3281,23,1,1
3281_aug_1,23,1,1
3281_aug_2,24,1,1
3281_aug_3,34,1,1
3281_aug_4,25,1,1
3281_aug_5,25,1,1
3281_aug_6,23,1,1
3283,11,1,1
3283_aug_1,15,1,1
3283_aug_2,15,1,1
3283_aug_3,13,1,1
3283_aug_4,12,1,1
3283_aug_5,16,1,1
3283_aug_6,13,1,1
3284,18,1,1
3284_aug_1,19,1,1
3284_aug_2,23,1,1
3284_aug_3,21,1,1
3284_aug_4,20,1,1
3284_aug_5,23,1,1
3284_aug_6,25,1,1
3285,11,1,1
3285_aug_1,13,1,1
3285_aug_2,18,1,1
3285_aug_3,13,1,1
3285_aug_4,15,1,1
3285_aug_5,16,1,1
3285_aug_6,20,1,1
3286,13,1,1
3286_aug_1,14,1,1
3286_aug_2,14,1,1
3286_aug_3,13,1,1
3286_aug_4,13,1,1
3286_aug_5,13,1,1
3286_aug_6,14,1,1
3287,34,1,1
3287_aug_1,36,1,1
3287_aug_2,37,1,1
3287_aug_3,37,1,1
3287_aug_4,37,1,1
3287_aug_5,39,1,1
3287_aug_6,35,1,1
3288,22,1,1
3288_aug_1,25,1,1
3288_aug_2,25,1,1
3288_aug_3,22,1,1
3288_aug_4,23,1,1
3288_aug_5,26,1,1
3288_aug_6,23,1,1
3289,17,1,1
3289_aug_1,20,1,1
3289_aug_2,25,1,1
3289_aug_3,22,1,1
3289_aug_4,21,1,1
3289_aug_5,26,1,1
3289_aug_6,21,1,1
3290,0,0,1
3290_aug_1,0,0,1
3290_aug_2,0,0,1
3290_aug_3,0,0,1
3290_aug_4,0,0,1
3290_aug_5,0,0,1
3290_aug_6,0,0,1
3291,11,1,1
3291_aug_1,16,1,1
3291_aug_2,17,1,1
3291_aug_3,11,1,1
3291_aug_4,16,1,1
3291_aug_5,16,1,1
3291_aug_6,11,1,1
3292,14,1,1
3292_aug_1,14,1,1
3292_aug_2,17,1,1
3292_aug_3,17,1,1
3292_aug_4,16,1,1
3292_aug_5,19,1,1
3292_aug_6,23,1,1
3297,12,1,1
3297_aug_1,12,1,1
3297_aug_2,12,1,1
3297_aug_3,17,1,1
3297_aug_4,14,1,1
3297_aug_5,12,1,1
3297_aug_6,13,1,1
3299,21,1,1
3299_aug_1,28,1,1
3299_aug_2,24,1,1
3299_aug_3,22,1,1
3299_aug_4,25,1,1
3299_aug_5,24,1,1
3299_aug_6,26,1,1
3300,28,1,1
3300_aug_1,29,1,1
3300_aug_2,31,1,1
3300_aug_3,30,1,1
3300_aug_4,29,1,1
3300_aug_5,31,1,1
3300_aug_6,30,1,1
3302,12,1,1
3302_aug_1,15,1,1
3302_aug_2,14,1,1
3302_aug_3,17,1,1
3302_aug_4,12,1,1
3302_aug_5,16,1,1
3302_aug_6,14,1,1
3303,35,1,1
3303_aug_1,38,1,1
3303_aug_2,40,1,1
3303_aug_3,40,1,1
3303_aug_4,36,1,1
3303_aug_5,38,1,1
3303_aug_6,37,1,1
3304,21,1,1
3304_aug_1,21,1,1
3304_aug_2,24,1,1
3304_aug_3,28,1,1
3304_aug_4,29,1,1
3304_aug_5,25,1,1
3304_aug_6,25,1,1
3305,34,1,1
3305_aug_1,36,1,1
3305_aug_2,38,1,1
3305_aug_3,37,1,1
3305_aug_4,39,1,1
3305_aug_5,42,1,1
3305_aug_6,41,1,1
3312,14,1,1
3312_aug_1,14,1,1
3312_aug_2,16,1,1
3312_aug_3,14,1,1
3312_aug_4,17,1,1
3312_aug_5,17,1,1
3312_aug_6,14,1,1
3313,14,1,1
3313_aug_1,15,1,1
3313_aug_2,14,1,1
3313_aug_3,15,1,1
3313_aug_4,15,1,1
3313_aug_5,16,1,1
3313_aug_6,14,1,1
3314,14,1,1
3314_aug_1,20,1,1
3314_aug_2,18,1,1
3314_aug_3,17,1,1
3314_aug_4,16,1,1
3314_aug_5,17,1,1
3314_aug_6,20,1,1
3315,12,1,1
3315_aug_1,14,1,1
3315_aug_2,16,1,1
3315_aug_3,20,1,1
3315_aug_4,16,1,1
3315_aug_5,20,1,1
3315_aug_6,16,1,1
3316,14,1,1
3316_aug_1,19,1,1
3316_aug_2,17,1,1
3316_aug_3,20,1,1
3316_aug_4,20,1,1
3316_aug_5,19,1,1
3316_aug_6,19,1,1
3317,17,1,1
3317_aug_1,19,1,1
3317_aug_2,21,1,1
3317_aug_3,18,1,1
3317_aug_4,24,1,1
3317_aug_5,22,1,1
3317_aug_6,21,1,1
3318,15,1,1
3318_aug_1,18,1,1
3318_aug_2,18,1,1
3318_aug_3,21,1,1
3318_aug_4,20,1,1
3318_aug_5,17,1,1
3318_aug_6,17,1,1
3321,20,1,1
3321_aug_1,24,1,1
3321_aug_2,25,1,1
3321_aug_3,22,1,1
3321_aug_4,23,1,1
3321_aug_5,20,1,1
3321_aug_6,22,1,1
3322,16,1,1
3322_aug_1,18,1,1
3322_aug_2,20,1,1
3322_aug_3,19,1,1
3322_aug_4,17,1,1
3322_aug_5,19,1,1
3322_aug_6,18,1,1
3324,36,1,1
3324_aug_1,40,1,1
3324_aug_2,37,1,1
3324_aug_3,38,1,1
3324_aug_4,36,1,1
3324_aug_5,39,1,1
3324_aug_6,36,1,1
3325,7,1,1
3325_aug_1,7,1,1
3325_aug_2,7,1,1
3325_aug_3,7,1,1
3325_aug_4,9,1,1
3325_aug_5,10,1,1
3325_aug_6,9,1,1
3326,0,0,1
3326_aug_1,0,0,1
3326_aug_2,0,0,1
3326_aug_3,0,0,1
3326_aug_4,0,0,1
3326_aug_5,0,0,1
3326_aug_6,0,0,1
3328,0,0,1
3328_aug_1,0,0,1
3328_aug_2,0,0,1
3328_aug_3,0,0,1
3328_aug_4,0,0,1
3328_aug_5,0,0,1
3328_aug_6,0,0,1
3333,18,1,1
3333_aug_1,20,1,1
3333_aug_2,21,1,1
3333_aug_3,23,1,1
3333_aug_4,22,1,1
3333_aug_5,20,1,1
3333_aug_6,20,1,1
3334,0,0,1
3334_aug_1,0,0,1
3334_aug_2,0,0,1
3334_aug_3,0,0,1
3334_aug_4,0,0,1
3334_aug_5,0,0,1
3334_aug_6,0,0,1
3336,35,1,1
3336_aug_1,40,1,1
3336_aug_2,43,1,1
3336_aug_3,36,1,1
3336_aug_4,40,1,1
3336_aug_5,43,1,1
3336_aug_6,39,1,1
3338,0,0,1
3338_aug_1,0,0,1
3338_aug_2,0,0,1
3338_aug_3,0,0,1
3338_aug_4,0,0,1
3338_aug_5,0,0,1
3338_aug_6,0,0,1
3340,25,1,1
3340_aug_1,29,1,1
3340_aug_2,26,1,1
3340_aug_3,30,1,1
3340_aug_4,31,1,1
3340_aug_5,27,1,1
3340_aug_6,30,1,1
3341,14,1,1
3341_aug_1,17,1,1
3341_aug_2,15,1,1
3341_aug_3,18,1,1
3341_aug_4,19,1,1
3341_aug_5,17,1,1
3341_aug_6,15,1,1
3342,27,1,1
3342_aug_1,28,1,1
3342_aug_2,28,1,1
3342_aug_3,28,1,1
3342_aug_4,28,1,1
3342_aug_5,28,1,1
3342_aug_6,28,1,1
3345,22,1,1
3345_aug_1,25,1,1
3345_aug_2,25,1,1
3345_aug_3,23,1,1
3345_aug_4,25,1,1
3345_aug_5,25,1,1
3345_aug_6,25,1,1
3346,22,1,1
3346_aug_1,23,1,1
3346_aug_2,23,1,1
3346_aug_3,25,1,1
3346_aug_4,22,1,1
3346_aug_5,22,1,1
3346_aug_6,24,1,1
3347,34,1,1
3347_aug_1,34,1,1
3347_aug_2,41,1,1
3347_aug_3,41,1,1
3347_aug_4,41,1,1
3347_aug_5,38,1,1
3347_aug_6,35,1,1
3349,26,1,1
3349_aug_1,26,1,1
3349_aug_2,29,1,1
3349_aug_3,29,1,1
3349_aug_4,26,1,1
3349_aug_5,26,1,1
3349_aug_6,29,1,1
3352,19,1,1
3352_aug_1,19,1,1
3352_aug_2,21,1,1
3352_aug_3,19,1,1
3352_aug_4,24,1,1
3352_aug_5,19,1,1
3352_aug_6,24,1,1
3354,24,1,1
3354_aug_1,25,1,1
3354_aug_2,28,1,1
3354_aug_3,25,1,1
3354_aug_4,27,1,1
3354_aug_5,29,1,1
3354_aug_6,29,1,1
3355,18,1,1
3355_aug_1,19,1,1
3355_aug_2,23,1,1
3355_aug_3,22,1,1
3355_aug_4,18,1,1
3355_aug_5,20,1,1
3355_aug_6,18,1,1
3356,23,1,1
3356_aug_1,25,1,1
3356_aug_2,28,1,1
3356_aug_3,25,1,1
3356_aug_4,23,1,1
3356_aug_5,26,1,1
3356_aug_6,27,1,1
3358,0,0,1
3358_aug_1,0,0,1
3358_aug_2,0,0,1
3358_aug_3,0,0,1
3358_aug_4,0,0,1
3358_aug_5,0,0,1
3358_aug_6,0,0,1
3361,16,1,1
3361_aug_1,19,1,1
3361_aug_2,22,1,1
3361_aug_3,19,1,1
3361_aug_4,19,1,1
3361_aug_5,21,1,1
3361_aug_6,19,1,1
3362,17,1,1
3362_aug_1,18,1,1
3362_aug_2,19,1,1
3362_aug_3,17,1,1
3362_aug_4,21,1,1
3362_aug_5,19,1,1
3362_aug_6,23,1,1
3363,26,1,1
3363_aug_1,29,1,1
3363_aug_2,26,1,1
3363_aug_3,30,1,1
3363_aug_4,27,1,1
3363_aug_5,28,1,1
3363_aug_6,27,1,1
3365,13,1,1
3365_aug_1,15,1,1
3365_aug_2,17,1,1
3365_aug_3,17,1,1
3365_aug_4,21,1,1
3365_aug_5,16,1,1
3365_aug_6,15,1,1
3366,9,1,1
3366_aug_1,9,1,1
3366_aug_2,9,1,1
3366_aug_3,11,1,1
3366_aug_4,9,1,1
3366_aug_5,10,1,1
3366_aug_6,13,1,1
3368,38,1,0
3368_aug_1,43,1,0
3368_aug_2,45,1,0
3368_aug_3,41,1,0
3368_aug_4,42,1,0
3368_aug_5,42,1,0
3368_aug_6,41,1,0
3369,17,1,1
3369_aug_1,17,1,1
3369_aug_2,17,1,1
3369_aug_3,17,1,1
3369_aug_4,17,1,1
3369_aug_5,17,1,1
3369_aug_6,17,1,1
3370,15,1,1
3370_aug_1,16,1,1
3370_aug_2,16,1,1
3370_aug_3,16,1,1
3370_aug_4,15,1,1
3370_aug_5,16,1,1
3370_aug_6,15,1,1
3372,0,0,1
3372_aug_1,0,0,1
3372_aug_2,0,0,1
3372_aug_3,0,0,1
3372_aug_4,0,0,1
3372_aug_5,0,0,1
3372_aug_6,0,0,1
3373,13,1,1
3373_aug_1,16,1,1
3373_aug_2,17,1,1
3373_aug_3,15,1,1
3373_aug_4,21,1,1
3373_aug_5,15,1,1
3373_aug_6,17,1,1
3374,18,1,1
3374_aug_1,24,1,1
3374_aug_2,18,1,1
3374_aug_3,18,1,1
3374_aug_4,18,1,1
3374_aug_5,20,1,1
3374_aug_6,20,1,1
3375,17,1,1
3375_aug_1,19,1,1
3375_aug_2,18,1,1
3375_aug_3,19,1,1
3375_aug_4,20,1,1
3375_aug_5,23,1,1
3375_aug_6,23,1,1
3378,31,1,1
3378_aug_1,33,1,1
3378_aug_2,32,1,1
3378_aug_3,32,1,1
3378_aug_4,31,1,1
3378_aug_5,31,1,1
3378_aug_6,35,1,1
3379,15,1,1
3379_aug_1,18,1,1
3379_aug_2,19,1,1
3379_aug_3,18,1,1
3379_aug_4,16,1,1
3379_aug_5,17,1,1
3379_aug_6,18,1,1
3382,27,1,1
3382_aug_1,29,1,1
3382_aug_2,32,1,1
3382_aug_3,31,1,1
3382_aug_4,31,1,1
3382_aug_5,27,1,1
3382_aug_6,35,1,1
3384,6,1,1
3384_aug_1,9,1,1
3384_aug_2,12,1,1
3384_aug_3,6,1,1
3384_aug_4,10,1,1
3384_aug_5,8,1,1
3384_aug_6,8,1,1
3386,20,1,1
3386_aug_1,24,1,1
3386_aug_2,21,1,1
3386_aug_3,24,1,1
3386_aug_4,22,1,1
3386_aug_5,26,1,1
3386_aug_6,25,1,1
3387,33,1,1
3387_aug_1,37,1,1
3387_aug_2,33,1,1
3387_aug_3,41,1,1
3387_aug_4,37,1,1
3387_aug_5,36,1,1
3387_aug_6,38,1,1
3388,25,1,1
3388_aug_1,28,1,1
3388_aug_2,27,1,1
3388_aug_3,26,1,1
3388_aug_4,28,1,1
3388_aug_5,29,1,1
3388_aug_6,27,1,1
3389,9,1,1
3389_aug_1,11,1,1
3389_aug_2,10,1,1
3389_aug_3,9,1,1
3389_aug_4,10,1,1
3389_aug_5,11,1,1
3389_aug_6,11,1,1
3390,13,1,1
3390_aug_1,15,1,1
3390_aug_2,15,1,1
3390_aug_3,16,1,1
3390_aug_4,18,1,1
3390_aug_5,16,1,1
3390_aug_6,15,1,1
3394,10,1,1
3394_aug_1,10,1,1
3394_aug_2,10,1,1
3394_aug_3,13,1,1
3394_aug_4,13,1,1
3394_aug_5,10,1,1
3394_aug_6,10,1,1
3395,0,0,1
3395_aug_1,0,0,1
3395_aug_2,0,0,1
3395_aug_3,0,0,1
3395_aug_4,0,0,1
3395_aug_5,0,0,1
3395_aug_6,0,0,1
3396,0,0,1
3396_aug_1,0,0,1
3396_aug_2,0,0,1
3396_aug_3,0,0,1
3396_aug_4,0,0,1
3396_aug_5,0,0,1
3396_aug_6,0,0,1
3400,24,1,1
3400_aug_1,29,1,1
3400_aug_2,32,1,1
3400_aug_3,25,1,1
3400_aug_4,29,1,1
3400_aug_5,29,1,1
3400_aug_6,28,1,1
3401,26,1,1
3401_aug_1,27,1,1
3401_aug_2,26,1,1
3401_aug_3,26,1,1
3401_aug_4,29,1,1
3401_aug_5,28,1,1
3401_aug_6,27,1,1
3402,23,1,1
3402_aug_1,26,1,1
3402_aug_2,25,1,1
3402_aug_3,28,1,1
3402_aug_4,30,1,1
3402_aug_5,27,1,1
3402_aug_6,28,1,1
3403,17,1,1
3403_aug_1,19,1,1
3403_aug_2,20,1,1
3403_aug_3,20,1,1
3403_aug_4,18,1,1
3403_aug_5,18,1,1
3403_aug_6,18,1,1
3404,11,1,1
3404_aug_1,13,1,1
3404_aug_2,11,1,1
3404_aug_3,12,1,1
3404_aug_4,15,1,1
3404_aug_5,11,1,1
3404_aug_6,13,1,1
3405,18,1,1
3405_aug_1,21,1,1
3405_aug_2,22,1,1
3405_aug_3,20,1,1
3405_aug_4,22,1,1
3405_aug_5,24,1,1
3405_aug_6,21,1,1
3406,23,1,1
3406_aug_1,24,1,1
3406_aug_2,27,1,1
3406_aug_3,24,1,1
3406_aug_4,26,1,1
3406_aug_5,24,1,1
3406_aug_6,28,1,1
3407,22,1,1
3407_aug_1,24,1,1
3407_aug_2,23,1,1
3407_aug_3,24,1,1
3407_aug_4,23,1,1
3407_aug_5,22,1,1
3407_aug_6,25,1,1
3411,32,1,1
3411_aug_1,36,1,1
3411_aug_2,34,1,1
3411_aug_3,37,1,1
3411_aug_4,38,1,1
3411_aug_5,37,1,1
3411_aug_6,36,1,1
3413,13,1,1
3413_aug_1,14,1,1
3413_aug_2,15,1,1
3413_aug_3,17,1,1
3413_aug_4,17,1,1
3413_aug_5,16,1,1
3413_aug_6,15,1,1
3414,25,1,1
3414_aug_1,28,1,1
3414_aug_2,28,1,1
3414_aug_3,27,1,1
3414_aug_4,25,1,1
3414_aug_5,27,1,1
3414_aug_6,27,1,1
3415,30,1,1
3415_aug_1,33,1,1
3415_aug_2,31,1,1
3415_aug_3,32,1,1
3415_aug_4,37,1,1
3415_aug_5,37,1,1
3415_aug_6,34,1,1
3416,33,1,1
3416_aug_1,40,1,1
3416_aug_2,36,1,1
3416_aug_3,37,1,1
3416_aug_4,36,1,1
3416_aug_5,36,1,1
3416_aug_6,35,1,1
3417,29,1,1
3417_aug_1,32,1,1
3417_aug_2,34,1,1
3417_aug_3,36,1,1
3417_aug_4,39,1,1
3417_aug_5,31,1,1
3417_aug_6,34,1,1
3418,22,1,1
3418_aug_1,26,1,1
3418_aug_2,26,1,1
3418_aug_3,22,1,1
3418_aug_4,26,1,1
3418_aug_5,24,1,1
3418_aug_6,25,1,1
3419,0,0,1
3419_aug_1,0,0,1
3419_aug_2,0,0,1
3419_aug_3,0,0,1
3419_aug_4,0,0,1
3419_aug_5,0,0,1
3419_aug_6,0,0,1
3420,10,1,1
3420_aug_1,13,1,1
3420_aug_2,13,1,1
3420_aug_3,15,1,1
3420_aug_4,12,1,1
3420_aug_5,14,1,1
3420_aug_6,12,1,1
3421,29,1,1
3421_aug_1,34,1,1
3421_aug_2,32,1,1
3421_aug_3,29,1,1
3421_aug_4,35,1,1
3421_aug_5,33,1,1
3421_aug_6,31,1,1
3422,14,1,1
3422_aug_1,15,1,1
3422_aug_2,22,1,1
3422_aug_3,18,1,1
3422_aug_4,18,1,1
3422_aug_5,17,1,1
3422_aug_6,21,1,1
3423,17,1,1
3423_aug_1,19,1,1
3423_aug_2,23,1,1
3423_aug_3,20,1,1
3423_aug_4,19,1,1
3423_aug_5,21,1,1
3423_aug_6,22,1,1
3424,37,1,1
3424_aug_1,51,1,1
3424_aug_2,41,1,1
3424_aug_3,42,1,1
3424_aug_4,46,1,1
3424_aug_5,43,1,1
3424_aug_6,41,1,1
3427,20,1,1
3427_aug_1,22,1,1
3427_aug_2,29,1,1
3427_aug_3,24,1,1
3427_aug_4,24,1,1
3427_aug_5,28,1,1
3427_aug_6,22,1,1
3431,14,1,1
3431_aug_1,14,1,1
3431_aug_2,14,1,1
3431_aug_3,14,1,1
3431_aug_4,16,1,1
3431_aug_5,16,1,1
3431_aug_6,15,1,1
3435,0,0,1
3435_aug_1,0,0,1
3435_aug_2,0,0,1
3435_aug_3,0,0,1
3435_aug_4,0,0,1
3435_aug_5,0,0,1
3435_aug_6,0,0,1
3437,28,1,1
3437_aug_1,32,1,1
3437_aug_2,31,1,1
3437_aug_3,29,1,1
3437_aug_4,32,1,1
3437_aug_5,31,1,1
3437_aug_6,29,1,1
3438,16,1,1
3438_aug_1,18,1,1
3438_aug_2,16,1,1
3438_aug_3,22,1,1
3438_aug_4,21,1,1
3438_aug_5,19,1,1
3438_aug_6,21,1,1
3439,9,1,1
3439_aug_1,12,1,1
3439_aug_2,11,1,1
3439_aug_3,10,1,1
3439_aug_4,11,1,1
3439_aug_5,11,1,1
3439_aug_6,13,1,1
3440,27,1,1
3440_aug_1,30,1,1
3440_aug_2,29,1,1
3440_aug_3,28,1,1
3440_aug_4,32,1,1
3440_aug_5,29,1,1
3440_aug_6,31,1,1
3441,19,1,1
3441_aug_1,21,1,1
3441_aug_2,21,1,1
3441_aug_3,21,1,1
3441_aug_4,22,1,1
3441_aug_5,21,1,1
3441_aug_6,22,1,1
3442,14,1,1
3442_aug_1,14,1,1
3442_aug_2,16,1,1
3442_aug_3,20,1,1
3442_aug_4,15,1,1
3442_aug_5,14,1,1
3442_aug_6,15,1,1
3443,0,0,1
3443_aug_1,0,0,1
3443_aug_2,0,0,1
3443_aug_3,0,0,1
3443_aug_4,0,0,1
3443_aug_5,0,0,1
3443_aug_6,0,0,1
3446,11,1,1
3446_aug_1,11,1,1
3446_aug_2,14,1,1
3446_aug_3,15,1,1
3446_aug_4,14,1,1
3446_aug_5,15,1,1
3446_aug_6,12,1,1
3451,19,1,1
3451_aug_1,19,1,1
3451_aug_2,19,1,1
3451_aug_3,21,1,1
3451_aug_4,19,1,1
3451_aug_5,21,1,1
3451_aug_6,22,1,1
3454,0,0,1
3454_aug_1,0,0,1
3454_aug_2,0,0,1
3454_aug_3,0,0,1
3454_aug_4,0,0,1
3454_aug_5,0,0,1
3454_aug_6,0,0,1
3455,22,1,1
3455_aug_1,23,1,1
3455_aug_2,25,1,1
3455_aug_3,25,1,1
3455_aug_4,25,1,1
3455_aug_5,22,1,1
3455_aug_6,26,1,1
3457,0,0,1
3457_aug_1,0,0,1
3457_aug_2,0,0,1
3457_aug_3,0,0,1
3457_aug_4,0,0,1
3457_aug_5,0,0,1
3457_aug_6,0,0,1
3458,11,1,1
3458_aug_1,11,1,1
3458_aug_2,14,1,1
3458_aug_3,11,1,1
3458_aug_4,16,1,1
3458_aug_5,11,1,1
3458_aug_6,15,1,1
3460,10,1,1
3460_aug_1,11,1,1
3460_aug_2,11,1,1
3460_aug_3,13,1,1
3460_aug_4,13,1,1
3460_aug_5,10,1,1
3460_aug_6,10,1,1
3465,11,1,1
3465_aug_1,14,1,1
3465_aug_2,11,1,1
3465_aug_3,14,1,1
3465_aug_4,14,1,1
3465_aug_5,14,1,1
3465_aug_6,11,1,1
3466,20,1,1
3466_aug_1,25,1,1
3466_aug_2,21,1,1
3466_aug_3,22,1,1
3466_aug_4,23,1,1
3466_aug_5,23,1,1
3466_aug_6,23,1,1
3467,14,1,1
3467_aug_1,17,1,1
3467_aug_2,22,1,1
3467_aug_3,21,1,1
3467_aug_4,21,1,1
3467_aug_5,17,1,1
3467_aug_6,15,1,1
3468,31,1,1
3468_aug_1,33,1,1
3468_aug_2,35,1,1
3468_aug_3,35,1,1
3468_aug_4,35,1,1
3468_aug_5,35,1,1
3468_aug_6,35,1,1
3469,28,1,1
3469_aug_1,33,1,1
3469_aug_2,30,1,1
3469_aug_3,30,1,1
3469_aug_4,32,1,1
3469_aug_5,33,1,1
3469_aug_6,30,1,1
3471,40,1,1
3471_aug_1,46,1,1
3471_aug_2,41,1,1
3471_aug_3,41,1,1
3471_aug_4,42,1,1
3471_aug_5,45,1,1
3471_aug_6,41,1,1
3472,19,1,1
3472_aug_1,19,1,1
3472_aug_2,19,1,1
3472_aug_3,19,1,1
3472_aug_4,25,1,1
3472_aug_5,19,1,1
3472_aug_6,24,1,1
3473,23,1,1
3473_aug_1,26,1,1
3473_aug_2,32,1,1
3473_aug_3,27,1,1
3473_aug_4,25,1,1
3473_aug_5,27,1,1
3473_aug_6,26,1,1
3475,11,1,1
3475_aug_1,13,1,1
3475_aug_2,13,1,1
3475_aug_3,18,1,1
3475_aug_4,13,1,1
3475_aug_5,15,1,1
3475_aug_6,17,1,1
3477,11,1,1
3477_aug_1,13,1,1
3477_aug_2,11,1,1
3477_aug_3,15,1,1
3477_aug_4,12,1,1
3477_aug_5,12,1,1
3477_aug_6,12,1,1
3479,24,1,1
3479_aug_1,24,1,1
3479_aug_2,26,1,1
3479_aug_3,26,1,1
3479_aug_4,26,1,1
3479_aug_5,24,1,1
3479_aug_6,24,1,1
3483,18,1,1
3483_aug_1,20,1,1
3483_aug_2,22,1,1
3483_aug_3,22,1,1
3483_aug_4,23,1,1
3483_aug_5,21,1,1
3483_aug_6,25,1,1
3485,29,1,1
3485_aug_1,32,1,1
3485_aug_2,32,1,1
3485_aug_3,34,1,1
3485_aug_4,30,1,1
3485_aug_5,35,1,1
3485_aug_6,37,1,1
3486,18,1,1
3486_aug_1,20,1,1
3486_aug_2,22,1,1
3486_aug_3,20,1,1
3486_aug_4,20,1,1
3486_aug_5,19,1,1
3486_aug_6,22,1,1
3487,14,1,1
3487_aug_1,16,1,1
3487_aug_2,17,1,1
3487_aug_3,17,1,1
3487_aug_4,18,1,1
3487_aug_5,15,1,1
3487_aug_6,14,1,1
3488,15,1,1
3488_aug_1,17,1,1
3488_aug_2,17,1,1
3488_aug_3,15,1,1
3488_aug_4,15,1,1
3488_aug_5,18,1,1
3488_aug_6,17,1,1
3490,0,0,1
3490_aug_1,0,0,1
3490_aug_2,0,0,1
3490_aug_3,0,0,1
3490_aug_4,0,0,1
3490_aug_5,0,0,1
3490_aug_6,0,0,1
3491,31,1,1
3491_aug_1,31,1,1
3491_aug_2,33,1,1
3491_aug_3,32,1,1
3491_aug_4,34,1,1
3491_aug_5,32,1,1
3491_aug_6,32,1,1
3494,22,1,1
3494_aug_1,29,1,1
3494_aug_2,23,1,1
3494_aug_3,28,1,1
3494_aug_4,29,1,1
3494_aug_5,26,1,1
3494_aug_6,28,1,1
3495,25,1,1
3495_aug_1,25,1,1
3495_aug_2,30,1,1
3495_aug_3,28,1,1
3495_aug_4,27,1,1
3495_aug_5,25,1,1
3495_aug_6,26,1,1
3499,0,0,1
3499_aug_1,0,0,1
3499_aug_2,0,0,1
3499_aug_3,0,0,1
3499_aug_4,0,0,1
3499_aug_5,0,0,1
3499_aug_6,0,0,1
3501,21,1,1
3501_aug_1,24,1,1
3501_aug_2,22,1,1
3501_aug_3,27,1,1
3501_aug_4,26,1,1
3501_aug_5,21,1,1
3501_aug_6,26,1,1
3503,30,1,1
3503_aug_1,42,1,1
3503_aug_2,38,1,1
3503_aug_3,39,1,1
3503_aug_4,43,1,1
3503_aug_5,35,1,1
3503_aug_6,42,1,1
3504,20,1,1
3504_aug_1,21,1,1
3504_aug_2,23,1,1
3504_aug_3,22,1,1
3504_aug_4,27,1,1
3504_aug_5,27,1,1
3504_aug_6,26,1,1
3505,5,1,1
3505_aug_1,5,1,1
3505_aug_2,5,1,1
3505_aug_3,11,1,1
3505_aug_4,7,1,1
3505_aug_5,5,1,1
3505_aug_6,5,1,1
3506,9,1,1
3506_aug_1,11,1,1
3506_aug_2,9,1,1
3506_aug_3,9,1,1
3506_aug_4,11,1,1
3506_aug_5,9,1,1
3506_aug_6,10,1,1
3508,30,1,1
3508_aug_1,32,1,1
3508_aug_2,32,1,1
3508_aug_3,35,1,1
3508_aug_4,34,1,1
3508_aug_5,31,1,1
3508_aug_6,32,1,1
3509,28,1,1
3509_aug_1,31,1,1
3509_aug_2,35,1,1
3509_aug_3,33,1,1
3509_aug_4,30,1,1
3509_aug_5,31,1,1
3509_aug_6,35,1,1
3510,0,0,1
3510_aug_1,0,0,1
3510_aug_2,0,0,1
3510_aug_3,0,0,1
3510_aug_4,0,0,1
3510_aug_5,0,0,1
3510_aug_6,0,0,1
3512,10,1,1
3512_aug_1,10,1,1
3512_aug_2,10,1,1
3512_aug_3,13,1,1
3512_aug_4,10,1,1
3512_aug_5,10,1,1
3512_aug_6,12,1,1
3513,28,1,1
3513_aug_1,32,1,1
3513_aug_2,29,1,1
3513_aug_3,34,1,1
3513_aug_4,37,1,1
3513_aug_5,32,1,1
3513_aug_6,30,1,1
3514,27,1,1
3514_aug_1,30,1,1
3514_aug_2,30,1,1
3514_aug_3,31,1,1
3514_aug_4,32,1,1
3514_aug_5,34,1,1
3514_aug_6,30,1,1
3515,14,1,1
3515_aug_1,14,1,1
3515_aug_2,17,1,1
3515_aug_3,19,1,1
3515_aug_4,14,1,1
3515_aug_5,17,1,1
3515_aug_6,16,1,1
3519,24,1,1
3519_aug_1,25,1,1
3519_aug_2,25,1,1
3519_aug_3,25,1,1
3519_aug_4,24,1,1
3519_aug_5,25,1,1
3519_aug_6,24,1,1
3520,28,1,1
3520_aug_1,30,1,1
3520_aug_2,32,1,1
3520_aug_3,32,1,1
3520_aug_4,30,1,1
3520_aug_5,34,1,1
3520_aug_6,33,1,1
3521,28,1,1
3521_aug_1,32,1,1
3521_aug_2,33,1,1
3521_aug_3,31,1,1
3521_aug_4,31,1,1
3521_aug_5,34,1,1
3521_aug_6,32,1,1
3522,14,1,1
3522_aug_1,16,1,1
3522_aug_2,15,1,1
3522_aug_3,16,1,1
3522_aug_4,15,1,1
3522_aug_5,15,1,1
3522_aug_6,17,1,1
3523,26,1,1
3523_aug_1,27,1,1
3523_aug_2,28,1,1
3523_aug_3,26,1,1
3523_aug_4,26,1,1
3523_aug_5,31,1,1
3523_aug_6,27,1,1
3524,15,1,1
3524_aug_1,16,1,1
3524_aug_2,16,1,1
3524_aug_3,17,1,1
3524_aug_4,16,1,1
3524_aug_5,16,1,1
3524_aug_6,18,1,1
3525,28,1,1
3525_aug_1,29,1,1
3525_aug_2,30,1,1
3525_aug_3,29,1,1
3525_aug_4,32,1,1
3525_aug_5,35,1,1
3525_aug_6,31,1,1
3528,7,1,1
3528_aug_1,10,1,1
3528_aug_2,7,1,1
3528_aug_3,8,1,1
3528_aug_4,8,1,1
3528_aug_5,12,1,1
3528_aug_6,10,1,1
3530,0,0,1
3530_aug_1,0,0,1
3530_aug_2,0,0,1
3530_aug_3,0,0,1
3530_aug_4,0,0,1
3530_aug_5,0,0,1
3530_aug_6,0,0,1
3531,20,1,1
3531_aug_1,23,1,1
3531_aug_2,30,1,1
3531_aug_3,23,1,1
3531_aug_4,27,1,1
3531_aug_5,24,1,1
3531_aug_6,23,1,1
3532,9,1,1
3532_aug_1,10,1,1
3532_aug_2,9,1,1
3532_aug_3,11,1,1
3532_aug_4,12,1,1
3532_aug_5,11,1,1
3532_aug_6,9,1,1
3533,22,1,1
3533_aug_1,23,1,1
3533_aug_2,23,1,1
3533_aug_3,22,1,1
3533_aug_4,23,1,1
3533_aug_5,29,1,1
3533_aug_6,25,1,1
3534,27,1,1
3534_aug_1,31,1,1
3534_aug_2,30,1,1
3534_aug_3,29,1,1
3534_aug_4,30,1,1
3534_aug_5,31,1,1
3534_aug_6,29,1,1
3535,11,1,1
3535_aug_1,16,1,1
3535_aug_2,15,1,1
3535_aug_3,11,1,1
3535_aug_4,19,1,1
3535_aug_5,22,1,1
3535_aug_6,11,1,1
3536,36,1,1
3536_aug_1,37,1,1
3536_aug_2,40,1,1
3536_aug_3,44,1,1
3536_aug_4,37,1,1
3536_aug_5,39,1,1
3536_aug_6,39,1,1
3537,9,1,1
3537_aug_1,9,1,1
3537_aug_2,9,1,1
3537_aug_3,13,1,1
3537_aug_4,12,1,1
3537_aug_5,12,1,1
3537_aug_6,11,1,1
3538,0,0,1
3538_aug_1,0,0,1
3538_aug_2,0,0,1
3538_aug_3,0,0,1
3538_aug_4,0,0,1
3538_aug_5,0,0,1
3538_aug_6,0,0,1
3540,12,1,1
3540_aug_1,15,1,1
3540_aug_2,15,1,1
3540_aug_3,13,1,1
3540_aug_4,13,1,1
3540_aug_5,16,1,1
3540_aug_6,14,1,1
3541,22,1,1
3541_aug_1,25,1,1
3541_aug_2,26,1,1
3541_aug_3,26,1,1
3541_aug_4,25,1,1
3541_aug_5,28,1,1
3541_aug_6,26,1,1
3542,28,1,1
3542_aug_1,31,1,1
3542_aug_2,33,1,1
3542_aug_3,30,1,1
3542_aug_4,29,1,1
3542_aug_5,32,1,1
3542_aug_6,33,1,1
3543,25,1,1
3543_aug_1,29,1,1
3543_aug_2,27,1,1
3543_aug_3,27,1,1
3543_aug_4,28,1,1
3543_aug_5,25,1,1
3543_aug_6,28,1,1
3545,28,1,1
3545_aug_1,30,1,1
3545_aug_2,31,1,1
3545_aug_3,28,1,1
3545_aug_4,29,1,1
3545_aug_5,33,1,1
3545_aug_6,30,1,1
3546,14,1,1
3546_aug_1,17,1,1
3546_aug_2,16,1,1
3546_aug_3,15,1,1
3546_aug_4,16,1,1
3546_aug_5,15,1,1
3546_aug_6,18,1,1
3547,18,1,1
3547_aug_1,23,1,1
3547_aug_2,25,1,1
3547_aug_3,21,1,1
3547_aug_4,24,1,1
3547_aug_5,19,1,1
3547_aug_6,20,1,1
3548,22,1,1
3548_aug_1,25,1,1
3548_aug_2,27,1,1
3548_aug_3,28,1,1
3548_aug_4,26,1,1
3548_aug_5,28,1,1
3548_aug_6,27,1,1
3549,22,1,1
3549_aug_1,24,1,1
3549_aug_2,23,1,1
3549_aug_3,23,1,1
3549_aug_4,23,1,1
3549_aug_5,23,1,1
3549_aug_6,24,1,1
3550,25,1,1
3550_aug_1,30,1,1
3550_aug_2,29,1,1
3550_aug_3,33,1,1
3550_aug_4,30,1,1
3550_aug_5,32,1,1
3550_aug_6,33,1,1
3551,30,1,1
3551_aug_1,36,1,1
3551_aug_2,31,1,1
3551_aug_3,32,1,1
3551_aug_4,33,1,1
3551_aug_5,30,1,1
3551_aug_6,35,1,1
3552,23,1,1
3552_aug_1,26,1,1
3552_aug_2,26,1,1
3552_aug_3,25,1,1
3552_aug_4,26,1,1
3552_aug_5,26,1,1
3552_aug_6,28,1,1
3553,0,0,1
3553_aug_1,0,0,1
3553_aug_2,0,0,1
3553_aug_3,0,0,1
3553_aug_4,0,0,1
3553_aug_5,0,0,1
3553_aug_6,0,0,1
3555,16,1,1
3555_aug_1,18,1,1
3555_aug_2,18,1,1
3555_aug_3,18,1,1
3555_aug_4,17,1,1
3555_aug_5,19,1,1
3555_aug_6,18,1,1
3556,17,1,1
3556_aug_1,19,1,1
3556_aug_2,20,1,1
3556_aug_3,20,1,1
3556_aug_4,20,1,1
3556_aug_5,24,1,1
3556_aug_6,20,1,1
3559,28,1,1
3559_aug_1,29,1,1
3559_aug_2,29,1,1
3559_aug_3,29,1,1
3559_aug_4,31,1,1
3559_aug_5,29,1,1
3559_aug_6,31,1,1
3560,6,1,1
3560_aug_1,9,1,1
3560_aug_2,6,1,1
3560_aug_3,9,1,1
3560_aug_4,9,1,1
3560_aug_5,9,1,1
3560_aug_6,6,1,1
3561,11,1,1
3561_aug_1,14,1,1
3561_aug_2,16,1,1
3561_aug_3,16,1,1
3561_aug_4,14,1,1
3561_aug_5,15,1,1
3561_aug_6,15,1,1
3562,24,1,1
3562_aug_1,24,1,1
3562_aug_2,24,1,1
3562_aug_3,24,1,1
3562_aug_4,26,1,1
3562_aug_5,25,1,1
3562_aug_6,26,1,1
3563,0,0,1
3563_aug_1,0,0,1
3563_aug_2,0,0,1
3563_aug_3,0,0,1
3563_aug_4,0,0,1
3563_aug_5,0,0,1
3563_aug_6,0,0,1
3564,26,1,1
3564_aug_1,29,1,1
3564_aug_2,32,1,1
3564_aug_3,28,1,1
3564_aug_4,31,1,1
3564_aug_5,29,1,1
3564_aug_6,28,1,1
3565,28,1,1
3565_aug_1,29,1,1
3565_aug_2,32,1,1
3565_aug_3,31,1,1
3565_aug_4,31,1,1
3565_aug_5,29,1,1
3565_aug_6,30,1,1
3568,24,1,1
3568_aug_1,28,1,1
3568_aug_2,29,1,1
3568_aug_3,27,1,1
3568_aug_4,27,1,1
3568_aug_5,28,1,1
3568_aug_6,24,1,1
3569,16,1,1
3569_aug_1,18,1,1
3569_aug_2,25,1,1
3569_aug_3,18,1,1
3569_aug_4,17,1,1
3569_aug_5,21,1,1
3569_aug_6,23,1,1
3572,0,0,1
3572_aug_1,0,0,1
3572_aug_2,0,0,1
3572_aug_3,0,0,1
3572_aug_4,0,0,1
3572_aug_5,0,0,1
3572_aug_6,0,0,1
3573,30,1,1
3573_aug_1,32,1,1
3573_aug_2,33,1,1
3573_aug_3,41,1,1
3573_aug_4,38,1,1
3573_aug_5,35,1,1
3573_aug_6,33,1,1
3574,21,1,1
3574_aug_1,29,1,1
3574_aug_2,29,1,1
3574_aug_3,25,1,1
3574_aug_4,28,1,1
3574_aug_5,25,1,1
3574_aug_6,25,1,1
3575,22,1,1
3575_aug_1,23,1,1
3575_aug_2,27,1,1
3575_aug_3,23,1,1
3575_aug_4,27,1,1
3575_aug_5,23,1,1
3575_aug_6,24,1,1
3577,22,1,1
3577_aug_1,26,1,1
3577_aug_2,28,1,1
3577_aug_3,26,1,1
3577_aug_4,26,1,1
3577_aug_5,26,1,1
3577_aug_6,28,1,1
3578,9,1,1
3578_aug_1,10,1,1
3578_aug_2,11,1,1
3578_aug_3,12,1,1
3578_aug_4,9,1,1
3578_aug_5,9,1,1
3578_aug_6,13,1,1
3579,21,1,1
3579_aug_1,21,1,1
3579_aug_2,26,1,1
3579_aug_3,23,1,1
3579_aug_4,23,1,1
3579_aug_5,24,1,1
3579_aug_6,24,1,1
3580,13,1,1
3580_aug_1,16,1,1
3580_aug_2,20,1,1
3580_aug_3,15,1,1
3580_aug_4,17,1,1
3580_aug_5,17,1,1
3580_aug_6,18,1,1
3582,10,1,1
3582_aug_1,12,1,1
3582_aug_2,12,1,1
3582_aug_3,11,1,1
3582_aug_4,17,1,1
3582_aug_5,12,1,1
3582_aug_6,11,1,1
3585,0,0,1
3585_aug_1,0,0,1
3585_aug_2,0,0,1
3585_aug_3,0,0,1
3585_aug_4,0,0,1
3585_aug_5,0,0,1
3585_aug_6,0,0,1
3587,11,1,1
3587_aug_1,11,1,1
3587_aug_2,17,1,1
3587_aug_3,15,1,1
3587_aug_4,15,1,1
3587_aug_5,13,1,1
3587_aug_6,15,1,1
3588,20,1,1
3588_aug_1,26,1,1
3588_aug_2,25,1,1
3588_aug_3,26,1,1
3588_aug_4,23,1,1
3588_aug_5,24,1,1
3588_aug_6,24,1,1
3589,28,1,1
3589_aug_1,41,1,1
3589_aug_2,33,1,1
3589_aug_3,33,1,1
3589_aug_4,32,1,1
3589_aug_5,36,1,1
3589_aug_6,35,1,1
3591,15,1,1
3591_aug_1,19,1,1
3591_aug_2,15,1,1
3591_aug_3,17,1,1
3591_aug_4,17,1,1
3591_aug_5,18,1,1
3591_aug_6,15,1,1
3593,14,1,1
3593_aug_1,24,1,1
3593_aug_2,19,1,1
3593_aug_3,22,1,1
3593_aug_4,20,1,1
3593_aug_5,18,1,1
3593_aug_6,16,1,1
3594,11,1,1
3594_aug_1,17,1,1
3594_aug_2,12,1,1
3594_aug_3,15,1,1
3594_aug_4,19,1,1
3594_aug_5,15,1,1
3594_aug_6,18,1,1
3595,35,1,1
3595_aug_1,36,1,1
3595_aug_2,37,1,1
3595_aug_3,42,1,1
3595_aug_4,38,1,1
3595_aug_5,36,1,1
3595_aug_6,36,1,1
3596,0,0,1
3596_aug_1,0,0,1
3596_aug_2,0,0,1
3596_aug_3,0,0,1
3596_aug_4,0,0,1
3596_aug_5,0,0,1
3596_aug_6,0,0,1
3597,20,1,1
3597_aug_1,22,1,1
3597_aug_2,22,1,1
3597_aug_3,24,1,1
3597_aug_4,23,1,1
3597_aug_5,22,1,1
3597_aug_6,25,1,1
3598,28,1,1
3598_aug_1,34,1,1
3598_aug_2,28,1,1
3598_aug_3,31,1,1
3598_aug_4,32,1,1
3598_aug_5,34,1,1
3598_aug_6,33,1,1
3599,26,1,1
3599_aug_1,28,1,1
3599_aug_2,28,1,1
3599_aug_3,27,1,1
3599_aug_4,32,1,1
3599_aug_5,28,1,1
3599_aug_6,29,1,1
3601,35,1,1
3601_aug_1,40,1,1
3601_aug_2,35,1,1
3601_aug_3,38,1,1
3601_aug_4,39,1,1
3601_aug_5,38,1,1
3601_aug_6,37,1,1
3603,11,1,1
3603_aug_1,11,1,1
3603_aug_2,12,1,1
3603_aug_3,12,1,1
3603_aug_4,14,1,1
3603_aug_5,11,1,1
3603_aug_6,12,1,1
3604,0,0,1
3604_aug_1,0,0,1
3604_aug_2,0,0,1
3604_aug_3,0,0,1
3604_aug_4,0,0,1
3604_aug_5,0,0,1
3604_aug_6,0,0,1
3606,11,1,1
3606_aug_1,13,1,1
3606_aug_2,13,1,1
3606_aug_3,13,1,1
3606_aug_4,16,1,1
3606_aug_5,11,1,1
3606_aug_6,11,1,1
3607,28,1,1
3607_aug_1,34,1,1
3607_aug_2,28,1,1
3607_aug_3,33,1,1
3607_aug_4,33,1,1
3607_aug_5,30,1,1
3607_aug_6,31,1,1
3610,14,1,1
3610_aug_1,18,1,1
3610_aug_2,17,1,1
3610_aug_3,18,1,1
3610_aug_4,18,1,1
3610_aug_5,15,1,1
3610_aug_6,21,1,1
3611,43,1,1
3611_aug_1,46,1,1
3611_aug_2,47,1,1
3611_aug_3,46,1,1
3611_aug_4,48,1,1
3611_aug_5,47,1,1
3611_aug_6,43,1,1
3613,0,0,1
3613_aug_1,0,0,1
3613_aug_2,0,0,1
3613_aug_3,0,0,1
3613_aug_4,0,0,1
3613_aug_5,0,0,1
3613_aug_6,0,0,1
3614,18,1,0
3614_aug_1,22,1,0
3614_aug_2,21,1,0
3614_aug_3,19,1,0
3614_aug_4,22,1,0
3614_aug_5,21,1,0
3614_aug_6,23,1,0
3615,0,0,1
3615_aug_1,0,0,1
3615_aug_2,0,0,1
3615_aug_3,0,0,1
3615_aug_4,0,0,1
3615_aug_5,0,0,1
3615_aug_6,0,0,1
3616,23,1,1
3616_aug_1,23,1,1
3616_aug_2,23,1,1
3616_aug_3,26,1,1
3616_aug_4,29,1,1
3616_aug_5,27,1,1
3616_aug_6,28,1,1
3618,19,1,1
3618_aug_1,22,1,1
3618_aug_2,20,1,1
3618_aug_3,22,1,1
3618_aug_4,24,1,1
3618_aug_5,23,1,1
3618_aug_6,21,1,1
3619,22,1,1
3619_aug_1,24,1,1
3619_aug_2,23,1,1
3619_aug_3,29,1,1
3619_aug_4,28,1,1
3619_aug_5,23,1,1
3619_aug_6,26,1,1
3620,37,1,1
3620_aug_1,41,1,1
3620_aug_2,41,1,1
3620_aug_3,41,1,1
3620_aug_4,41,1,1
3620_aug_5,46,1,1
3620_aug_6,41,1,1
3621,9,1,1
3621_aug_1,10,1,1
3621_aug_2,10,1,1
3621_aug_3,10,1,1
3621_aug_4,9,1,1
3621_aug_5,12,1,1
3621_aug_6,10,1,1
3623,20,1,1
3623_aug_1,22,1,1
3623_aug_2,22,1,1
3623_aug_3,24,1,1
3623_aug_4,23,1,1
3623_aug_5,21,1,1
3623_aug_6,20,1,1
3624,19,1,1
3624_aug_1,21,1,1
3624_aug_2,21,1,1
3624_aug_3,22,1,1
3624_aug_4,22,1,1
3624_aug_5,20,1,1
3624_aug_6,19,1,1
3625,18,1,1
3625_aug_1,23,1,1
3625_aug_2,19,1,1
3625_aug_3,19,1,1
3625_aug_4,20,1,1
3625_aug_5,21,1,1
3625_aug_6,19,1,1
3626,0,0,1
3626_aug_1,0,0,1
3626_aug_2,0,0,1
3626_aug_3,0,0,1
3626_aug_4,0,0,1
3626_aug_5,0,0,1
3626_aug_6,0,0,1
3628,28,1,1
3628_aug_1,34,1,1
3628_aug_2,31,1,1
3628_aug_3,31,1,1
3628_aug_4,35,1,1
3628_aug_5,38,1,1
3628_aug_6,41,1,1
3629,0,0,1
3629_aug_1,0,0,1
3629_aug_2,0,0,1
3629_aug_3,0,0,1
3629_aug_4,0,0,1
3629_aug_5,0,0,1
3629_aug_6,0,0,1
3631,0,0,1
3631_aug_1,0,0,1
3631_aug_2,0,0,1
3631_aug_3,0,0,1
3631_aug_4,0,0,1
3631_aug_5,0,0,1
3631_aug_6,0,0,1
3633,16,1,1
3633_aug_1,19,1,1
3633_aug_2,21,1,1
3633_aug_3,17,1,1
3633_aug_4,22,1,1
3633_aug_5,19,1,1
3633_aug_6,22,1,1
3634,14,1,1
3634_aug_1,17,1,1
3634_aug_2,15,1,1
3634_aug_3,16,1,1
3634_aug_4,17,1,1
3634_aug_5,19,1,1
3634_aug_6,14,1,1
3635,18,1,1
3635_aug_1,20,1,1
3635_aug_2,23,1,1
3635_aug_3,21,1,1
3635_aug_4,23,1,1
3635_aug_5,20,1,1
3635_aug_6,19,1,1
3636,26,1,1
3636_aug_1,32,1,1
3636_aug_2,30,1,1
3636_aug_3,33,1,1
3636_aug_4,30,1,1
3636_aug_5,31,1,1
3636_aug_6,28,1,1
3637,23,1,1
3637_aug_1,29,1,1
3637_aug_2,25,1,1
3637_aug_3,27,1,1
3637_aug_4,26,1,1
3637_aug_5,28,1,1
3637_aug_6,29,1,1
3638,8,1,1
3638_aug_1,14,1,1
3638_aug_2,10,1,1
3638_aug_3,11,1,1
3638_aug_4,11,1,1
3638_aug_5,11,1,1
3638_aug_6,11,1,1
3639,18,1,1
3639_aug_1,22,1,1
3639_aug_2,20,1,1
3639_aug_3,19,1,1
3639_aug_4,20,1,1
3639_aug_5,24,1,1
3639_aug_6,18,1,1
3640,0,0,1
3640_aug_1,0,0,1
3640_aug_2,0,0,1
3640_aug_3,0,0,1
3640_aug_4,0,0,1
3640_aug_5,0,0,1
3640_aug_6,0,0,1
3641,39,1,1
3641_aug_1,44,1,1
3641_aug_2,40,1,1
3641_aug_3,43,1,1
3641_aug_4,41,1,1
3641_aug_5,43,1,1
3641_aug_6,42,1,1
3642,24,1,1
3642_aug_1,27,1,1
3642_aug_2,26,1,1
3642_aug_3,28,1,1
3642_aug_4,29,1,1
3642_aug_5,25,1,1
3642_aug_6,27,1,1
3646,7,1,1
3646_aug_1,9,1,1
3646_aug_2,9,1,1
3646_aug_3,10,1,1
3646_aug_4,9,1,1
3646_aug_5,8,1,1
3646_aug_6,8,1,1
3647,13,1,1
3647_aug_1,15,1,1
3647_aug_2,17,1,1
3647_aug_3,13,1,1
3647_aug_4,16,1,1
3647_aug_5,17,1,1
3647_aug_6,16,1,1
3648,16,1,1
3648_aug_1,19,1,1
3648_aug_2,21,1,1
3648_aug_3,20,1,1
3648_aug_4,23,1,1
3648_aug_5,23,1,1
3648_aug_6,19,1,1
3649,11,1,1
3649_aug_1,14,1,1
3649_aug_2,12,1,1
3649_aug_3,15,1,1
3649_aug_4,13,1,1
3649_aug_5,15,1,1
3649_aug_6,13,1,1
3650,20,1,1
3650_aug_1,23,1,1
3650_aug_2,23,1,1
3650_aug_3,22,1,1
3650_aug_4,23,1,1
3650_aug_5,23,1,1
3650_aug_6,21,1,1
3652,22,1,1
3652_aug_1,25,1,1
3652_aug_2,24,1,1
3652_aug_3,27,1,1
3652_aug_4,26,1,1
3652_aug_5,27,1,1
3652_aug_6,23,1,1
3653,28,1,1
3653_aug_1,30,1,1
3653_aug_2,31,1,1
3653_aug_3,32,1,1
3653_aug_4,31,1,1
3653_aug_5,32,1,1
3653_aug_6,32,1,1
3654,26,1,1
3654_aug_1,29,1,1
3654_aug_2,29,1,1
3654_aug_3,29,1,1
3654_aug_4,29,1,1
3654_aug_5,28,1,1
3654_aug_6,30,1,1
3655,25,1,1
3655_aug_1,27,1,1
3655_aug_2,25,1,1
3655_aug_3,30,1,1
3655_aug_4,25,1,1
3655_aug_5,27,1,1
3655_aug_6,26,1,1
3657,22,1,1
3657_aug_1,28,1,1
3657_aug_2,25,1,1
3657_aug_3,27,1,1
3657_aug_4,27,1,1
3657_aug_5,30,1,1
3657_aug_6,25,1,1
3661,17,1,1
3661_aug_1,19,1,1
3661_aug_2,24,1,1
3661_aug_3,22,1,1
3661_aug_4,20,1,1
3661_aug_5,19,1,1
3661_aug_6,20,1,1
3662,32,1,1
3662_aug_1,36,1,1
3662_aug_2,34,1,1
3662_aug_3,36,1,1
3662_aug_4,35,1,1
3662_aug_5,35,1,1
3662_aug_6,36,1,1
3663,7,1,1
3663_aug_1,7,1,1
3663_aug_2,9,1,1
3663_aug_3,10,1,1
3663_aug_4,8,1,1
3663_aug_5,7,1,1
3663_aug_6,7,1,1
3664,25,1,1
3664_aug_1,31,1,1
3664_aug_2,32,1,1
3664_aug_3,31,1,1
3664_aug_4,29,1,1
3664_aug_5,31,1,1
3664_aug_6,28,1,1
3665,20,1,1
3665_aug_1,23,1,1
3665_aug_2,22,1,1
3665_aug_3,22,1,1
3665_aug_4,21,1,1
3665_aug_5,22,1,1
3665_aug_6,25,1,1
3666,21,1,1
3666_aug_1,24,1,1
3666_aug_2,23,1,1
3666_aug_3,23,1,1
3666_aug_4,23,1,1
3666_aug_5,25,1,1
3666_aug_6,21,1,1
3668,0,0,1
3668_aug_1,0,0,1
3668_aug_2,0,0,1
3668_aug_3,0,0,1
3668_aug_4,0,0,1
3668_aug_5,0,0,1
3668_aug_6,0,0,1
3670,31,1,1
3670_aug_1,38,1,1
3670_aug_2,38,1,1
3670_aug_3,36,1,1
3670_aug_4,40,1,1
3670_aug_5,38,1,1
3670_aug_6,37,1,1
3672,19,1,1
3672_aug_1,23,1,1
3672_aug_2,24,1,1
3672_aug_3,21,1,1
3672_aug_4,23,1,1
3672_aug_5,24,1,1
3672_aug_6,19,1,1
3673,35,1,1
3673_aug_1,35,1,1
3673_aug_2,38,1,1
3673_aug_3,39,1,1
3673_aug_4,36,1,1
3673_aug_5,44,1,1
3673_aug_6,40,1,1
3674,0,0,1
3674_aug_1,0,0,1
3674_aug_2,0,0,1
3674_aug_3,0,0,1
3674_aug_4,0,0,1
3674_aug_5,0,0,1
3674_aug_6,0,0,1
3675,18,1,1
3675_aug_1,23,1,1
3675_aug_2,20,1,1
3675_aug_3,21,1,1
3675_aug_4,23,1,1
3675_aug_5,22,1,1
3675_aug_6,20,1,1
3677,21,1,1
3677_aug_1,24,1,1
3677_aug_2,28,1,1
3677_aug_3,27,1,1
3677_aug_4,23,1,1
3677_aug_5,30,1,1
3677_aug_6,26,1,1
3678,20,1,1
3678_aug_1,21,1,1
3678_aug_2,21,1,1
3678_aug_3,21,1,1
3678_aug_4,20,1,1
3678_aug_5,23,1,1
3678_aug_6,21,1,1
3679,9,1,1
3679_aug_1,18,1,1
3679_aug_2,16,1,1
3679_aug_3,14,1,1
3679_aug_4,15,1,1
3679_aug_5,15,1,1
3679_aug_6,10,1,1
3680,24,1,1
3680_aug_1,29,1,1
3680_aug_2,26,1,1
3680_aug_3,31,1,1
3680_aug_4,28,1,1
3680_aug_5,27,1,1
3680_aug_6,27,1,1
3681,23,1,1
3681_aug_1,25,1,1
3681_aug_2,27,1,1
3681_aug_3,26,1,1
3681_aug_4,29,1,1
3681_aug_5,26,1,1
3681_aug_6,27,1,1
3682,15,1,1
3682_aug_1,19,1,1
3682_aug_2,22,1,1
3682_aug_3,17,1,1
3682_aug_4,20,1,1
3682_aug_5,18,1,1
3682_aug_6,19,1,1
3683,27,1,1
3683_aug_1,27,1,1
3683_aug_2,30,1,1
3683_aug_3,30,1,1
3683_aug_4,27,1,1
3683_aug_5,29,1,1
3683_aug_6,30,1,1
3684,0,0,1
3684_aug_1,0,0,1
3684_aug_2,0,0,1
3684_aug_3,0,0,1
3684_aug_4,0,0,1
3684_aug_5,0,0,1
3684_aug_6,0,0,1
3686,0,0,1
3686_aug_1,0,0,1
3686_aug_2,0,0,1
3686_aug_3,0,0,1
3686_aug_4,0,0,1
3686_aug_5,0,0,1
3686_aug_6,0,0,1
3687,42,1,1
3687_aug_1,47,1,1
3687_aug_2,45,1,1
3687_aug_3,44,1,1
3687_aug_4,49,1,1
3687_aug_5,48,1,1
3687_aug_6,45,1,1
3690,12,1,1
3690_aug_1,16,1,1
3690_aug_2,15,1,1
3690_aug_3,12,1,1
3690_aug_4,13,1,1
3690_aug_5,13,1,1
3690_aug_6,14,1,1
3691,20,1,1
3691_aug_1,28,1,1
3691_aug_2,22,1,1
3691_aug_3,24,1,1
3691_aug_4,20,1,1
3691_aug_5,24,1,1
3691_aug_6,26,1,1
3692,22,1,1
3692_aug_1,24,1,1
3692_aug_2,26,1,1
3692_aug_3,23,1,1
3692_aug_4,24,1,1
3692_aug_5,22,1,1
3692_aug_6,26,1,1
3693,32,1,1
3693_aug_1,33,1,1
3693_aug_2,32,1,1
3693_aug_3,32,1,1
3693_aug_4,34,1,1
3693_aug_5,34,1,1
3693_aug_6,35,1,1
3694,31,1,1
3694_aug_1,35,1,1
3694_aug_2,33,1,1
3694_aug_3,33,1,1
3694_aug_4,33,1,1
3694_aug_5,35,1,1
3694_aug_6,33,1,1
3695,25,1,1
3695_aug_1,27,1,1
3695_aug_2,33,1,1
3695_aug_3,28,1,1
3695_aug_4,30,1,1
3695_aug_5,26,1,1
3695_aug_6,26,1,1
3696,0,0,1
3696_aug_1,0,0,1
3696_aug_2,0,0,1
3696_aug_3,0,0,1
3696_aug_4,0,0,1
3696_aug_5,0,0,1
3696_aug_6,0,0,1
3697,33,1,1
3697_aug_1,35,1,1
3697_aug_2,36,1,1
3697_aug_3,34,1,1
3697_aug_4,33,1,1
3697_aug_5,36,1,1
3697_aug_6,37,1,1
3700,18,1,1
3700_aug_1,25,1,1
3700_aug_2,21,1,1
3700_aug_3,23,1,1
3700_aug_4,22,1,1
3700_aug_5,21,1,1
3700_aug_6,22,1,1
3702,37,1,1
3702_aug_1,40,1,1
3702_aug_2,43,1,1
3702_aug_3,41,1,1
3702_aug_4,41,1,1
3702_aug_5,43,1,1
3702_aug_6,41,1,1
3705,19,1,1
3705_aug_1,22,1,1
3705_aug_2,22,1,1
3705_aug_3,24,1,1
3705_aug_4,23,1,1
3705_aug_5,21,1,1
3705_aug_6,21,1,1
3706,20,1,1
3706_aug_1,22,1,1
3706_aug_2,23,1,1
3706_aug_3,22,1,1
3706_aug_4,21,1,1
3706_aug_5,21,1,1
3706_aug_6,26,1,1
3709,22,1,1
3709_aug_1,23,1,1
3709_aug_2,22,1,1
3709_aug_3,28,1,1
3709_aug_4,23,1,1
3709_aug_5,23,1,1
3709_aug_6,24,1,1
3713,0,0,1
3713_aug_1,0,0,1
3713_aug_2,0,0,1
3713_aug_3,0,0,1
3713_aug_4,0,0,1
3713_aug_5,0,0,1
3713_aug_6,0,0,1
3715,0,0,1
3715_aug_1,0,0,1
3715_aug_2,0,0,1
3715_aug_3,0,0,1
3715_aug_4,0,0,1
3715_aug_5,0,0,1
3715_aug_6,0,0,1
3717,14,1,1
3717_aug_1,18,1,1
3717_aug_2,18,1,1
3717_aug_3,16,1,1
3717_aug_4,19,1,1
3717_aug_5,18,1,1
3717_aug_6,17,1,1
3719,0,0,1
3719_aug_1,0,0,1
3719_aug_2,0,0,1
3719_aug_3,0,0,1
3719_aug_4,0,0,1
3719_aug_5,0,0,1
3719_aug_6,0,0,1
3720,20,1,1
3720_aug_1,27,1,1
3720_aug_2,21,1,1
3720_aug_3,21,1,1
3720_aug_4,21,1,1
3720_aug_5,23,1,1
3720_aug_6,26,1,1
3721,29,1,1
3721_aug_1,36,1,1
3721_aug_2,30,1,1
3721_aug_3,29,1,1
3721_aug_4,37,1,1
3721_aug_5,31,1,1
3721_aug_6,32,1,1
3722,7,1,1
3722_aug_1,8,1,1
3722_aug_2,10,1,1
3722_aug_3,9,1,1
3722_aug_4,10,1,1
3722_aug_5,10,1,1
3722_aug_6,9,1,1
3723,18,1,1
3723_aug_1,20,1,1
3723_aug_2,23,1,1
3723_aug_3,21,1,1
3723_aug_4,22,1,1
3723_aug_5,26,1,1
3723_aug_6,20,1,1
3725,25,1,1
3725_aug_1,29,1,1
3725_aug_2,30,1,1
3725_aug_3,32,1,1
3725_aug_4,30,1,1
3725_aug_5,30,1,1
3725_aug_6,27,1,1
3726,14,1,1
3726_aug_1,17,1,1
3726_aug_2,17,1,1
3726_aug_3,18,1,1
3726_aug_4,16,1,1
3726_aug_5,19,1,1
3726_aug_6,15,1,1
3727,14,1,1
3727_aug_1,17,1,1
3727_aug_2,15,1,1
3727_aug_3,17,1,1
3727_aug_4,17,1,1
3727_aug_5,20,1,1
3727_aug_6,16,1,1
3728,24,1,1
3728_aug_1,25,1,1
3728_aug_2,26,1,1
3728_aug_3,26,1,1
3728_aug_4,26,1,1
3728_aug_5,28,1,1
3728_aug_6,27,1,1
3729,48,1,1
3729_aug_1,54,1,1
3729_aug_2,58,1,1
3729_aug_3,55,1,1
3729_aug_4,53,1,1
3729_aug_5,53,1,1
3729_aug_6,52,1,1
3730,0,0,1
3730_aug_1,0,0,1
3730_aug_2,0,0,1
3730_aug_3,0,0,1
3730_aug_4,0,0,1
3730_aug_5,0,0,1
3730_aug_6,0,0,1
3731,10,1,1
3731_aug_1,13,1,1
3731_aug_2,14,1,1
3731_aug_3,10,1,1
3731_aug_4,15,1,1
3731_aug_5,11,1,1
3731_aug_6,10,1,1
3732,22,1,1
3732_aug_1,23,1,1
3732_aug_2,22,1,1
3732_aug_3,26,1,1
3732_aug_4,25,1,1
3732_aug_5,24,1,1
3732_aug_6,24,1,1
3734,18,1,1
3734_aug_1,24,1,1
3734_aug_2,20,1,1
3734_aug_3,26,1,1
3734_aug_4,23,1,1
3734_aug_5,23,1,1
3734_aug_6,23,1,1
3735,9,1,1
3735_aug_1,12,1,1
3735_aug_2,9,1,1
3735_aug_3,12,1,1
3735_aug_4,9,1,1
3735_aug_5,14,1,1
3735_aug_6,12,1,1
3738,19,1,1
3738_aug_1,20,1,1
3738_aug_2,21,1,1
3738_aug_3,23,1,1
3738_aug_4,23,1,1
3738_aug_5,24,1,1
3738_aug_6,22,1,1
3742,14,1,1
3742_aug_1,17,1,1
3742_aug_2,19,1,1
3742_aug_3,15,1,1
3742_aug_4,14,1,1
3742_aug_5,14,1,1
3742_aug_6,14,1,1
3744,0,0,1
3744_aug_1,0,0,1
3744_aug_2,0,0,1
3744_aug_3,0,0,1
3744_aug_4,0,0,1
3744_aug_5,0,0,1
3744_aug_6,0,0,1
3746,32,1,1
3746_aug_1,36,1,1
3746_aug_2,32,1,1
3746_aug_3,35,1,1
3746_aug_4,38,1,1
3746_aug_5,34,1,1
3746_aug_6,38,1,1
3748,26,1,1
3748_aug_1,29,1,1
3748_aug_2,35,1,1
3748_aug_3,26,1,1
3748_aug_4,29,1,1
3748_aug_5,28,1,1
3748_aug_6,27,1,1
3749,18,1,1
3749_aug_1,24,1,1
3749_aug_2,23,1,1
3749_aug_3,24,1,1
3749_aug_4,23,1,1
3749_aug_5,23,1,1
3749_aug_6,23,1,1
3750,24,1,1
3750_aug_1,29,1,1
3750_aug_2,26,1,1
3750_aug_3,26,1,1
3750_aug_4,26,1,1
3750_aug_5,27,1,1
3750_aug_6,25,1,1
3751,20,1,1
3751_aug_1,22,1,1
3751_aug_2,28,1,1
3751_aug_3,25,1,1
3751_aug_4,25,1,1
3751_aug_5,20,1,1
3751_aug_6,28,1,1
3752,0,0,1
3752_aug_1,0,0,1
3752_aug_2,0,0,1
3752_aug_3,0,0,1
3752_aug_4,0,0,1
3752_aug_5,0,0,1
3752_aug_6,0,0,1
3755,39,1,1
3755_aug_1,50,1,1
3755_aug_2,41,1,1
3755_aug_3,44,1,1
3755_aug_4,46,1,1
3755_aug_5,46,1,1
3755_aug_6,40,1,1
3757,24,1,1
3757_aug_1,24,1,1
3757_aug_2,24,1,1
3757_aug_3,27,1,1
3757_aug_4,24,1,1
3757_aug_5,24,1,1
3757_aug_6,26,1,1
3758,0,0,1
3758_aug_1,0,0,1
3758_aug_2,0,0,1
3758_aug_3,0,0,1
3758_aug_4,0,0,1
3758_aug_5,0,0,1
3758_aug_6,0,0,1
3759,29,1,1
3759_aug_1,37,1,1
3759_aug_2,30,1,1
3759_aug_3,35,1,1
3759_aug_4,35,1,1
3759_aug_5,37,1,1
3759_aug_6,35,1,1
3760,32,1,1
3760_aug_1,38,1,1
3760_aug_2,38,1,1
3760_aug_3,39,1,1
3760_aug_4,37,1,1
3760_aug_5,38,1,1
3760_aug_6,41,1,1
3762,30,1,1
3762_aug_1,31,1,1
3762_aug_2,35,1,1
3762_aug_3,34,1,1
3762_aug_4,33,1,1
3762_aug_5,34,1,1
3762_aug_6,30,1,1
3763,6,1,1
3763_aug_1,6,1,1
3763_aug_2,6,1,1
3763_aug_3,6,1,1
3763_aug_4,6,1,1
3763_aug_5,10,1,1
3763_aug_6,6,1,1
3764,14,1,1
3764_aug_1,17,1,1
3764_aug_2,18,1,1
3764_aug_3,18,1,1
3764_aug_4,15,1,1
3764_aug_5,21,1,1
3764_aug_6,17,1,1
3765,25,1,1
3765_aug_1,33,1,1
3765_aug_2,31,1,1
3765_aug_3,27,1,1
3765_aug_4,29,1,1
3765_aug_5,32,1,1
3765_aug_6,27,1,1
3766,21,1,1
3766_aug_1,26,1,1
3766_aug_2,22,1,1
3766_aug_3,22,1,1
3766_aug_4,24,1,1
3766_aug_5,23,1,1
3766_aug_6,23,1,1
3767,0,0,1
3767_aug_1,0,0,1
3767_aug_2,0,0,1
3767_aug_3,0,0,1
3767_aug_4,0,0,1
3767_aug_5,0,0,1
3767_aug_6,0,0,1
3769,23,1,1
3769_aug_1,23,1,1
3769_aug_2,23,1,1
3769_aug_3,23,1,1
3769_aug_4,23,1,1
3769_aug_5,23,1,1
3769_aug_6,23,1,1
3776,0,0,1
3776_aug_1,0,0,1
3776_aug_2,0,0,1
3776_aug_3,0,0,1
3776_aug_4,0,0,1
3776_aug_5,0,0,1
3776_aug_6,0,0,1
3777,26,1,1
3777_aug_1,27,1,1
3777_aug_2,28,1,1
3777_aug_3,29,1,1
3777_aug_4,27,1,1
3777_aug_5,31,1,1
3777_aug_6,30,1,1
3778,11,1,1
3778_aug_1,13,1,1
3778_aug_2,13,1,1
3778_aug_3,14,1,1
3778_aug_4,11,1,1
3778_aug_5,11,1,1
3778_aug_6,13,1,1
3779,16,1,1
3779_aug_1,20,1,1
3779_aug_2,23,1,1
3779_aug_3,24,1,1
3779_aug_4,21,1,1
3779_aug_5,20,1,1
3779_aug_6,23,1,1
3781,30,1,1
3781_aug_1,31,1,1
3781_aug_2,32,1,1
3781_aug_3,34,1,1
3781_aug_4,31,1,1
3781_aug_5,31,1,1
3781_aug_6,32,1,1
3783,16,1,1
3783_aug_1,16,1,1
3783_aug_2,20,1,1
3783_aug_3,17,1,1
3783_aug_4,20,1,1
3783_aug_5,17,1,1
3783_aug_6,17,1,1
3784,19,1,1
3784_aug_1,20,1,1
3784_aug_2,22,1,1
3784_aug_3,20,1,1
3784_aug_4,19,1,1
3784_aug_5,23,1,1
3784_aug_6,20,1,1
3785,23,1,1
3785_aug_1,25,1,1
3785_aug_2,25,1,1
3785_aug_3,23,1,1
3785_aug_4,26,1,1
3785_aug_5,24,1,1
3785_aug_6,26,1,1
3787,14,1,1
3787_aug_1,14,1,1
3787_aug_2,16,1,1
3787_aug_3,14,1,1
3787_aug_4,16,1,1
3787_aug_5,16,1,1
3787_aug_6,15,1,1
3789,26,1,1
3789_aug_1,31,1,1
3789_aug_2,27,1,1
3789_aug_3,28,1,1
3789_aug_4,28,1,1
3789_aug_5,33,1,1
3789_aug_6,31,1,1
3791,0,0,1
3791_aug_1,0,0,1
3791_aug_2,0,0,1
3791_aug_3,0,0,1
3791_aug_4,0,0,1
3791_aug_5,0,0,1
3791_aug_6,0,0,1
3793,26,1,1
3793_aug_1,27,1,1
3793_aug_2,28,1,1
3793_aug_3,28,1,1
3793_aug_4,30,1,1
3793_aug_5,28,1,1
3793_aug_6,31,1,1
3795,21,1,1
3795_aug_1,25,1,1
3795_aug_2,23,1,1
3795_aug_3,25,1,1
3795_aug_4,22,1,1
3795_aug_5,26,1,1
3795_aug_6,28,1,1
3797,25,1,1
3797_aug_1,29,1,1
3797_aug_2,30,1,1
3797_aug_3,25,1,1
3797_aug_4,30,1,1
3797_aug_5,26,1,1
3797_aug_6,27,1,1
3798,19,1,1
3798_aug_1,22,1,1
3798_aug_2,25,1,1
3798_aug_3,24,1,1
3798_aug_4,24,1,1
3798_aug_5,25,1,1
3798_aug_6,24,1,1
3799,0,0,1
3799_aug_1,0,0,1
3799_aug_2,0,0,1
3799_aug_3,0,0,1
3799_aug_4,0,0,1
3799_aug_5,0,0,1
3799_aug_6,0,0,1
3801,31,1,1
3801_aug_1,35,1,1
3801_aug_2,34,1,1
3801_aug_3,34,1,1
3801_aug_4,33,1,1
3801_aug_5,34,1,1
3801_aug_6,33,1,1
3802,46,1,1
3802_aug_1,54,1,1
3802_aug_2,54,1,1
3802_aug_3,49,1,1
3802_aug_4,48,1,1
3802_aug_5,57,1,1
3802_aug_6,49,1,1
3804,45,1,1
3804_aug_1,52,1,1
3804_aug_2,48,1,1
3804_aug_3,48,1,1
3804_aug_4,51,1,1
3804_aug_5,53,1,1
3804_aug_6,51,1,1
3806,19,1,1
3806_aug_1,22,1,1
3806_aug_2,22,1,1
3806_aug_3,20,1,1
3806_aug_4,25,1,1
3806_aug_5,21,1,1
3806_aug_6,24,1,1
3807,33,1,1
3807_aug_1,39,1,1
3807_aug_2,38,1,1
3807_aug_3,40,1,1
3807_aug_4,37,1,1
3807_aug_5,40,1,1
3807_aug_6,38,1,1
3808,27,1,1
3808_aug_1,33,1,1
3808_aug_2,31,1,1
3808_aug_3,31,1,1
3808_aug_4,29,1,1
3808_aug_5,31,1,1
3808_aug_6,32,1,1
3810,21,1,1
3810_aug_1,23,1,1
3810_aug_2,23,1,1
3810_aug_3,22,1,1
3810_aug_4,24,1,1
3810_aug_5,25,1,1
3810_aug_6,23,1,1
3811,0,0,1
3811_aug_1,0,0,1
3811_aug_2,0,0,1
3811_aug_3,0,0,1
3811_aug_4,0,0,1
3811_aug_5,0,0,1
3811_aug_6,0,0,1
3812,27,1,1
3812_aug_1,27,1,1
3812_aug_2,30,1,1
3812_aug_3,33,1,1
3812_aug_4,31,1,1
3812_aug_5,31,1,1
3812_aug_6,29,1,1
3814,24,1,1
3814_aug_1,29,1,1
3814_aug_2,28,1,1
3814_aug_3,30,1,1
3814_aug_4,26,1,1
3814_aug_5,30,1,1
3814_aug_6,27,1,1
3816,29,1,1
3816_aug_1,33,1,1
3816_aug_2,33,1,1
3816_aug_3,31,1,1
3816_aug_4,34,1,1
3816_aug_5,36,1,1
3816_aug_6,35,1,1
3817,17,1,1
3817_aug_1,20,1,1
3817_aug_2,20,1,1
3817_aug_3,20,1,1
3817_aug_4,23,1,1
3817_aug_5,20,1,1
3817_aug_6,21,1,1
3818,12,1,1
3818_aug_1,12,1,1
3818_aug_2,17,1,1
3818_aug_3,15,1,1
3818_aug_4,18,1,1
3818_aug_5,17,1,1
3818_aug_6,14,1,1
3820,26,1,1
3820_aug_1,35,1,1
3820_aug_2,30,1,1
3820_aug_3,32,1,1
3820_aug_4,33,1,1
3820_aug_5,27,1,1
3820_aug_6,30,1,1
3823,0,0,1
3823_aug_1,0,0,1
3823_aug_2,0,0,1
3823_aug_3,0,0,1
3823_aug_4,0,0,1
3823_aug_5,0,0,1
3823_aug_6,0,0,1
3826,18,1,1
3826_aug_1,19,1,1
3826_aug_2,19,1,1
3826_aug_3,23,1,1
3826_aug_4,26,1,1
3826_aug_5,24,1,1
3826_aug_6,18,1,1
3827,19,1,1
3827_aug_1,20,1,1
3827_aug_2,29,1,1
3827_aug_3,22,1,1
3827_aug_4,20,1,1
3827_aug_5,22,1,1
3827_aug_6,20,1,1
3829,25,1,1
3829_aug_1,28,1,1
3829_aug_2,28,1,1
3829_aug_3,28,1,1
3829_aug_4,26,1,1
3829_aug_5,27,1,1
3829_aug_6,28,1,1
3833,46,1,1
3833_aug_1,51,1,1
3833_aug_2,48,1,1
3833_aug_3,47,1,1
3833_aug_4,50,1,1
3833_aug_5,50,1,1
3833_aug_6,46,1,1
3835,19,1,1
3835_aug_1,20,1,1
3835_aug_2,23,1,1
3835_aug_3,20,1,1
3835_aug_4,24,1,1
3835_aug_5,20,1,1
3835_aug_6,19,1,1
3836,30,1,1
3836_aug_1,39,1,1
3836_aug_2,37,1,1
3836_aug_3,33,1,1
3836_aug_4,37,1,1
3836_aug_5,37,1,1
3836_aug_6,32,1,1
3837,14,1,1
3837_aug_1,18,1,1
3837_aug_2,15,1,1
3837_aug_3,17,1,1
3837_aug_4,15,1,1
3837_aug_5,16,1,1
3837_aug_6,17,1,1
3843,34,1,1
3843_aug_1,40,1,1
3843_aug_2,39,1,1
3843_aug_3,36,1,1
3843_aug_4,42,1,1
3843_aug_5,39,1,1
3843_aug_6,36,1,1
3844,11,1,1
3844_aug_1,11,1,1
3844_aug_2,15,1,1
3844_aug_3,11,1,1
3844_aug_4,13,1,1
3844_aug_5,14,1,1
3844_aug_6,11,1,1
3846,28,1,1
3846_aug_1,33,1,1
3846_aug_2,31,1,1
3846_aug_3,37,1,1
3846_aug_4,32,1,1
3846_aug_5,29,1,1
3846_aug_6,29,1,1
3848,34,1,1
3848_aug_1,38,1,1
3848_aug_2,35,1,1
3848_aug_3,35,1,1
3848_aug_4,37,1,1
3848_aug_5,36,1,1
3848_aug_6,35,1,1
3849,19,1,1
3849_aug_1,22,1,1
3849_aug_2,20,1,1
3849_aug_3,23,1,1
3849_aug_4,22,1,1
3849_aug_5,21,1,1
3849_aug_6,19,1,1
3850,0,0,1
3850_aug_1,0,0,1
3850_aug_2,0,0,1
3850_aug_3,0,0,1
3850_aug_4,0,0,1
3850_aug_5,0,0,1
3850_aug_6,0,0,1
3852,21,1,1
3852_aug_1,24,1,1
3852_aug_2,30,1,1
3852_aug_3,23,1,1
3852_aug_4,29,1,1
3852_aug_5,30,1,1
3852_aug_6,24,1,1
3853,0,0,1
3853_aug_1,0,0,1
3853_aug_2,0,0,1
3853_aug_3,0,0,1
3853_aug_4,0,0,1
3853_aug_5,0,0,1
3853_aug_6,0,0,1
3854,26,1,1
3854_aug_1,26,1,1
3854_aug_2,26,1,1
3854_aug_3,33,1,1
3854_aug_4,30,1,1
3854_aug_5,28,1,1
3854_aug_6,29,1,1
3855,29,1,1
3855_aug_1,32,1,1
3855_aug_2,31,1,1
3855_aug_3,32,1,1
3855_aug_4,31,1,1
3855_aug_5,32,1,1
3855_aug_6,34,1,1
3857,25,1,1
3857_aug_1,32,1,1
3857_aug_2,26,1,1
3857_aug_3,26,1,1
3857_aug_4,26,1,1
3857_aug_5,31,1,1
3857_aug_6,29,1,1
3858,23,1,1
3858_aug_1,28,1,1
3858_aug_2,31,1,1
3858_aug_3,28,1,1
3858_aug_4,28,1,1
3858_aug_5,25,1,1
3858_aug_6,28,1,1
3860,15,1,1
3860_aug_1,16,1,1
3860_aug_2,18,1,1
3860_aug_3,17,1,1
3860_aug_4,17,1,1
3860_aug_5,15,1,1
3860_aug_6,20,1,1
3861,19,1,1
3861_aug_1,20,1,1
3861_aug_2,23,1,1
3861_aug_3,22,1,1
3861_aug_4,20,1,1
3861_aug_5,20,1,1
3861_aug_6,23,1,1
3862,0,0,1
3862_aug_1,0,0,1
3862_aug_2,0,0,1
3862_aug_3,0,0,1
3862_aug_4,0,0,1
3862_aug_5,0,0,1
3862_aug_6,0,0,1
3865,20,1,1
3865_aug_1,25,1,1
3865_aug_2,23,1,1
3865_aug_3,29,1,1
3865_aug_4,21,1,1
3865_aug_5,25,1,1
3865_aug_6,21,1,1
3866,21,1,1
3866_aug_1,23,1,1
3866_aug_2,24,1,1
3866_aug_3,23,1,1
3866_aug_4,25,1,1
3866_aug_5,24,1,1
3866_aug_6,21,1,1
3867,20,1,1
3867_aug_1,25,1,1
3867_aug_2,23,1,1
3867_aug_3,22,1,1
3867_aug_4,22,1,1
3867_aug_5,23,1,1
3867_aug_6,23,1,1
3868,0,0,1
3868_aug_1,0,0,1
3868_aug_2,0,0,1
3868_aug_3,0,0,1
3868_aug_4,0,0,1
3868_aug_5,0,0,1
3868_aug_6,0,0,1
3869,27,1,1
3869_aug_1,32,1,1
3869_aug_2,28,1,1
3869_aug_3,29,1,1
3869_aug_4,31,1,1
3869_aug_5,33,1,1
3869_aug_6,28,1,1
3870,0,0,1
3870_aug_1,0,0,1
3870_aug_2,0,0,1
3870_aug_3,0,0,1
3870_aug_4,0,0,1
3870_aug_5,0,0,1
3870_aug_6,0,0,1
3871,0,0,1
3871_aug_1,0,0,1
3871_aug_2,0,0,1
3871_aug_3,0,0,1
3871_aug_4,0,0,1
3871_aug_5,0,0,1
3871_aug_6,0,0,1
3872,7,1,1
3872_aug_1,9,1,1
3872_aug_2,10,1,1
3872_aug_3,7,1,1
3872_aug_4,9,1,1
3872_aug_5,8,1,1
3872_aug_6,7,1,1
3873,0,0,1
3873_aug_1,0,0,1
3873_aug_2,0,0,1
3873_aug_3,0,0,1
3873_aug_4,0,0,1
3873_aug_5,0,0,1
3873_aug_6,0,0,1
3874,24,1,1
3874_aug_1,28,1,1
3874_aug_2,29,1,1
3874_aug_3,26,1,1
3874_aug_4,28,1,1
3874_aug_5,28,1,1
3874_aug_6,26,1,1
3875,21,1,1
3875_aug_1,21,1,1
3875_aug_2,28,1,1
3875_aug_3,23,1,1
3875_aug_4,25,1,1
3875_aug_5,24,1,1
3875_aug_6,22,1,1
3876,19,1,1
3876_aug_1,20,1,1
3876_aug_2,22,1,1
3876_aug_3,24,1,1
3876_aug_4,20,1,1
3876_aug_5,22,1,1
3876_aug_6,22,1,1
3879,14,1,1
3879_aug_1,19,1,1
3879_aug_2,15,1,1
3879_aug_3,14,1,1
3879_aug_4,14,1,1
3879_aug_5,14,1,1
3879_aug_6,14,1,1
3881,37,1,1
3881_aug_1,41,1,1
3881_aug_2,38,1,1
3881_aug_3,39,1,1
3881_aug_4,42,1,1
3881_aug_5,42,1,1
3881_aug_6,43,1,1
3883,15,1,1
3883_aug_1,19,1,1
3883_aug_2,17,1,1
3883_aug_3,17,1,1
3883_aug_4,18,1,1
3883_aug_5,20,1,1
3883_aug_6,17,1,1
3886,0,0,1
3886_aug_1,0,0,1
3886_aug_2,0,0,1
3886_aug_3,0,0,1
3886_aug_4,0,0,1
3886_aug_5,0,0,1
3886_aug_6,0,0,1
3887,25,1,1
3887_aug_1,26,1,1
3887_aug_2,26,1,1
3887_aug_3,25,1,1
3887_aug_4,26,1,1
3887_aug_5,27,1,1
3887_aug_6,30,1,1
3889,14,1,1
3889_aug_1,20,1,1
3889_aug_2,15,1,1
3889_aug_3,18,1,1
3889_aug_4,15,1,1
3889_aug_5,15,1,1
3889_aug_6,14,1,1
3892,66,1,1
3892_aug_1,71,1,1
3892_aug_2,68,1,1
3892_aug_3,70,1,1
3892_aug_4,70,1,1
3892_aug_5,67,1,1
3892_aug_6,71,1,1
3894,0,0,1
3894_aug_1,0,0,1
3894_aug_2,0,0,1
3894_aug_3,0,0,1
3894_aug_4,0,0,1
3894_aug_5,0,0,1
3894_aug_6,0,0,1
3895,27,1,1
3895_aug_1,30,1,1
3895_aug_2,29,1,1
3895_aug_3,31,1,1
3895_aug_4,29,1,1
3895_aug_5,30,1,1
3895_aug_6,32,1,1
3897,7,1,1
3897_aug_1,11,1,1
3897_aug_2,8,1,1
3897_aug_3,13,1,1
3897_aug_4,10,1,1
3897_aug_5,7,1,1
3897_aug_6,7,1,1
3900,0,0,1
3900_aug_1,0,0,1
3900_aug_2,0,0,1
3900_aug_3,0,0,1
3900_aug_4,0,0,1
3900_aug_5,0,0,1
3900_aug_6,0,0,1
3904,16,1,1
3904_aug_1,16,1,1
3904_aug_2,19,1,1
3904_aug_3,18,1,1
3904_aug_4,21,1,1
3904_aug_5,18,1,1
3904_aug_6,17,1,1
3905,16,1,1
3905_aug_1,17,1,1
3905_aug_2,17,1,1
3905_aug_3,18,1,1
3905_aug_4,17,1,1
3905_aug_5,19,1,1
3905_aug_6,20,1,1
3907,41,1,1
3907_aug_1,44,1,1
3907_aug_2,44,1,1
3907_aug_3,46,1,1
3907_aug_4,43,1,1
3907_aug_5,43,1,1
3907_aug_6,43,1,1
3908,27,1,1
3908_aug_1,32,1,1
3908_aug_2,35,1,1
3908_aug_3,33,1,1
3908_aug_4,33,1,1
3908_aug_5,33,1,1
3908_aug_6,29,1,1
3909,19,1,1
3909_aug_1,19,1,1
3909_aug_2,22,1,1
3909_aug_3,21,1,1
3909_aug_4,19,1,1
3909_aug_5,19,1,1
3909_aug_6,19,1,1
3912,37,1,1
3912_aug_1,38,1,1
3912_aug_2,39,1,1
3912_aug_3,39,1,1
3912_aug_4,40,1,1
3912_aug_5,41,1,1
3912_aug_6,42,1,1
3913,0,0,1
3913_aug_1,0,0,1
3913_aug_2,0,0,1
3913_aug_3,0,0,1
3913_aug_4,0,0,1
3913_aug_5,0,0,1
3913_aug_6,0,0,1
3916,14,1,1
3916_aug_1,17,1,1
3916_aug_2,21,1,1
3916_aug_3,22,1,1
3916_aug_4,16,1,1
3916_aug_5,22,1,1
3916_aug_6,18,1,1
3917,24,1,1
3917_aug_1,25,1,1
3917_aug_2,27,1,1
3917_aug_3,25,1,1
3917_aug_4,26,1,1
3917_aug_5,28,1,1
3917_aug_6,27,1,1
3918,25,1,1
3918_aug_1,28,1,1
3918_aug_2,28,1,1
3918_aug_3,30,1,1
3918_aug_4,31,1,1
3918_aug_5,32,1,1
3918_aug_6,28,1,1
3919,0,0,1
3919_aug_1,0,0,1
3919_aug_2,0,0,1
3919_aug_3,0,0,1
3919_aug_4,0,0,1
3919_aug_5,0,0,1
3919_aug_6,0,0,1
3922,14,1,1
3922_aug_1,16,1,1
3922_aug_2,20,1,1
3922_aug_3,18,1,1
3922_aug_4,16,1,1
3922_aug_5,17,1,1
3922_aug_6,18,1,1
3925,23,1,1
3925_aug_1,26,1,1
3925_aug_2,28,1,1
3925_aug_3,23,1,1
3925_aug_4,25,1,1
3925_aug_5,27,1,1
3925_aug_6,27,1,1
3926,41,1,1
3926_aug_1,44,1,1
3926_aug_2,47,1,1
3926_aug_3,42,1,1
3926_aug_4,42,1,1
3926_aug_5,45,1,1
3926_aug_6,45,1,1
3927,0,0,1
3927_aug_1,0,0,1
3927_aug_2,0,0,1
3927_aug_3,0,0,1
3927_aug_4,0,0,1
3927_aug_5,0,0,1
3927_aug_6,0,0,1
3928,12,1,1
3928_aug_1,14,1,1
3928_aug_2,12,1,1
3928_aug_3,12,1,1
3928_aug_4,12,1,1
3928_aug_5,15,1,1
3928_aug_6,15,1,1
3930,27,1,1
3930_aug_1,28,1,1
3930_aug_2,29,1,1
3930_aug_3,29,1,1
3930_aug_4,29,1,1
3930_aug_5,29,1,1
3930_aug_6,30,1,1
3931,18,1,1
3931_aug_1,22,1,1
3931_aug_2,18,1,1
3931_aug_3,20,1,1
3931_aug_4,24,1,1
3931_aug_5,22,1,1
3931_aug_6,23,1,1
3932,17,1,1
3932_aug_1,19,1,1
3932_aug_2,18,1,1
3932_aug_3,20,1,1
3932_aug_4,24,1,1
3932_aug_5,21,1,1
3932_aug_6,21,1,1
3933,13,1,1
3933_aug_1,19,1,1
3933_aug_2,17,1,1
3933_aug_3,18,1,1
3933_aug_4,14,1,1
3933_aug_5,17,1,1
3933_aug_6,14,1,1
3935,51,1,1
3935_aug_1,52,1,1
3935_aug_2,53,1,1
3935_aug_3,54,1,1
3935_aug_4,54,1,1
3935_aug_5,51,1,1
3935_aug_6,56,1,1
3936,16,1,1
3936_aug_1,19,1,1
3936_aug_2,20,1,1
3936_aug_3,18,1,1
3936_aug_4,20,1,1
3936_aug_5,21,1,1
3936_aug_6,22,1,1
3938,14,1,1
3938_aug_1,17,1,1
3938_aug_2,15,1,1
3938_aug_3,17,1,1
3938_aug_4,16,1,1
3938_aug_5,17,1,1
3938_aug_6,20,1,1
3939,25,1,1
3939_aug_1,33,1,1
3939_aug_2,29,1,1
3939_aug_3,25,1,1
3939_aug_4,27,1,1
3939_aug_5,33,1,1
3939_aug_6,28,1,1
3941,20,1,1
3941_aug_1,24,1,1
3941_aug_2,21,1,1
3941_aug_3,23,1,1
3941_aug_4,22,1,1
3941_aug_5,23,1,1
3941_aug_6,21,1,1
3942,22,1,1
3942_aug_1,26,1,1
3942_aug_2,28,1,1
3942_aug_3,27,1,1
3942_aug_4,25,1,1
3942_aug_5,27,1,1
3942_aug_6,28,1,1
3943,19,1,1
3943_aug_1,21,1,1
3943_aug_2,21,1,1
3943_aug_3,22,1,1
3943_aug_4,21,1,1
3943_aug_5,22,1,1
3943_aug_6,24,1,1
3945,44,1,1
3945_aug_1,51,1,1
3945_aug_2,45,1,1
3945_aug_3,50,1,1
3945_aug_4,53,1,1
3945_aug_5,49,1,1
3945_aug_6,45,1,1
3946,22,1,1
3946_aug_1,27,1,1
3946_aug_2,26,1,1
3946_aug_3,26,1,1
3946_aug_4,26,1,1
3946_aug_5,28,1,1
3946_aug_6,25,1,1
3948,22,1,1
3948_aug_1,24,1,1
3948_aug_2,25,1,1
3948_aug_3,28,1,1
3948_aug_4,24,1,1
3948_aug_5,25,1,1
3948_aug_6,26,1,1
3949,36,1,1
3949_aug_1,39,1,1
3949_aug_2,40,1,1
3949_aug_3,37,1,1
3949_aug_4,36,1,1
3949_aug_5,41,1,1
3949_aug_6,39,1,1
3953,22,1,1
3953_aug_1,24,1,1
3953_aug_2,24,1,1
3953_aug_3,22,1,1
3953_aug_4,26,1,1
3953_aug_5,22,1,1
3953_aug_6,27,1,1
3954,7,1,1
3954_aug_1,7,1,1
3954_aug_2,7,1,1
3954_aug_3,7,1,1
3954_aug_4,10,1,1
3954_aug_5,11,1,1
3954_aug_6,9,1,1
3955,0,0,1
3955_aug_1,0,0,1
3955_aug_2,0,0,1
3955_aug_3,0,0,1
3955_aug_4,0,0,1
3955_aug_5,0,0,1
3955_aug_6,0,0,1
3956,17,1,1
3956_aug_1,18,1,1
3956_aug_2,19,1,1
3956_aug_3,18,1,1
3956_aug_4,19,1,1
3956_aug_5,20,1,1
3956_aug_6,17,1,1
3957,11,1,1
3957_aug_1,11,1,1
3957_aug_2,15,1,1
3957_aug_3,11,1,1
3957_aug_4,13,1,1
3957_aug_5,14,1,1
3957_aug_6,12,1,1
3958,6,1,1
3958_aug_1,8,1,1
3958_aug_2,6,1,1
3958_aug_3,6,1,1
3958_aug_4,7,1,1
3958_aug_5,6,1,1
3958_aug_6,6,1,1
3959,10,1,1
3959_aug_1,11,1,1
3959_aug_2,11,1,1
3959_aug_3,13,1,1
3959_aug_4,11,1,1
3959_aug_5,11,1,1
3959_aug_6,10,1,1
3960,27,1,1
3960_aug_1,31,1,1
3960_aug_2,35,1,1
3960_aug_3,30,1,1
3960_aug_4,30,1,1
3960_aug_5,28,1,1
3960_aug_6,29,1,1
3961,32,1,1
3961_aug_1,42,1,1
3961_aug_2,40,1,1
3961_aug_3,34,1,1
3961_aug_4,41,1,1
3961_aug_5,41,1,1
3961_aug_6,36,1,1
3962,14,1,1
3962_aug_1,20,1,1
3962_aug_2,15,1,1
3962_aug_3,21,1,1
3962_aug_4,18,1,1
3962_aug_5,15,1,1
3962_aug_6,20,1,1
3964,15,1,1
3964_aug_1,15,1,1
3964_aug_2,19,1,1
3964_aug_3,16,1,1
3964_aug_4,17,1,1
3964_aug_5,17,1,1
3964_aug_6,16,1,1
3966,52,1,1
3966_aug_1,58,1,1
3966_aug_2,64,1,1
3966_aug_3,61,1,1
3966_aug_4,61,1,1
3966_aug_5,58,1,1
3966_aug_6,65,1,1
3967,23,1,1
3967_aug_1,23,1,1
3967_aug_2,28,1,1
3967_aug_3,26,1,1
3967_aug_4,26,1,1
3967_aug_5,28,1,1
3967_aug_6,24,1,1
3971,15,1,1
3971_aug_1,23,1,1
3971_aug_2,22,1,1
3971_aug_3,20,1,1
3971_aug_4,23,1,1
3971_aug_5,25,1,1
3971_aug_6,16,1,1
3974,28,1,1
3974_aug_1,31,1,1
3974_aug_2,36,1,1
3974_aug_3,33,1,1
3974_aug_4,28,1,1
3974_aug_5,32,1,1
3974_aug_6,30,1,1
3975,16,1,1
3975_aug_1,23,1,1
3975_aug_2,22,1,1
3975_aug_3,19,1,1
3975_aug_4,19,1,1
3975_aug_5,17,1,1
3975_aug_6,24,1,1
3976,14,1,1
3976_aug_1,17,1,1
3976_aug_2,23,1,1
3976_aug_3,19,1,1
3976_aug_4,20,1,1
3976_aug_5,18,1,1
3976_aug_6,15,1,1
3977,27,1,1
3977_aug_1,33,1,1
3977_aug_2,32,1,1
3977_aug_3,28,1,1
3977_aug_4,32,1,1
3977_aug_5,28,1,1
3977_aug_6,29,1,1
3978,15,1,1
3978_aug_1,17,1,1
3978_aug_2,17,1,1
3978_aug_3,21,1,1
3978_aug_4,18,1,1
3978_aug_5,17,1,1
3978_aug_6,19,1,1
3979,22,1,1
3979_aug_1,28,1,1
3979_aug_2,26,1,1
3979_aug_3,23,1,1
3979_aug_4,25,1,1
3979_aug_5,25,1,1
3979_aug_6,27,1,1
3980,24,1,1
3980_aug_1,24,1,1
3980_aug_2,26,1,1
3980_aug_3,25,1,1
3980_aug_4,25,1,1
3980_aug_5,24,1,1
3980_aug_6,25,1,1
3981,12,1,1
3981_aug_1,14,1,1
3981_aug_2,16,1,1
3981_aug_3,17,1,1
3981_aug_4,14,1,1
3981_aug_5,16,1,1
3981_aug_6,15,1,1
3983,20,1,1
3983_aug_1,23,1,1
3983_aug_2,22,1,1
3983_aug_3,27,1,1
3983_aug_4,24,1,1
3983_aug_5,25,1,1
3983_aug_6,25,1,1
3985,21,1,1
3985_aug_1,23,1,1
3985_aug_2,25,1,1
3985_aug_3,26,1,1
3985_aug_4,26,1,1
3985_aug_5,24,1,1
3985_aug_6,25,1,1
3986,19,1,1
3986_aug_1,24,1,1
3986_aug_2,19,1,1
3986_aug_3,22,1,1
3986_aug_4,19,1,1
3986_aug_5,19,1,1
3986_aug_6,21,1,1
3987,25,1,1
3987_aug_1,27,1,1
3987_aug_2,27,1,1
3987_aug_3,28,1,1
3987_aug_4,29,1,1
3987_aug_5,28,1,1
3987_aug_6,32,1,1
3989,23,1,1
3989_aug_1,27,1,1
3989_aug_2,26,1,1
3989_aug_3,24,1,1
3989_aug_4,26,1,1
3989_aug_5,26,1,1
3989_aug_6,27,1,1
3991,7,1,1
3991_aug_1,8,1,1
3991_aug_2,7,1,1
3991_aug_3,7,1,1
3991_aug_4,8,1,1
3991_aug_5,9,1,1
3991_aug_6,7,1,1
3992,0,0,1
3992_aug_1,0,0,1
3992_aug_2,0,0,1
3992_aug_3,0,0,1
3992_aug_4,0,0,1
3992_aug_5,0,0,1
3992_aug_6,0,0,1
3993,13,1,1
3993_aug_1,14,1,1
3993_aug_2,16,1,1
3993_aug_3,15,1,1
3993_aug_4,13,1,1
3993_aug_5,13,1,1
3993_aug_6,14,1,1
3994,16,1,1
3994_aug_1,17,1,1
3994_aug_2,19,1,1
3994_aug_3,20,1,1
3994_aug_4,20,1,1
3994_aug_5,19,1,1
3994_aug_6,20,1,1
3995,43,1,1
3995_aug_1,49,1,1
3995_aug_2,47,1,1
3995_aug_3,49,1,1
3995_aug_4,46,1,1
3995_aug_5,47,1,1
3995_aug_6,49,1,1
3996,10,1,1
3996_aug_1,13,1,1
3996_aug_2,12,1,1
3996_aug_3,12,1,1
3996_aug_4,12,1,1
3996_aug_5,12,1,1
3996_aug_6,13,1,1
3997,21,1,1
3997_aug_1,21,1,1
3997_aug_2,26,1,1
3997_aug_3,23,1,1
3997_aug_4,25,1,1
3997_aug_5,25,1,1
3997_aug_6,23,1,1
3999,0,0,1
3999_aug_1,0,0,1
3999_aug_2,0,0,1
3999_aug_3,0,0,1
3999_aug_4,0,0,1
3999_aug_5,0,0,1
3999_aug_6,0,0,1
